id_persona,log_y,pred_loo,pred_cv5
4514331-1-1,14.298450926826844,14.296723139055599,14.232033153272674
4514333-1-1,14.136849849119868,14.069128864236555,14.072160580395858
4514334-1-1,13.691484701388214,13.70940171446734,13.7245100431084
4514335-1-1,13.458835614025542,13.457459527304126,13.486538398632858
4514338-1-2,14.478971492537068,14.678503191194032,14.669626399877268
4514339-1-1,13.895245525983128,14.04758062122321,13.968284293615516
4514339-1-2,14.29567079319789,14.672246586281487,14.708819695190417
4514342-1-2,13.815510557964274,13.142969674468164,13.136727575930635
4514343-1-1,13.565766324852886,13.772960593176098,13.75355061812323
4514344-1-2,12.611537753638338,13.011892086288569,13.030572032640096
4514348-1-1,13.618104195431933,13.825798023547263,13.818705541448555
4514349-1-3,13.6903253105993,14.035933861565345,14.046205287156566
4514349-1-2,13.764013756028362,13.779544054419095,13.811763387803818
4514350-1-1,13.304684934198283,13.384156050486688,13.374834266927873
4514350-1-2,13.764013756028362,14.021625773764475,14.018886833183622
4514351-1-1,14.22097566607244,13.20343541820689,13.216662535151768
4514352-1-2,12.611537753638338,12.436494811209291,12.51411579685554
4514353-1-1,11.002099841204238,13.225336236010044,13.269232062259436
4514354-1-2,14.280187525704283,13.991600510375534,14.040287667470064
4514354-1-1,13.587208332918618,14.002764834163738,13.978080537687271
4514357-1-1,13.895553304099348,13.807802564643373,13.805196884010916
4514359-1-1,15.105661035595482,14.554699313647744,14.593935396379775
4514360-1-2,14.077874822431763,13.985316058468397,13.986074825174203
4514360-1-1,14.322211662583271,14.146560712598575,14.232071122667422
4514361-1-2,13.625419320220956,13.651683603790971,13.635317957308148
4514361-1-3,13.624108346539137,13.994216965434203,13.988784878875002
4514363-2-1,13.721566226214676,13.94869550316015,13.93325113068284
4514364-1-2,13.898932166103346,13.63171128528579,13.642775428863157
4514364-1-1,14.22097566607244,13.891169487679015,13.91712207493593
4514364-1-3,13.574712071411344,13.885215564442191,13.868480191704782
4514365-1-1,14.064820756896454,14.033256200040157,14.040056453168015
4514366-1-1,12.206072645530174,11.666473703422755,11.645580187298842
4514367-1-1,13.652991628466498,13.631430884207637,13.658467168733337
4514368-1-2,14.103047619902538,13.939327757002284,13.96052023163112
4514369-1-3,14.930652148583594,14.192565660407606,14.237090319130326
4514369-1-1,14.641146885073947,14.786023742526316,14.82025132142664
4514369-1-2,14.403297222866392,13.832554600620874,13.793056508984526
4514370-2-2,12.765688433465597,12.457083708036372,12.355765113094316
4514371-1-1,13.618104195431933,13.662022381407473,13.65078472744221
4514372-1-1,13.122363377404328,13.344159789146934,13.310484508252983
4514374-1-2,14.229697519884308,13.981998701296813,14.00183631787645
4514374-1-1,13.6903253105993,13.976758343151758,13.971557120592886
4514375-1-1,14.058456736574664,13.894457781318346,13.886459638782169
4514375-1-2,14.301018373745976,13.977380342952953,14.004644706021237
4514376-1-1,13.618104195431933,13.783677456605226,13.774915186681298
4514377-1-1,13.618104195431933,13.791175623946975,13.755360622141426
4514378-1-1,13.997832114758229,13.499636906237654,13.515765015105798
4514379-1-1,14.34209535113995,13.833572184066913,13.823032195482106
4514380-1-2,14.962913010801817,14.822234034938635,14.822577236604872
4514380-1-1,14.888805038648094,15.134788307695084,15.097889407940746
4514381-1-1,13.511315561204944,13.540941344867884,13.596081987993019
4514382-1-2,13.815510557964274,13.426199488274158,13.428677653226636
4514382-1-1,11.289781913656018,12.405098877205775,12.381231931426127
4514383-1-3,13.122363377404328,13.688844913946122,13.651514721778577
4514384-1-3,12.100712129872347,11.313357408945045,11.28243378311354
4514384-1-8,13.69054090878914,13.862625053873868,13.86933413424314
4514384-1-6,13.899060952658209,13.798418088268978,13.789965041158474
4514387-1-1,15.60727002719233,14.309883174147876,14.258798088234263
4514387-1-3,13.516394448678438,13.272370680470168,13.273019943665574
4514387-2-1,13.815510557964274,14.266641422699406,14.203687139185298
4514388-1-2,13.748480067782722,14.013120558776016,14.022386224765125
4514388-1-1,13.754875541562566,14.156521572785373,14.149532947997722
4514390-1-1,16.010185665941343,15.767181538932967,15.68664600329491
4514390-1-2,15.610320951718744,15.465675270053923,15.487651554381996
4514390-1-4,14.194955645782825,14.770482848455016,14.75776844861978
4514391-1-1,13.795307850646754,13.857938612597879,13.840322714716951
4514391-1-2,14.588700484659292,14.765356832444464,14.794477058561494
4514395-1-3,13.728499203701915,13.900150233131827,13.887854725203832
4514395-1-1,13.69825400868961,14.411868086218487,14.4140605091397
4514395-1-4,13.823809340117812,13.83152302109049,13.821283779253376
4514397-1-2,13.511315561204944,14.075933232637324,14.12712864610513
4514397-1-1,15.50499114730268,15.191975449088945,15.159732858886503
4514398-1-3,13.38472764187182,14.181595991684066,14.225876569729367
4514401-1-1,13.527828485512494,13.555156445142215,13.595627172553298
4514402-1-2,11.107460317799564,13.666566229287152,13.707179148431155
4514402-1-1,13.652823379019235,13.88973820313669,13.889557851719221
4514403-1-1,13.511315561204944,13.595664229852613,13.595950272662492
4514404-1-3,11.695247021764184,12.462418419025262,12.474312528245873
4514404-1-2,14.286763406610442,14.41699994961951,14.38931998027822
4514404-1-1,13.567049198665774,13.68614816407421,13.683389682072884
4514405-1-1,14.978661367769956,13.890012503098813,13.878853234996301
4514406-1-2,12.611537753638338,12.275591614146409,12.207113822312285
4514406-1-1,13.458835614025542,12.782794140572975,12.79788796866716
4514409-1-1,13.592367006650065,13.23816250156739,13.23182989211487
4514409-1-2,13.592367006650065,13.414445381729884,13.428222471853886
4514410-1-2,14.979182091544796,14.2850125459343,14.26565619521968
4514411-1-3,13.550090422826504,13.916291071410429,13.913863595690325
4514411-1-4,13.511315561204944,13.993013070818593,13.98846804168396
4514411-1-1,13.550090422826504,14.162268237775676,14.13566830574121
4514411-1-2,13.591075000494447,13.961270164445379,13.987874346392875
4514412-1-1,14.24824925402165,14.322108414707014,14.334713683545177
4514412-1-2,13.698096579198015,13.951216399034141,13.939253719444467
4514413-1-3,13.872174405081816,14.277605423608257,14.282532751962654
4514413-1-2,12.676076274775909,13.120069780960701,13.089744135755382
4514414-1-1,14.50865773852422,13.712629858251452,13.673112067240869
4514415-1-3,14.346138809026444,13.666682692289557,13.674334335932308
4514415-1-2,13.965917058520915,14.11685738520049,14.001182169771102
4514415-1-1,12.793859310432293,13.391116414581816,13.468306716131778
4514416-1-2,13.567049198665774,13.826567499750642,13.838178351049647
4514416-1-3,13.304684934198283,12.392424898392274,12.373483648659205
4514416-1-5,13.511315561204944,13.751527316781557,13.737119174985908
4514418-1-1,13.592367006650065,13.080169411325445,13.07050260254948
4514419-1-3,13.511315561204944,13.398089711701472,13.41447130691673
4514420-1-2,14.058305058405445,13.842286218016692,13.837424149488486
4514421-1-2,14.662808382637191,14.605266131370643,14.56910058433278
4514422-1-1,14.77102200299171,14.071211071474881,14.066137345097891
4514423-1-1,13.122363377404328,12.28037865997987,12.273871042449562
4514423-1-3,13.764217263576723,13.748053018105715,13.756331763509786
4514424-1-1,14.588700484659292,14.740677703887952,14.75654532150223
4514428-1-2,14.285393320530927,14.588938838316817,14.598711408213248
4514428-1-1,13.713632859141546,14.010746795162008,14.035532128170557
4514429-1-1,13.997832114758229,13.52514293696121,13.540036819444516
4514430-1-1,15.319587954740548,14.94760035624415,14.861267335056388
4514430-1-2,15.30639013427424,14.859440009957524,14.867583265284114
4514431-1-1,13.969495545493894,14.14320586825203,14.143195028783746
4514431-1-2,13.6903253105993,13.781075346533745,13.789100423119159
4514433-1-2,12.611537753638338,12.964561160430694,12.93699219103901
4514433-1-1,14.209672019901046,14.100683684503254,14.083117175985112
4514434-1-1,14.08156540768255,14.001290599802214,13.979509217052346
4514434-2-1,13.710150042306449,13.738963224844053,13.775285951400116
4514434-4-1,14.01693188072616,13.739648849154149,13.738573218854034
4514435-1-1,13.304684934198283,13.865644814408533,13.809902248505692
4514435-1-2,13.304684934198283,13.557878336753172,13.605787002640469
4514435-1-3,13.511315561204944,13.974010466860536,14.02112292374645
4514436-1-1,13.815510557964274,14.282317485107363,14.24846523524841
4514438-1-3,14.962913010801817,14.780494656283782,14.680861849083842
4514438-1-1,13.969495545493894,14.268501705194215,14.271785772679943
4514438-1-2,14.077874822431763,13.44883147690691,13.504688052134943
4514439-1-2,13.017002861746503,12.978802422552613,13.044094043512464
4514439-1-1,13.592367006650065,13.980600758242282,13.752020649950323
4514440-1-1,13.592367006650065,13.916240097654075,13.918684535585198
4514442-1-1,14.15469812260056,14.182371113664027,14.225840702425037
4514444-1-1,12.765688433465597,13.026912724304728,12.977495082146403
4514446-1-2,14.914122846632385,13.992271270094847,14.065390372652757
4514446-1-1,15.201804919084164,13.983433415834426,13.958895022482436
4514447-1-1,14.038654109278484,13.973801359006057,14.006298695257332
4514448-1-3,13.618104195431933,13.785569474931522,13.726642118370552
4514449-1-5,14.99416555430592,14.439817936494261,14.431281821005928
4514450-1-3,14.041849000175002,13.845225685679768,13.8419302458137
4514450-1-4,14.139866834735423,13.772277482395104,13.790689298440176
4514450-1-5,13.122363377404328,12.988157450812198,12.896603692249384
4514450-1-8,13.592367006650065,13.191819419201275,13.171729460778897
4514450-1-7,13.80680622241146,14.006125080311255,13.989471995158386
4514451-1-3,12.611537753638338,13.19089356086727,13.391593141342126
4514452-1-1,15.892970950964408,14.43792146622525,14.414977999806808
4514452-1-2,13.787516543927836,14.31730768811561,14.296885158353211
4514453-1-2,16.300417207752275,16.321820532713534,16.27838078930011
4514453-1-3,14.73180128983843,14.259310631873788,14.291335898837628
4514454-1-3,14.802570329670734,14.726434181523686,14.712713646729886
4514454-1-2,14.914122846632385,14.08685250397995,14.225614426620574
4514454-1-1,14.914122846632385,14.783597959466615,14.626074253780901
4514454-1-4,14.299992232058012,14.324911732462251,14.327972662650717
4514455-1-2,13.304684934198283,13.036432385988979,13.012982527888708
4514456-1-3,14.077874822431763,14.488515864553799,14.439394166994779
4514456-1-2,13.017002861746503,13.089217844412843,13.113335010245596
4514456-1-1,13.710150042306449,13.450181682440844,13.494407261749087
4514457-1-2,14.253765488895429,14.769268430004411,14.69508903859583
4514458-1-1,13.304684934198283,13.820535748125176,13.81131741454038
4514459-1-1,15.031905882288768,14.414533429393762,14.454002591262288
4514460-1-1,12.89921982609012,13.094550289117,13.055846342721765
4514460-1-2,13.691484701388214,13.928976475315203,13.908514189676895
4514461-1-2,13.304684934198283,13.535227042519832,13.55709711206431
4514461-1-1,13.592367006650065,13.609601409777076,13.642854114574325
4514462-1-2,12.793859310432293,12.972031713553386,12.952064844830534
4514463-1-1,14.79157849387429,14.56276581780559,14.594089400606823
4514465-1-2,11.918390573078392,12.951900409866138,12.967680837898497
4514466-1-1,14.22097566607244,13.605487671861537,13.66622333458149
4514467-1-1,13.568330428821824,13.926680545487024,13.952280643997895
4514468-1-1,13.728499203701915,14.034911717834735,14.030220275504886
4514469-1-1,14.22097566607244,14.078653179485828,14.076847348557397
4514470-1-1,15.48085610233667,15.471374197693875,15.402472732716161
4514471-1-3,13.122363377404328,13.4969008980117,13.50672574744501
4514471-1-1,14.077874822431763,13.371835041827403,13.40713334679135
4514471-1-2,12.611537753638338,12.219375678241576,12.248158597785942
4514472-1-1,16.70588231586044,15.295318416636768,15.334338055985599
4514472-1-2,14.22097566607244,14.195461464093007,14.25784316063226
4514474-1-3,13.618104195431933,14.00674337887691,13.987584201322896
4514474-1-2,11.918390573078392,12.926551437661876,12.934556705130744
4514475-1-1,13.618104195431933,13.726716452163801,13.7765052028844
4514476-1-1,13.592367006650065,13.554348415059094,13.570367692621641
4514476-1-2,13.667424617040345,13.413065834876027,13.349994093480321
4514477-1-2,13.652823379019235,13.661858512013119,13.682259484159621
4514477-1-1,14.01965343433254,14.149034714207401,14.172735113880861
4514478-1-1,11.407564949312402,12.93200672478163,12.933126772551931
4514479-1-1,12.429216196844385,13.510732918533261,13.496968517476063
4514480-1-1,14.077874822431763,14.283658948647233,14.266457205106114
4514480-1-2,13.592367006650065,13.40449284288505,13.39263937588411
4514481-1-1,13.633188976170318,13.947699155819617,13.9479537075654
4514483-1-1,13.304684934198283,13.002580628752119,13.042207240446341
4514483-1-2,13.652991628466498,13.321646470124618,13.3481407335551
4514484-1-3,13.790192749979983,14.017463949150304,14.019653070179693
4514485-1-3,13.653019495725262,13.897066418596971,13.885384338860101
4514485-1-2,13.458835614025542,13.801469136439318,13.786897463135546
4514488-1-1,13.618104195431933,14.058177164259451,14.073371486902111
4514489-1-1,13.899060952658209,14.402099664211638,14.407132516057976
4514489-1-2,13.840827365948064,13.829705051873873,13.75696342365553
4514490-1-1,14.051899303133768,14.352813390044805,14.374084218650978
4514490-1-2,13.939761520302133,14.154855037937601,14.146945148662319
4514491-1-1,13.672436997605256,13.901848881779832,13.897149239624744
4514491-1-2,13.755077730254174,13.941033012946138,13.901813581017068
4514492-1-1,13.592367006650065,13.781856208075931,13.789037308022507
4514494-1-6,13.710150042306449,13.435160648198666,13.376447631181744
4514494-1-1,13.722664121899305,13.847869877369233,13.857064612737236
4514494-1-7,13.710150042306449,13.697718022857172,13.652771718670708
4514494-1-5,14.090467033634994,13.87340803681246,13.941221401708267
4514496-1-1,14.845129975145433,14.558024205694883,14.481129402545191
4514497-1-2,13.122363377404328,13.242928104661816,13.27616392926984
4514497-1-1,13.592367006650065,13.615003422917747,13.60175342197289
4514498-1-1,13.815510557964274,13.707887990188103,13.707707502238028
4514499-1-1,13.122363377404328,12.774024673968487,12.773121871013954
4514500-1-1,13.906895087932792,13.467678889189509,13.510964488133682
4514500-1-2,11.982929094215963,12.628813866744169,12.603926388642288
4514501-1-1,13.969495545493894,13.856885160315576,13.888822011228655
4514501-1-2,13.53365638692338,13.957254019230144,13.956289710030045
4514502-1-1,13.733060037167228,14.162469957147682,14.130774866370857
4514503-1-1,13.122363377404328,12.620065850667975,12.619467799824353
4514507-1-1,13.511315561204944,13.923755546246449,13.827656129287458
4514511-1-1,13.6903253105993,13.622608288205852,13.65463119494102
4514512-1-1,13.815510557964274,14.15205744253024,14.146032239959407
4514512-1-3,12.611537753638338,13.252933058660595,13.233130935204368
4514512-1-2,12.388394202324127,12.821977789315627,12.799391360590569
4514514-1-2,13.893264802949554,13.70977001351369,13.696381390327025
4514514-1-1,14.054789923987675,14.379765360871843,14.339868374241002
4514515-1-1,13.592367006650065,13.774451551072795,13.759767093441113
4514516-1-2,14.938815459222756,14.725016475045337,14.783885902951454
4514518-1-1,14.367750640708786,14.230130868177326,14.231702086266713
4514518-1-3,13.969495545493894,13.98753997337353,14.01788420802575
4514519-1-1,13.663749364788574,14.316140465481993,14.330187202546886
4514520-1-1,13.722664121899305,13.841752805766665,13.851217841569708
4514521-1-3,13.592367006650065,13.64504885647898,13.65085633267552
4514538-1-2,14.181079284706792,14.166131110205074,14.247246530846969
4514538-1-1,13.6903253105993,13.740722425530826,13.72905327998658
4514542-1-4,14.588700484659292,14.667471517361234,14.677835191852125
4514542-1-3,15.341566861459324,15.206415391360805,15.14799275801037
4514549-1-1,13.592367006650065,13.48766139837754,13.46811726398642
4514565-1-1,13.399995114002609,14.10588420703642,14.13896900866934
4521221-1-1,16.11809565095832,15.594572615061962,15.60051973088524
4521222-1-2,13.304684934198283,13.715923306476714,13.746289594400048
4521223-1-1,16.588099280204055,15.586799245078401,15.549453363110258
4521223-1-2,15.984564258333798,15.456042329282802,15.460035692175458
4521225-1-3,15.068273526459642,14.55725113727698,14.543387636131524
4521226-1-2,14.587006704935195,14.282656623628462,14.279243137919766
4521228-1-1,13.710150042306449,13.100746724183347,13.155421633137989
4521229-1-1,14.603967918328545,14.289433764251612,14.277698683466554
4521229-1-3,14.139866834735423,14.501004268641577,14.532393709447646
4521231-1-1,13.511315561204944,14.029185569744065,14.03693914696223
4521231-1-3,13.955272500339431,14.03380156274923,14.037474276069034
4521232-1-2,13.710150042306449,14.330724709381371,14.256697109488162
4521232-1-3,13.928839243271277,13.922215395830756,13.919291360564038
4521233-1-2,14.811843966742734,14.673832269921572,14.670962024259323
4521234-1-1,13.6903253105993,14.240709117729825,14.245700125432764
4521234-1-3,13.969495545493894,14.483708534663947,14.442132913304327
4521236-1-1,15.687312734865866,15.22706544263534,15.156670817977574
4521237-1-1,13.597831657585006,13.785984828241485,13.787125050104278
4521237-1-2,13.895553304099348,14.481115129712503,14.478316386052962
4521239-1-1,14.003999411990868,14.122346494582782,14.14385124179456
4521239-1-2,13.417080613706185,13.178277134958082,13.192329395251884
4521242-1-1,13.304684934198283,13.199569543726238,13.224364511350178
4521243-1-1,13.732128949025222,13.65317839269358,13.616103071208455
4521243-1-2,13.6903253105993,13.802769325685265,13.78610967811355
4521245-1-1,12.611537753638338,13.150285431019725,13.126356735122826
4521245-1-2,12.89921982609012,13.25466084375218,13.255210280957055
4521246-1-1,13.710150042306449,13.643770211072548,13.620589988499264
4521246-1-2,12.206072645530174,13.173489739241228,13.222268475633312
4521246-1-3,13.122363377404328,13.176344077088775,13.219538539516181
4521246-1-4,13.815510557964274,13.610415173670868,13.644287882665724
4521247-1-1,13.815510557964274,13.528235179939598,13.499645943529417
4521248-1-1,15.761420707019589,15.124212518147726,15.08871663021834
4521248-1-2,16.032900877490366,14.908179692013798,14.873936310149757
4521248-1-4,13.790192749979983,13.927998781819245,13.92131583170486
4521250-1-1,13.997832114758229,13.957100378194191,13.904804625985346
4521250-1-2,14.195657858088149,13.744193890513097,13.70502931386818
4521252-1-1,14.861307868755748,14.760330128644236,14.750108302845442
4521252-1-2,14.06158908056098,14.524501339707726,14.496285074610467
4521253-1-1,13.458835614025542,13.056242464523324,13.070743693579127
4521253-1-3,14.253640723047978,13.38895979490471,13.42009687740193
4521253-1-4,13.9108207377686,13.938744782086799,13.920481133840168
4521254-1-1,13.081541382884074,12.884855721036878,12.867407897202803
4521254-1-5,13.017002861746503,13.216005430080363,13.23945073713408
4521255-1-2,13.19188944005294,12.667580598354517,12.626593198640338
4521255-1-3,13.723969323005967,13.859296880997038,13.863648828092446
4521255-1-4,13.69054090878914,13.54610994502791,13.580226540178492
4521256-1-1,14.034223006426735,14.060657127623717,14.039993656268347
4521256-1-2,13.458835614025542,13.293889968457057,13.282877580571872
4521257-1-1,16.118928603956633,15.116344287286466,15.131944423441716
4521257-1-3,14.28551418721001,14.13665557596433,14.15805015174773
4521258-1-2,15.86792340585208,15.161655005092324,15.102737388684877
4521259-1-1,14.403297222866392,13.708474634887041,13.640918853026484
4521259-1-2,14.31810237680316,15.344691615811811,15.29740344084864
4521261-1-1,13.546825150853673,14.31219631902567,14.305395349447627
4521264-1-1,14.077874822431763,13.739361810458536,13.794414807459722
4521264-1-2,13.815510557964274,13.37684091406542,13.384814238041937
4521264-1-3,13.592367006650065,13.905925969348413,13.878369538270064
4521264-1-4,13.997832114758229,13.934297801057173,13.945935995721602
4521264-1-5,13.997832114758229,13.23039719149039,13.218679587926742
4521265-1-1,13.69054090878914,13.82034909901048,13.808095327818677
4521266-1-1,15.319587954740548,14.737990159085223,14.720718910192067
4521266-1-2,15.89495209964411,14.856319814045879,14.817050843063734
4521267-1-1,14.077874822431763,14.15996395183231,14.13064178275494
4521268-1-1,15.424948470398377,14.885065215779475,14.879847936052402
4521268-1-2,14.99416555430592,14.5681459973342,14.570236123049966
4521269-1-1,14.92517265534644,14.851313425071819,14.835198029087632
4521269-1-2,14.92517265534644,14.733624479332386,14.790302203669736
4521270-1-1,13.710150042306449,13.496646422500543,13.494808725706909
4521270-1-2,12.611537753638338,12.180947088913063,12.211325756638066
4521271-1-2,13.864300722133706,13.950531593398992,14.00577050055334
4521271-1-3,10.778956289890028,13.007691077274263,13.055720426252423
4521272-1-1,14.28551418721001,14.29753889802021,14.262474487431788
4521272-1-3,14.103047619902538,13.97955054497953,13.983289144104445
4521274-1-2,12.89921982609012,14.28170547316754,14.330642945672047
4521275-1-1,13.661418886812635,13.86152232522522,13.879572343653537
4521275-2-1,13.511315561204944,13.853796301158559,13.911064455476824
4521276-1-3,15.201804919084164,13.499412415373836,13.495975779327484
4521276-1-4,13.628237161021978,14.038797672956488,13.996641608835377
4521277-1-4,14.50865773852422,13.521885484267575,13.547964951715036
4521278-1-1,15.095193621524686,14.965343240056075,14.943672609037181
4521278-1-2,14.346138809026444,13.984569149676787,13.964214672505298
4521279-1-1,13.60787119318603,13.924676057920228,13.937521537807992
4521281-1-1,13.997832114758229,13.988835298282819,14.009659779921462
4521281-1-2,13.592367006650065,13.905381207276612,13.915609250749352
4521281-1-4,12.611537753638338,12.853051578506758,12.787647554940138
4521283-1-2,14.346138809026444,14.174837100478715,14.233547167212745
4521283-1-3,13.618104195431933,14.358664137080925,14.370801221404886
4521283-1-5,13.122363377404328,13.968990056688533,13.932460419180577
4521284-1-1,13.838386887965246,14.017890179916098,14.012985424668964
4521284-1-2,14.403297222866392,13.479929289550366,13.491695293462755
4521287-1-1,13.527828485512494,13.39585898510369,13.389018144289041
4521288-1-1,13.710150042306449,12.806986204736102,12.790309628055565
4521288-1-2,14.811843966742734,14.381768876159185,14.405234117787835
4521289-1-2,14.187074114396758,14.347030368496492,14.320358287243023
4521291-1-3,15.182664593667669,15.463540097074208,15.457458689478424
4521292-1-4,14.914122846632385,14.38469814184632,14.362181173945391
4521292-1-5,14.22097566607244,14.229051946018373,14.19933959082965
4521292-1-7,13.511315561204944,13.626681757808276,13.652432486341327
4521293-1-2,13.596284323934109,13.404104854425658,13.395132752645775
4521294-1-1,15.89495209964411,15.646012228356003,15.631826644175009
4521294-1-2,14.888805038648094,15.16555270817891,15.132806015814161
4521296-1-3,13.815510557964274,12.976484336465116,13.056770036716141
4521297-1-1,10.596634733096073,12.452501001850292,12.442759120529809
4521297-1-2,11.877568578558138,12.301417422833621,12.292567382626318
4521297-1-3,12.994530005894443,11.719730412943253,11.715958797323962
4521298-1-1,14.73180128983843,13.665493439671156,13.609760214752916
4521298-1-3,14.983856210553794,14.872000359934578,14.902013681095362
4521300-1-1,13.815510557964274,13.566621416850097,13.575082737052236
4521300-1-2,13.618104195431933,13.468792771175307,13.429119629753048
4521301-1-1,11.002099841204238,13.039349992499186,13.017759086015815
4521301-1-2,13.618104195431933,13.823408823456553,13.854698100640187
4521301-1-4,11.002099841204238,12.88837303845398,12.919077168580039
4521302-1-1,13.815510557964274,13.918246676921715,13.882303120924174
4521303-1-2,12.611537753638338,12.565773316183721,12.623376641074406
4521304-1-1,13.997832114758229,12.98768554702392,12.969428682210866
4521307-1-1,13.592367006650065,13.31827585722044,13.299057617125422
4521307-1-2,13.592367006650065,13.830243329309331,13.802197901689054
4521307-1-3,13.511315561204944,13.681854130667594,13.663557949335875
4521308-1-2,13.592638219868434,13.658501120468284,13.640613361197202
4521309-1-1,13.997832114758229,14.032396266203156,14.033992723144191
4521310-1-2,13.618104195431933,13.651270631216759,13.671410657050403
4521311-1-2,13.6903253105993,13.821437074742269,13.829304757270618
4521312-1-1,13.304684934198283,13.724131616805066,13.726046582570401
4521312-1-2,13.122363377404328,13.55234194818853,13.550818548801763
4521312-1-5,13.38472764187182,13.569902716701367,13.549438449596144
4521313-1-1,13.499429010990797,13.68940312010056,13.738113089183928
4521314-1-1,13.710150042306449,12.848564197456511,12.816360232702467
4521315-1-1,13.983682479153789,14.048008445461724,14.031576092987766
4521315-1-3,13.618104195431933,13.838526745222726,13.830548199804014
4521316-1-2,13.921796645148593,13.825992115784485,13.844501635746294
4521317-1-2,14.73180128983843,13.78281910486081,13.727631011905775
4521317-1-3,14.151982794585487,14.33403344471045,14.35961132908825
4521319-1-1,12.765688433465597,13.297049361798937,13.304846253169963
4521320-1-1,13.304684934198283,13.081533555188445,13.122759721121685
4521321-1-1,13.815510557964274,14.361840431052736,14.355639649077675
4521321-1-2,13.565766324852886,13.647494675290456,13.625966675259933
4521322-1-1,13.487006490992238,13.656745897755682,13.67811397098037
4521323-1-3,12.89921982609012,12.84981548010842,12.855712598331362
4521324-1-1,13.618104195431933,13.708461936726044,13.694620161623524
4521325-1-1,14.560525661531116,14.178682550256035,14.210977405900785
4521325-1-2,13.6261930112013,13.979503607922357,14.001349878080603
4521326-1-1,14.134066102081508,14.06606883611143,14.069247724184795
4521326-1-2,13.081541382884074,13.141750021655476,13.094179397100476
4521327-1-1,13.6903253105993,14.429304455901626,14.35327493655759
4521327-1-2,14.849584325494812,14.752476646673829,14.741293328452256
4521328-1-1,14.792331789578462,14.589656949800123,14.612176322254973
4521328-1-2,14.50865773852422,13.886800237867183,13.88758486444929
4521330-1-1,14.50865773852422,13.570337364154634,13.564309769884002
4521330-1-2,13.217673557208654,13.291106049977698,13.312621568911354
4521331-1-1,12.611537753638338,12.864723149454187,12.865817665933928
4521331-1-2,13.511315561204944,13.258129670240502,13.261319742448705
4521332-1-1,13.511315561204944,13.61314917026589,13.58474059305759
4521332-1-2,13.592367006650065,13.247268599841188,13.270226052951658
4521334-1-2,13.511315561204944,13.992340754959347,14.011912979116095
4521335-1-1,14.914122846632385,14.248958248481419,14.015827912624333
4521335-1-2,12.765688433465597,13.134222715914838,13.109708688130727
4521336-1-1,14.350915617184638,13.821017100171138,13.833406745094168
4521336-1-3,13.592367006650065,13.377898455314568,13.367673647664644
4521337-1-1,14.50865773852422,13.858350385641756,13.833540549212348
4521337-1-2,13.584062226603963,13.94652448034802,13.925778447698024
4521338-1-1,13.38472764187182,13.48900581738043,13.49604251498338
4521338-1-2,14.50865773852422,13.425579537091409,13.364860238802711
4521339-1-1,14.50865773852422,13.81726582546402,13.762849475611876
4521340-1-1,13.687514673249831,13.898384885248047,13.914672133563403
4521340-1-2,13.592367006650065,13.871774622457407,13.878519103793401
4521342-1-1,13.77753866471072,14.144365059410422,14.097867736557555
4521342-1-2,13.997832114758229,12.974635909199023,12.981500225202835
4521343-1-1,13.592367006650065,13.578349518770558,13.55551256023044
4521343-1-2,13.819475997705227,13.879506981667417,13.886977077993564
4521343-2-3,13.527828485512494,13.010387243734076,12.966480768147251
4521343-2-4,13.458835614025542,13.609591973625255,13.591264360540446
4521343-2-6,10.819778284410283,11.653645082457734,11.67780761912903
4521344-1-1,13.458835614025542,13.334813966555577,13.351652552453936
4521344-1-2,11.982929094215963,12.386209270373008,12.40213357961675
4521345-1-1,13.458835614025542,12.976779542348654,12.99735673270545
4521345-1-2,13.304684934198283,13.492149201536693,13.52899895899143
4521346-1-1,13.592367006650065,13.68035497847852,13.753004677756408
4521346-1-2,12.206072645530174,13.280243648752585,13.159787203976151
4521347-1-1,13.458835614025542,13.45702387666966,13.478316606620215
4521347-1-2,13.458835614025542,13.570454081904504,13.735289578321325
4521347-1-3,13.6903253105993,14.43554281779098,14.405196129051431
4521348-1-1,13.592367006650065,13.610854009299693,13.618409221066791
4521351-1-1,14.4529688106372,14.68318825796064,14.696962207264974
4521351-1-2,13.969495545493894,14.661204502074831,14.660833098833821
4521352-1-1,14.804357551569137,14.511984897217861,14.535301445571209
4521353-1-1,13.710150042306449,13.410662004182537,13.389223197905551
4521353-1-4,13.710150042306449,13.434720171020246,13.467897871938126
4521353-1-5,13.710150042306449,13.207907392314233,13.11996164639284
4521357-1-1,12.611537753638338,13.272207412144116,13.264701771620102
4521358-1-1,13.710150042306449,13.956835979494667,13.964939957645223
4521358-1-2,13.710150042306449,13.104695200491188,13.086772035766108
4521361-1-1,14.22097566607244,13.415812294046628,13.459436204581937
4521361-1-2,13.122363377404328,13.442540084880703,13.471004595178504
4521362-1-1,12.89921982609012,13.025013584622796,12.960790140932872
4521363-1-1,12.676076274775909,13.095883540503838,13.12186196360962
4521363-1-2,13.710150042306449,13.55731458520693,13.546614043717394
4521364-1-1,12.611537753638338,13.681077675725053,13.715446044470774
4521367-1-1,13.997832114758229,13.72157915246365,13.736269038879787
4521367-1-2,14.151982794585487,13.680921605024968,13.624867151138957
4521367-1-3,12.965709567358951,12.576484403492902,12.491073171770529
4521367-1-5,14.077874822431763,13.853923042317193,13.802986174181944
4521369-1-1,13.592367006650065,13.57004797670957,13.579890648688952
4521373-1-1,14.070002862000488,14.261722446158577,14.223203744042609
4521373-1-2,13.69054090878914,13.728588953294368,13.768522616490152
4521374-1-1,16.454567887579532,15.636554368672886,15.567206842685149
4521374-1-2,14.914122846632385,15.107176968671936,15.207039997070975
4521375-1-1,14.790070197962406,15.805683654157816,15.736486799255795
4521377-1-1,13.723969323005967,13.6342623859727,13.644564296430639
4521382-1-1,13.9108207377686,13.042014846466305,13.02381487458578
4521382-1-2,13.77753866471072,13.882829777857328,13.86825855678984
4521384-1-1,13.691484701388214,13.835468455138372,13.81879388601573
4521390-1-1,13.081541382884074,12.665904455098337,12.678970341883096
4521391-1-2,13.6903253105993,13.81083836655876,13.779467773659562
4521392-1-1,13.722664121899305,14.061491243839132,14.037704676014377
4521392-1-2,13.235692062711331,13.405022793294588,13.427614046468081
4521393-1-1,13.815510557964274,13.367322666493001,13.328433854274206
4521393-1-2,13.458835614025542,12.989454406474255,13.012904175836548
4521395-1-3,14.253640723047978,14.241263350067706,14.250426596905678
4521395-1-4,15.687312734865866,14.865578883971935,14.816352736708092
4521395-1-5,14.253765488895429,14.44371090819513,14.442028342426633
4521396-1-3,14.780591454007862,14.783456828302887,14.81544771436693
4521396-1-4,14.637490610367188,14.665970564961237,14.62865149211301
4521397-1-1,13.883792026464116,14.612636551620113,14.59734119448439
4521398-1-2,13.71920923088573,13.481079889107884,13.479644496752464
4521398-1-3,13.648105593568197,13.385766902552685,13.36364023441989
4521399-1-1,13.592367006650065,13.603020994415406,13.630178716056944
4521399-1-2,13.845069360205818,14.302987284305551,14.266023700482117
4521399-1-4,10.596634733096073,11.55494637526832,11.638255877156585
4521403-1-1,13.592367006650065,13.722629855393327,13.688281613702465
4521403-1-2,13.710150042306449,13.503589250507307,13.466429807259837
4521404-1-4,14.22097566607244,14.252376889124667,14.20113450020333
4521404-1-5,12.611537753638338,13.196430430629311,13.178690425174663
4521404-1-7,13.592367006650065,13.613682606281452,13.63713322394829
4521407-1-1,11.512925464970229,11.801090166857524,11.71937580141793
4521407-1-2,13.815510557964274,13.582742752806531,13.595324182641415
4521407-1-4,13.815510557964274,13.052079812984463,13.147516818233983
4521408-1-1,14.421646384261862,14.318594164280782,14.30074229586792
4521408-1-2,14.212477407951187,14.378907902180432,14.396122340410415
4521408-1-3,14.02168972435907,13.885162283332743,13.848493187807298
4521408-1-4,13.618104195431933,13.746465899099672,13.73015126241041
4521409-1-1,13.710150042306449,13.929420839034812,13.84152788977567
4521411-1-1,14.341224769593474,14.24103065489771,14.230541350545208
4521411-1-2,13.969661202077246,13.865060449782208,13.82109737023029
4521412-1-1,15.201804919084164,15.5146843719424,15.533013258287912
4521413-1-1,14.914122846632385,14.452244232404567,14.415336157948508
4521413-1-2,16.462866643168724,14.721192740854837,14.847673328670995
4521413-1-3,13.651088274118653,14.425398787421788,14.355218660803203
4521413-1-4,14.21529288293694,14.875688889258928,14.876619255551443
4521414-1-1,13.122363377404328,13.20498429536513,13.259673453312411
4521415-1-1,13.304684934198283,12.383047193611498,12.426520916489794
4521416-1-1,15.201804919084164,14.127362277228425,14.10952473256049
4521416-1-2,14.018021411569162,14.195554701285673,14.183045246381957
4521417-1-1,14.50865773852422,14.162277894602061,14.171286933937736
4521417-1-2,14.673383730666432,14.148363581094896,14.10326754408201
4521418-1-1,13.304684934198283,13.494737851829962,13.505715676822556
4521421-1-1,13.87202320778796,13.929918009177646,13.942641198921214
4521421-1-2,13.9108207377686,13.646053584165626,13.611456438447531
4521422-1-1,12.206072645530174,13.681498128035967,13.634789681997903
4521422-1-2,13.718265288330722,14.068363625681291,14.080210813584284
4521423-1-1,13.652823379019235,13.894911665025585,13.909564423213096
4521423-1-2,13.122363377404328,14.004927824496127,13.86016479386416
4521424-1-1,13.895553304099348,13.75167606677127,13.763291896117376
4521425-1-1,14.103192661666055,13.739334147515825,13.776275663320757
4521427-1-1,13.592367006650065,13.67983457302834,13.681701662213177
4521427-1-2,13.785051350479566,14.015838738622612,14.038931504449836
4521427-1-3,13.592367006650065,13.400185587154015,13.425402609166648
4521428-1-1,13.592367006650065,14.08043021694326,14.170431325742435
4521428-1-2,14.99416555430592,14.55285374256142,14.556744360390717
4521429-1-1,13.969495545493894,14.007247992158929,14.002300620624398
4521429-1-2,12.89921982609012,13.2411293705223,13.285050315644355
4521432-1-1,13.458835614025542,13.534380191417595,13.545345733965082
4521433-1-1,14.50865773852422,13.92412248726017,13.914180620282954
4521436-1-1,14.648419680899378,14.04477507001937,14.038135985639812
4521437-1-1,13.6903253105993,14.021732728473996,14.048601229708993
4521437-1-2,13.511315561204944,13.790393494830369,13.792073369128314
4521438-1-1,14.694445468692583,14.564012074858399,14.530825296772875
4521438-1-2,14.53740717205312,14.709672800261579,14.707507348471431
4521439-1-1,12.706847933442663,12.251830299518563,12.263205306817394
4521449-1-2,13.592367006650065,13.776113980645828,13.737531523930747
4521449-1-3,13.798506810148089,14.146837058501022,14.17086457464102
4521449-1-4,13.691484701388214,13.956079503957719,13.964609987296962
4521452-1-1,13.592367006650065,13.598474331383288,13.565650642677948
4521452-1-3,13.511315561204944,13.422201635683136,13.352668238517575
4521453-1-1,13.618104195431933,13.479184423963346,13.524525173824324
4521456-1-2,13.823286930947836,14.115203913762421,14.090356022553024
4521456-1-6,12.254862809699606,12.736667559696816,12.747749071273295
4521473-1-1,13.41225301139811,13.506854589354548,13.527325013445287
4521473-1-2,13.6903253105993,13.825418388140495,13.831399475135838
4524061-1-1,14.090613911500332,14.665277827594776,14.632887377441259
4524061-1-2,14.68917203821241,14.016773200020195,14.025470857305763
4524062-1-1,13.843910132735967,13.948135971324668,13.95344304938418
4524971-1-1,13.458835614025542,13.31703880201909,13.286395934535133
4524972-1-2,12.89921982609012,12.421285326208631,12.440394922609723
4524972-1-1,13.591358294946431,14.119773590154056,14.125679681021689
4524973-1-3,10.819778284410283,12.058804472270415,12.067558933246856
4524973-1-2,12.388394202324127,12.198180590623172,12.190543418980363
4524974-1-1,14.954944841152638,14.716785319624268,14.719454062585129
4524975-1-1,12.89921982609012,13.440792003453783,13.406817073665726
4524976-1-1,13.815510557964274,13.691089646526295,13.72334646797077
4524978-1-1,13.592638219868434,13.675764045536402,13.68187307158236
4524978-1-3,12.206072645530174,13.243021340768998,13.253887790733229
4524980-1-1,13.815510557964274,14.01280189935661,14.055400653907876
4524981-1-1,13.975600458508389,13.993349565962701,13.966887303414172
4524982-1-2,13.458835614025542,13.404603439681205,13.361386583886137
4524982-1-1,13.819475997705227,13.839995989573984,13.93221622200999
4524983-1-7,12.611537753638338,12.98370111430392,12.968116068998626
4524983-1-5,11.512925464970229,12.221454942425828,12.108186618048633
4524985-1-1,13.834332312204864,14.02218085714866,14.04413023323025
4526751-1-2,13.122363377404328,13.491252653126894,13.540035855706416
4526753-1-1,14.403297222866392,14.71290993911163,14.69960734191076
4526753-1-2,15.230554352613066,14.78223077992468,14.864730974385784
4526754-1-3,13.592367006650065,13.082405865471035,13.041642586955646
4526754-1-2,14.412407473227963,14.643199319647914,14.615192408975348
4526755-1-2,12.84792653170257,13.760190625185345,13.762631964997377
4526758-1-2,13.617230336374751,13.84015754157378,13.85365512555139
4526758-1-1,14.232025474786496,13.954148424668556,13.93000808579355
4526759-1-1,16.38045991542581,15.475376800827984,15.536206045229235
4526759-1-2,13.710150042306449,14.377476578505041,14.300443676820692
4526760-1-1,13.6903253105993,13.75072796486849,13.762183675695843
4526760-1-2,13.815510557964274,13.442812513951472,13.49691522798967
4526761-1-1,13.72899762491264,13.912105035229587,13.922945696321962
4526762-1-1,13.017002861746503,13.52652950478825,13.484108292575234
4526763-1-1,13.722664121899305,13.979093316067951,13.957913546856838
4526763-2-1,10.596634733096073,12.0272561038594,11.99935000630955
4526766-1-1,15.089475734110245,15.054228998246073,15.08219248102921
4526767-1-2,13.38472764187182,12.909334322561454,12.868778300424793
4526769-1-2,13.761607215626224,13.959779524288066,13.99320487020097
4526769-1-1,13.688650576193211,14.010687742555595,14.019964483270764
4526770-1-1,13.87202320778796,14.158109148342634,14.177783249726748
4526772-1-2,13.538878294226553,12.973750984164383,13.008499474206745
4526772-1-1,13.62820874525774,13.984435219612207,13.944999941332792
4526773-1-1,14.888805038648094,14.599214795871303,14.61276374733437
4526773-1-2,15.184997843140664,14.526343125161823,14.489157087246166
4526774-1-2,14.914122846632385,14.81052623661238,14.93837993391869
4526775-1-1,14.22097566607244,14.171866190695722,14.117551527948605
4526775-1-2,13.997832114758229,14.014266301193752,14.030433417381918
4526776-1-1,15.541248896420944,15.164844377946132,15.170888942367396
4526778-1-4,13.710150042306449,13.441380874945853,13.417153297078242
4526779-1-2,15.319587954740548,15.142823504332407,15.137742245209877
4526779-1-3,14.914122846632385,14.61843202325828,14.591400281578121
4526780-1-2,14.914122846632385,14.628988357440374,14.620288582943777
4526781-1-1,14.77102200299171,14.352790578265804,14.41538029988189
4526782-1-1,13.511315561204944,14.007748963731435,13.991537900309837
4526783-1-3,14.077874822431763,14.131309097016244,14.14968422006884
4526784-1-2,11.512925464970229,12.694223280533523,12.654464611385778
4526784-1-1,13.608138234450417,14.205900023246008,14.217894288744402
4526785-1-1,14.117938375561897,14.16932390557057,14.1581902774487
4526785-1-3,13.573438996764546,13.405409547491063,13.39047126915383
4526785-1-4,13.922066358983848,13.869141402978634,13.856271420286818
4526785-1-5,13.969495545493894,13.839900185342659,13.819130815603232
4526786-1-3,13.792129335126363,14.001014733151779,13.968780238821966
4526786-1-2,13.764013756028362,14.264871715485143,14.236066532181502
4526787-1-2,12.765688433465597,12.630042503419698,12.653837844718812
4526788-1-1,15.716815299529094,15.12968247392236,15.064441674199074
4526788-1-2,14.572101911080754,14.171733472925567,14.100861515206859
4526788-1-3,14.0225247273486,14.047517621310686,14.069310717947813
4526789-1-1,13.592367006650065,13.04865012783998,13.067711808859931
4526790-1-1,14.251353954449952,14.092607024214248,14.10487379470054
4526790-1-2,13.815510557964274,13.101961796658106,13.10633659987901
4526791-1-1,13.592638219868434,14.178913199308274,14.171211916160678
4526792-1-2,12.89921982609012,13.18977786486546,13.154287474331738
4526792-1-5,13.6903253105993,13.696731608373215,13.743951077887836
4526792-1-1,14.018021411569162,14.113420691646317,14.110701421908061
4526793-1-1,14.914122846632385,14.304627561613183,14.270582467427246
4526794-1-3,14.301018373745976,14.195671865694418,14.195750086440047
4526795-1-2,13.511315561204944,13.638117953413234,13.648019768477823
4526795-1-1,13.53365638692338,13.978092645870628,14.00134522074521
4526796-1-1,14.223510284544798,14.440198028000493,14.369985784431508
4526797-1-1,13.997832114758229,14.398964327928933,14.44602173666509
4526798-1-3,14.064820756896454,14.430293432070416,14.440173509385058
4526798-1-5,13.6903253105993,13.687601856772314,13.740317877080784
4526800-1-1,13.815510557964274,13.70095668493694,13.692099350324147
4526800-1-2,13.997832114758229,13.59832084591776,13.629245511443626
4526801-1-1,13.994052794616202,14.105988433973982,14.152700846547308
4526801-1-5,13.618104195431933,13.702696234892974,13.693102344712624
4526803-1-2,12.89921982609012,13.456339973048191,13.477608328551831
4526803-1-1,13.815510557964274,13.784995256850811,13.765246996462778
4526803-1-3,13.9108207377686,13.76470941846178,13.758381715035314
4526804-1-2,13.304684934198283,12.78625815188226,12.872563744453503
4526804-1-1,14.139866834735423,13.988558686947385,13.986603829975099
4526805-1-2,14.353172835683823,14.50913514321725,14.577423794981215
4526805-1-1,13.815510557964274,14.19986312464049,14.188748876582773
4526808-1-1,13.081541382884074,13.69908937353226,13.72269107486594
4526808-1-2,12.429216196844385,13.453436899581629,13.433478190085378
4526810-1-1,13.997832114758229,13.656691687016828,13.620984490639813
4526811-1-1,13.458835614025542,13.50329179467886,13.491798958282281
4526812-1-1,13.815510557964274,13.520942261001194,13.570792257185822
4526812-1-2,13.57598352739954,13.363505053870522,13.39039936260484
4526813-1-6,13.779683036419426,13.808262149154226,13.781690287772541
4526813-1-5,13.592367006650065,12.651674970145217,12.63534782231817
4526814-1-3,13.710150042306449,13.643607824356192,13.59086818873489
4526814-1-4,13.723943364438783,13.836367852136036,13.88049430294834
4526815-1-3,13.710150042306449,12.227388758187466,12.205955133137916
4526816-1-1,14.018837755888102,14.281473665974348,14.282734821921487
4526816-1-2,12.89921982609012,13.054374225643166,13.09408749707954
4526817-1-1,13.972776345088471,13.950193155542602,13.93618082163139
4526818-1-1,14.557447902693651,14.587006622118563,14.607384867343887
4526819-1-1,14.50865773852422,14.534217851035947,14.541489448140084
4526820-1-1,13.815510557964274,13.724863712174203,13.708371964703831
4526821-1-1,13.592367006650065,13.493562907507304,13.513451728259332
4526821-1-2,13.605263102765353,13.903568908400878,13.91862119403448
4526823-1-1,13.86350671651847,14.179913433215292,14.212489757381153
4526825-1-1,14.403297222866392,14.258786182229654,14.165456272098492
4526825-2-2,13.867919642126823,13.797048536870376,13.788220404130584
4526825-2-1,13.527828485512494,13.303018789312722,13.268705924595654
4526826-1-2,12.89921982609012,13.03634963928871,13.015315925636973
4526827-1-1,14.48333993053993,13.953019907932386,14.004776850028936
4526827-1-2,14.577094938987951,14.421880182266557,14.438762010579838
4526829-1-1,14.50865773852422,13.894319146140143,13.914810759861787
4526829-1-2,13.458835614025542,13.40575603844112,13.36770524794476
4526830-1-1,13.592367006650065,13.437122799924149,13.408301927025938
4526831-1-2,14.50865773852422,13.509611195557639,13.527880786020338
4526832-1-1,14.377394272209544,14.166771712431283,14.165049829786184
4526832-2-1,14.403297222866392,14.09809846705508,14.071687142970381
4526832-3-1,13.894629800913949,14.103973112786697,14.131989243746311
4526834-1-1,14.72846242201773,14.674288409782244,14.654910209235023
4526835-1-1,12.89921982609012,12.803450025640648,12.852343400612437
4526836-1-1,13.764013756028362,13.986651685195271,13.982619505231034
4526836-1-2,13.798506810148089,13.919524727144758,13.919283869002717
4526836-1-4,14.403297222866392,13.587430402244333,13.653497847612394
4526837-1-2,13.618469600359465,13.717999125192623,13.679654740960766
4526837-1-1,14.50915761356587,14.397671942994787,14.358847895947587
4526839-1-1,14.662808489780046,15.266869584266784,15.185677008128831
4526840-1-2,13.652991628466498,13.347439165228016,13.336112898906753
4526840-1-1,14.077874822431763,14.038129244452364,14.01866791761661
4526840-1-3,13.69221234161978,13.925402963915092,13.945605393154615
4526841-1-2,13.592367006650065,11.95561617233458,11.966725702762037
4526841-1-1,15.712630517850156,14.66627376728203,14.673900706299168
4526841-1-3,14.845129975145433,14.099324962134624,14.123779532415032
4526842-1-1,13.618104195431933,14.052177584846605,14.056572602189268
4526842-1-2,14.15303465190385,13.815051727498936,13.833581762516756
4526843-1-1,13.304684934198283,13.701780510068343,13.697962834034575
4526844-1-1,13.592367006650065,13.46110150416593,13.509915509878462
4526845-1-2,14.22097566607244,13.69552303829567,13.72171582767609
4526845-1-1,14.468169021794084,14.020683277021416,14.0014392316758
4526845-1-3,14.241866997900331,13.613173664651967,13.613273618589892
4526846-1-1,14.50865773852422,13.508003114400323,13.490431617352382
4526846-1-4,13.966490537859553,14.041899763413747,14.066683144112421
4526846-1-3,14.30142852039357,13.765086261623003,13.81154734983895
4526848-1-2,12.611537753638338,12.475334088410195,12.438994794147709
4526848-1-1,14.090613816563623,14.214355592417842,14.22341412471138
4526849-1-1,15.319587954740548,15.45514942634059,15.408902268063978
4526850-1-1,15.761420707019589,15.062777359621812,15.02392934839535
4526851-1-2,12.89921982609012,13.418678350319137,13.45851922148929
4526852-1-2,13.592367006650065,13.01946742360074,12.970506861364061
4526852-1-3,13.976614117548449,13.84634026925418,13.88271863619296
4526855-1-3,14.549479753044476,14.004818407522672,13.978744518903742
4526855-1-2,13.122363377404328,12.77103624200396,12.6995931682075
4526856-1-4,13.122363377404328,13.29600984524077,13.290723520282258
4526856-1-3,13.618104195431933,13.806039570172846,13.89737159376417
4526856-1-1,13.9108207377686,13.232653639030667,13.250665482345969
4526857-1-1,11.84939770159144,11.694085711289192,11.851970204244596
4526857-1-2,11.289781913656018,12.945078109408229,12.94295077866426
4526858-1-1,14.22097566607244,13.585035465592227,13.52993076638878
4526859-1-1,12.206072645530174,12.734806373823496,12.819193625588168
4526859-1-2,12.765688433465597,12.604948501331922,12.61010247558954
4526862-1-2,13.97308390947678,14.118378146110059,14.136458708521252
4526862-1-1,14.22097566607244,13.930042662457632,13.900364633765687
4526863-1-1,13.670319454328428,13.576838988192055,13.562692787056633
4526864-1-1,13.691484701388214,13.647847872340908,13.65845866076223
4526865-1-2,13.592367006650065,13.500175211393012,13.470211696544975
4526865-1-3,13.592367006650065,13.651149149780744,13.648933167535548
4526865-1-1,13.592367006650065,13.615748026944496,13.58541223393188
4526867-1-1,13.691484701388214,13.79816984965474,13.820618437134378
4526869-1-1,13.764217263576723,13.696207778716056,13.698066231738812
4526871-1-3,13.815510557964274,14.755656044083851,14.817210411347464
4526873-1-2,15.201804919084164,14.565916407136879,14.516882654077952
4526873-1-4,14.588700484659292,15.080313480362134,15.051873049606742
4526873-1-3,16.602577278850827,15.481254755698423,15.438141072246736
4526874-1-2,13.722664121899305,14.228376125812034,14.229571341201192
4526874-1-1,14.333708936059676,14.419218772966742,14.424539710326346
4526875-1-3,13.122363377404328,12.26389176735204,12.238800118018172
4526875-1-1,13.869998743248344,13.903223432092428,13.8448065502253
4526875-1-2,13.997832114758229,13.562771696069184,13.624627035174173
4526876-1-2,13.597831657585006,13.580590829917195,13.572288723475122
4526877-1-3,13.6903253105993,13.771835877586662,13.752775182304578
4526877-1-4,13.815510557964274,14.608385767093353,14.614473178308693
4526878-1-2,14.50865773852422,14.538168589889485,14.498590702659229
4526879-1-1,13.714795139894516,13.925483405880778,13.90154415061113
4526880-1-1,15.03928598958639,14.871815954929348,14.795559999576573
4526882-1-2,14.077874822431763,14.406827864534604,14.403690377066853
4526883-1-1,12.89921982609012,12.930697555954369,12.98675156283003
4526883-1-4,13.84407207910571,13.89666623693274,13.891752159777354
4526883-1-5,12.89921982609012,12.782830693842945,12.829118543058884
4526883-1-3,12.89921982609012,13.870509864047925,13.83205597497609
4526884-1-3,13.6903253105993,13.649461497764506,13.711799084405369
4526886-1-1,13.696190490116376,13.304277437397495,13.211284804338964
4526887-1-2,13.969495545493894,13.895203357124766,13.849351826672022
4526887-1-3,13.618104195431933,13.611770987195346,13.579123578851775
4526887-1-1,13.122363377404328,12.943642104110946,12.948864503811421
4526888-2-2,13.880049040039344,13.975062240234374,13.95196652957522
4526889-1-2,13.527828485512494,13.368440776371465,13.4081171772692
4526889-1-1,13.895374788173196,13.860569814467748,13.854645286541428
4526889-1-3,13.895374788173196,13.638561945980372,13.706195413657777
4526891-1-1,14.209672019901046,14.00107751428323,14.001361231424017
4526891-1-2,14.63872358620372,14.744211026936682,14.683640106714618
4526892-1-3,14.03196508757064,13.898379932537619,13.853664685897735
4526893-1-1,13.997832114758229,13.790075609037602,13.801726155854794
4526893-1-2,13.855826824625751,13.94452192637746,13.990048878269917
4526894-1-1,13.969495545493894,13.605018684552372,13.620673692390895
4526895-1-3,13.70346119397667,13.99304321419562,13.978236637102459
4526895-1-1,13.304684934198283,13.29018098819054,13.331466516794697
4526895-1-2,13.759617225923732,13.949453932660383,13.967784932702891
4526896-1-1,14.914122846632385,14.056469447447945,14.079463353082186
4526899-1-1,14.51364528003526,14.267057557324195,14.292220612378214
4526900-1-4,13.899060952658209,13.96235331581698,13.949961171912157
4526900-1-2,14.350915617184638,14.291960000573239,14.285591107717995
4526901-1-1,11.918390573078392,12.964753441777578,12.950402363355137
4526902-1-1,13.710150042306449,13.3582667185755,13.318241360071658
4526902-1-2,14.379766990006429,13.976835668544618,13.96803789862603
4526903-1-1,13.654391016513213,13.934573707087964,13.928867349959956
4526903-1-2,14.317007025158398,14.348870169428999,14.38268578240357
4526904-1-2,13.592367006650065,13.847924552179023,13.902986899651305
4526904-1-1,13.710150042306449,13.844348568697681,13.810700491908516
4526905-1-1,13.304684934198283,12.961797929819737,12.917691238455498
4526907-1-5,13.618104195431933,13.756588453947353,13.745463253464903
4526908-1-1,14.808762330974558,14.947513020027865,14.911358020600199
4526909-1-1,15.464169183551656,14.926293366574921,14.917347999559652
4526910-1-1,13.511315561204944,14.017685565128998,14.014305926995464
4526911-1-1,10.819778284410283,12.874557895780708,12.677420575682493
4526913-1-2,13.955104334026355,14.015389035158277,14.038189941553746
4526913-1-1,15.841463436671146,15.36231688765174,15.392108292013978
4526914-1-1,14.758118630623336,14.816744286655712,14.7898554930969
4526915-1-1,12.206072645530174,13.419369769009437,13.436252499262462
4526916-1-2,15.061512651736573,15.130712184877726,15.2747509788098
4526916-1-1,14.824006016346573,15.185435658898912,15.135282847996587
4526918-1-1,14.51048937255798,14.335613274488939,14.329167417160894
4526918-1-2,14.348293324625253,14.184374099390382,14.165429984388968
4526919-1-1,14.945774360537213,14.374199945315777,14.339426670105649
4526919-1-2,14.549386928738288,14.567877793926753,14.651618882865753
4526920-1-3,13.122363377404328,12.903362950685928,12.881743715337533
4526920-1-8,13.815510557964274,13.36321422246004,13.340213392958166
4526921-1-2,14.50865773852422,14.32692498609794,14.113015692051716
4526922-1-2,13.66993398396145,13.753958759816129,13.74396732083036
4526922-1-4,13.511315561204944,13.813656122589089,13.863889560001605
4526922-1-1,12.283033686666302,12.301347045057105,12.33274964217999
4526923-1-2,14.22097566607244,12.861008652647552,12.77205801890818
4526923-1-1,13.710150042306449,13.664574476139594,13.62316879583742
4526924-1-1,14.802570422838436,14.875900200194875,14.843275317108555
4526926-1-1,13.764217263576723,14.046161603559158,14.070412611780569
4526926-1-2,15.89495209964411,13.402776247826854,13.374437483058912
4526928-1-1,12.128111104060462,11.794380560724454,11.768035919879582
4526928-1-3,13.592367006650065,13.49989610230821,13.480370785575689
4526928-1-6,14.2401244849112,14.120314995625861,14.148985933975858
4526930-1-2,13.764217263576723,14.351968969656019,14.351522114388017
4526930-1-1,14.306933231052744,14.17722452292651,14.214121010278784
4526931-1-1,14.115615150414612,13.964010969556526,13.978950857902689
4526932-1-1,13.969495545493894,14.160343532296055,14.136984904107898
4526932-1-3,13.511315561204944,13.713197846077449,13.70045751659014
4526933-1-1,13.304684934198283,13.691385965324592,13.67141873861138
4526933-1-2,14.301018373745976,14.262689080581763,14.234799058656277
4526935-1-2,14.50865773852422,14.740190843975855,14.669270051009127
4526935-1-3,13.511315561204944,13.531032315461587,13.534794544450566
4526935-1-6,13.691484701388214,14.187408048009187,14.21606406220864
4526936-1-1,13.511315561204944,13.677298376079756,13.710067994168645
4526937-1-1,13.511315561204944,13.691859564330933,13.654807150595095
4526938-1-1,14.50865773852422,12.927462523564886,12.924116274755661
4526939-1-4,13.54464233713954,13.636308006647091,13.6029851540742
4526939-1-5,13.54464233713954,13.833854782265949,13.814883421113322
4526939-1-3,13.54464233713954,14.042541074432696,14.038469950315248
4526940-1-3,13.6903253105993,13.749896292126394,13.715265335165475
4526940-1-1,13.87202320778796,13.985991122944222,13.983112990503775
4526940-1-2,13.591358294946431,13.924731316981685,13.893368765119115
4526941-1-3,14.626354881603053,13.99390406575039,13.993194203106093
4526941-1-1,14.50865773852422,13.801519356668706,13.79859111451611
4526941-1-2,14.618919224781752,14.165341079110137,14.178818234382696
4526942-1-1,13.997832114758229,13.868280762336704,13.900870965287043
4526943-1-1,13.997832114758229,13.753931143715711,13.682298024306203
4526944-1-2,13.122363377404328,12.746119253552443,12.843588195518675
4526945-1-1,13.997832114758229,14.131189980394245,14.130611132372207
4526945-1-2,13.550090422826504,13.817895690802727,13.899205035717708
4526946-1-1,13.983682479153789,14.194126269041623,14.21126149236486
4526946-1-2,13.868077746853569,13.798317715039083,13.82808942008222
4526948-1-1,15.201804919084164,13.588086390573489,13.526959422512245
4526950-1-1,13.122363377404328,12.922138693490691,12.922720824307131
4526950-1-3,13.633217400767046,13.744537728416796,13.768888958452065
4526952-1-1,14.365556918922008,14.02471369985307,14.007372069836661
4526958-1-2,13.511315561204944,13.652531921490807,13.674072757816461
4526958-1-1,13.6903253105993,13.910880820633286,13.945249106740413
4526959-1-1,13.815510557964274,13.847547989605406,13.834061333843277
4530272-1-3,13.815510557964274,14.123211942711121,14.140352534999273
4532882-1-1,13.725585850436287,13.99185892679961,13.998525140436723
4532882-1-2,13.69221234161978,13.774729501278259,13.759005490974184
4535581-1-1,13.997832114758229,14.586593703671813,14.6095352315183
4535581-1-2,14.811843966742734,14.420402799418623,14.43697478782209
4535582-1-3,15.89495209964411,14.781212771853625,14.754703362239798
4535584-1-1,15.60727002719233,14.782025040993402,15.097664746651619
4535584-1-3,15.201804919084164,14.518209930073088,14.38996249783234
4535586-1-1,15.497269131978,15.47361361054886,15.412820185523865
4535587-1-1,14.607748716640144,14.869826108827537,14.831716147837984
4535587-1-2,14.73180128983843,14.188560919702763,14.171664992959023
4535588-1-1,10.819778284410283,12.841997537293791,12.788831922935179
4535588-1-3,14.914122846632385,14.12636100796274,14.124517536647263
4535589-1-1,14.50865773852422,13.405346580367485,13.389850211936235
4535589-1-2,14.143526425786495,14.28742474635525,14.296377137590682
4535590-1-2,13.895374788173196,14.010174661906643,14.008352409276883
4535591-1-1,14.50865773852422,13.806078901282964,13.866698575003978
4535592-1-5,13.823809340117812,13.299081310468468,13.41428197332059
4535593-1-3,14.077874822431763,13.377045050134303,13.36594058336715
4535594-1-1,15.89495209964411,16.335069149559512,16.228627388920952
4535595-1-1,15.189226136877304,15.246468538954494,15.302396270856491
4535596-1-2,13.6903253105993,14.09449591779063,14.136484810624795
4535598-1-1,13.458835614025542,13.604203878773228,13.59168717144314
4535598-1-2,14.169682371684887,13.590566163750541,13.633621834894953
4535599-1-1,14.423916510069128,13.978273339905009,14.000731564179416
4535601-1-1,13.304684934198283,13.419645423794975,13.51003055847631
4535602-1-2,13.217673557208654,13.347063742493662,13.383285959555824
4535604-1-1,11.918390573078392,12.80788191856532,12.679527901387592
4535606-1-1,13.756114458548822,13.931227997308001,13.948935006465753
4535607-1-1,13.304684934198283,13.407460183006272,13.44141470677747
4535609-1-2,12.89921982609012,12.709395803132843,12.658943274841704
4535609-1-4,13.458835614025542,13.345493752619229,13.368564186060794
4535610-1-1,13.592367006650065,14.095718992143013,14.08666404871589
4535610-1-2,13.90702570482286,14.097105466101906,14.072701177418015
4535611-1-1,11.225243392518449,11.821790332631108,11.80361857577263
4535611-1-3,13.122363377404328,13.74277704778542,13.733449844374741
4535612-1-1,14.626440774180605,14.838252101438748,14.815983929320298
4535613-1-1,13.6903253105993,13.302709746671589,13.34574936200893
4535613-1-2,13.667617891278644,13.816847169606978,13.803538871339413
4535613-1-5,14.057370951244629,13.921403462041244,13.927021196152056
4535614-1-2,14.003212095838531,13.666797811991644,13.691509088641967
4535615-1-1,13.639231135656386,14.104009101368257,14.120058560254389
4535616-1-1,13.304684934198283,13.562475155641396,13.5887280671569
4535616-1-5,13.6903253105993,14.266471482782515,14.268162778227437
4535616-1-6,13.6903253105993,13.733923999907699,13.696575124273073
4535618-1-1,13.864116538506275,13.928940956615579,13.922026293664645
4535618-1-2,13.815510557964274,12.879207564847245,12.89841278628157
4535619-1-2,13.59159631912171,13.518683676152866,13.455878769835348
4535620-1-2,13.766932849349562,13.79758734648384,13.788035242755043
4535621-1-1,13.947830420107037,13.904748539349516,13.87615175030583
4535621-1-2,13.754457887516844,13.841688936766223,13.83409705217373
4535621-1-3,13.592367006650065,14.098733146373773,14.093113938300153
4535621-1-4,12.940041795610371,13.419794640177452,13.497786714848859
4535622-1-1,13.592367006650065,13.489846338049912,13.435033517194165
4535623-1-1,14.301018373745976,13.92546647175536,13.929039442645271
4535623-1-2,14.264460751416433,13.603877893875664,13.584125105295774
4535626-1-1,13.710150042306449,13.913346659146281,13.852960751918516
4535626-1-2,13.304684934198283,13.729819376546049,13.703230250579855
4535627-1-1,13.794089442873045,13.967551186530185,13.959023808114896
4535628-1-1,13.997832114758229,13.744983625159481,13.75422863064909
4535629-1-1,13.592367006650065,13.591819921103866,13.578123760251467
4535630-1-1,13.6903253105993,13.805400956132871,13.828706558590884
4535631-1-3,13.6903253105993,13.738727309550756,13.763632704961827
4535632-1-1,14.22097566607244,14.19971320394368,14.213915040327201
4535632-1-2,13.687677186454389,13.438331057948767,13.423260331052704
4535632-1-3,13.03170898632598,12.442599636100848,12.40646783639702
4535633-1-1,13.815510557964274,14.330602711267206,14.429089058673915
4535634-1-1,14.283428654622954,13.87056347812835,13.823585439539167
4535634-1-2,13.571313570856487,13.463370852721598,13.457339613286933
4535635-1-1,13.527828485512494,13.771146174296963,13.822048204683657
4535636-1-1,14.058456736574664,14.078558313916687,14.090594657319345
4535636-1-2,13.938465418869034,13.827741286295563,13.809689582080406
4535637-1-1,14.151982794585487,14.015733429068577,14.00254316978799
4535638-1-1,13.592367006650065,13.6445607220661,13.627742243699783
4535639-1-1,13.930326195245753,14.171103666063225,14.124124292265803
4535640-1-1,12.206072645530174,12.346812092733837,12.397370614010967
4535642-1-1,13.997832114758229,12.732298129084269,12.699603654033538
4535642-1-2,14.131447943922051,14.030221212396741,14.029810001299785
4535642-1-3,13.769338535344216,13.963766971505411,14.014152414145384
4535642-1-4,13.527828485512494,13.43315753753184,13.434179080080705
4535643-1-2,14.403297222866392,14.69102129166563,14.676171650916368
4535644-1-1,14.50865773852422,13.681248331087088,13.684892022601465
4535645-1-1,13.815510557964274,14.029780348250961,14.05721285928408
4535645-1-2,13.458835614025542,13.400409083279891,13.428095498114038
4535646-1-1,13.122363377404328,13.290652001254005,13.34876531484863
4535646-1-3,15.25850018402055,14.486052434138445,14.493289699824482
4535647-1-1,14.22097566607244,13.73249454877195,13.748222255625263
4535647-1-3,14.365556918922008,14.354715806323092,14.34419659054656
4535649-1-1,13.592367006650065,14.23195306610096,14.216588072322745
4535650-1-3,13.592367006650065,13.532872709559047,13.551959002201684
4535650-1-4,13.304684934198283,13.079528538922087,13.11590297340349
4535650-1-6,13.687677186454389,13.5929332475657,13.567890657790807
4535651-1-1,13.983682479153789,14.397374296209149,14.374440700552569
4535651-2-1,13.746310522163135,14.447983710799384,14.44126677946505
4535651-3-1,13.815510557964274,13.607761624745148,13.631307940213105
4535653-1-1,15.150511624696614,15.175957255150003,15.144960549177492
4535654-1-1,13.458835614025542,13.132796887766121,13.141353896511532
4535654-1-4,13.458835614025542,12.691899861556978,12.616914028538531
4535654-1-5,13.72195817607757,13.770811062588004,13.735749175488037
4535655-1-3,14.50865773852422,14.575765188604754,14.616938995727127
4535656-1-2,17.50439001207821,16.260854189564547,16.287130210188753
4535657-1-1,13.722429547963715,14.039599576186989,14.037778959953732
4535658-1-1,13.6903253105993,14.068749764590878,14.050671644890837
4535658-1-2,13.592367006650065,13.367191114070419,13.385151143322032
4535659-1-3,13.795307850646754,14.04326756875405,14.071104701716058
4535659-1-4,13.781436577630522,14.070840814516018,14.085448229945783
4535660-1-1,13.458835614025542,13.185517153046217,13.164927560842273
4535660-1-2,14.22097566607244,13.445124439674458,13.462731896409588
4535661-1-1,14.22097566607244,13.83836378763558,13.964783528008232
4535661-1-2,14.50865773852422,13.902062859702928,13.917986386024818
4535663-1-1,14.557923979827136,15.266805597915603,15.274784818749284
4535665-1-1,15.135041725196198,14.910678088948709,14.844382601423787
4535665-1-2,13.832039880407288,13.94524622734304,13.99832958098663
4535666-1-1,16.1747909631388,16.114158083133933,16.08461541918429
4535666-1-2,14.50865773852422,14.912165975451613,14.902888001945682
4535667-1-1,12.388394202324127,12.911901669892833,12.862915557821701
4535668-1-1,13.304684934198283,13.014241028583568,13.01889730146687
4535669-1-2,13.586370312365608,14.005593334237611,13.959564634443675
4535670-1-2,12.206072645530174,12.738165984081103,12.720728994801588
4535672-1-1,14.22097566607244,13.275696035197354,13.184678021473687
4535673-1-1,13.592367006650065,13.784093732257151,13.754737971633825
4535675-1-1,13.122363377404328,14.399774446558983,14.395926675021915
4535676-1-1,15.28184766521924,15.327810591090923,15.314909739675572
4535677-1-1,13.122363377404328,12.632240795796392,12.610818722598903
4535678-1-1,13.527828485512494,13.47751604713319,13.497604747458158
4535678-1-2,13.59159631912171,14.056233965051778,14.011772684712497
4535678-1-4,13.983845907994755,13.674997910164656,13.669474182082178
4535679-1-1,14.914122846632385,13.825224280859322,13.789076945464023
4535679-1-2,14.22097566607244,14.084332118984408,13.998915073823737
4535680-1-1,15.201804919084164,15.393181216314007,15.338436532705758
4535681-1-2,12.815838217151068,13.750183523884607,13.727992714661932
4535681-1-3,13.602729767912416,13.7449221191973,13.794556885297165
4535682-1-1,14.222179358011209,15.284592223845108,15.220244008166416
4535683-1-1,14.218416895208664,14.519715115325878,14.558825163501075
4535683-1-2,14.261797660592691,14.056190128540882,14.079682618364302
4535684-1-1,13.458835614025542,13.782016515651923,13.80286689788636
4535684-1-2,13.997832114758229,13.63242215166813,13.629718157890515
4535685-1-1,14.139866834735423,13.996049554598585,13.956473089411714
4535687-1-1,13.710150042306449,13.575628235893703,13.591870061403107
4535688-1-1,13.789994461091272,13.937050114321737,13.97265795567564
4535688-1-2,14.077874822431763,13.723842783268692,13.687365562603578
4535689-1-1,14.22306681143645,14.181083313562906,14.180608849819896
4535689-1-2,13.675619557261449,13.743828366244818,13.68537817845781
4535692-1-1,13.687514673249831,13.910361004115549,13.898972824320023
4535692-1-2,13.618104195431933,13.319353668590526,13.337316690961993
4535693-1-1,13.815510557964274,13.611443338686858,13.56621290814134
4535697-1-1,13.696190490116376,13.815509466783801,13.814432691004125
4535698-1-2,14.425651806292445,14.35718627405397,14.360338272879602
4535699-1-1,11.512925464970229,13.704650029784062,13.691709420310453
4535699-1-2,13.798506810148089,13.118279602364145,13.067346246518003
4535701-1-2,13.122363377404328,13.80626835808227,13.78706844828282
4535701-1-3,13.304684934198283,13.213321476788689,13.236125471456392
4535703-1-1,14.064820756896454,14.076339677411166,14.055036442343418
4535704-1-1,12.206072645530174,12.846272935576547,12.86519869806416
4535705-1-1,14.108926162263815,14.199439288842392,14.199495093428654
4535705-1-3,13.997832114758229,14.110899403199655,14.133297907480609
4535705-1-4,14.914122846632385,14.546127252339492,14.571257186617881
4535705-1-5,14.274920774624102,14.01378295552364,14.01616841407356
4535706-1-1,13.895553304099348,14.00809781793394,13.995123246429705
4535706-1-4,13.527828485512494,13.057759212869422,13.092166851934081
4535710-1-1,13.592367006650065,13.268816593253874,13.308826352460587
4535711-1-1,16.399508110396507,15.793164244776111,15.720595542104764
4535713-1-1,11.695247021764184,12.557658980261161,12.58140140607757
4535713-1-3,13.6903253105993,13.789756121453989,13.79746194902295
4535713-2-1,13.815510557964274,13.902804730183595,13.749930082243385
4535713-2-2,14.50865773852422,14.255340458281605,14.258973243906926
4535713-3-1,13.93312168995718,14.084236732184838,14.063322459787829
4535713-3-2,13.983682479153789,14.16795184305925,14.166670202117542
4535714-1-1,12.89921982609012,12.552976284632926,12.489592147427361
4535714-1-3,14.22097566607244,13.84563764849567,13.851248025379238
4535715-1-1,13.592367006650065,13.292970174617667,13.273352435170224
4535715-1-2,13.592367006650065,12.793551949968132,12.69367387893602
4535716-1-2,12.206072645530174,13.376748560545433,13.383416398503327
4535716-1-4,13.815510557964274,13.213477987217637,13.259411064680213
4535717-1-1,13.997832114758229,13.796423170399443,13.763812060650304
4535717-1-2,13.458835614025542,13.419587268632114,13.49106090123607
4535718-1-1,13.592367006650065,13.339328077022168,13.356922768405433
4535719-1-1,13.908545423931464,13.645657849552467,13.603600638296239
4535719-1-3,13.710150042306449,13.461752414127467,13.486888294147791
4535719-1-5,12.971540487669746,12.360341653111169,12.428238528718955
4535720-1-1,14.748330624576525,14.698102032440245,14.679809265610558
4535721-1-4,13.815510557964274,13.82166419092506,13.849745938201917
4535721-1-5,13.753635154246188,13.976591777865588,13.964655581439857
4535722-1-2,13.592367006650065,13.16445502317675,13.206515746181642
4535723-1-1,13.122363377404328,13.333695321273195,13.289976753932924
4535723-1-2,13.723969323005967,14.065914029369042,14.055068359912047
4535723-1-3,13.751459384720093,13.85185429376103,13.838715935265908
4535723-2-1,13.592367006650065,13.872651310025182,13.881568049148017
4535723-2-2,12.468436909997664,12.433063679276417,12.392442432789085
4535725-1-1,14.22097566607244,13.558956064495467,13.563238528930597
4535726-1-1,13.983682479153789,14.15511237573932,14.191286634537878
4535726-1-2,14.139866834735423,14.322184600038796,14.321488047063648
4535726-1-3,13.458835614025542,13.326026270874852,13.359140639231361
4535728-1-1,13.750997303174172,13.987374050000215,13.995034353634813
4535728-1-2,13.618104195431933,14.061340989033543,14.134417676908917
4535729-1-1,13.9108207377686,13.727992122076019,13.735423663854439
4535730-1-1,13.710150042306449,13.76837900578288,13.768582870293711
4535730-1-2,13.652991628466498,13.701482467244535,13.706833601801486
4535731-1-1,13.584062226603963,13.99406627552965,14.025755411378913
4535732-1-1,14.026424936837085,14.106585622068705,14.097999084635143
4535732-1-2,13.652991628466498,13.545114825941305,13.558935852159095
4535732-1-4,12.206072645530174,12.870208937908481,12.795456163372283
4535733-1-1,13.487006490992238,13.00352628908471,13.04018376007168
4535734-1-1,13.924364962876355,13.986825925392452,13.998081945413807
4535735-1-1,14.139866834735423,13.84910135555402,13.84160685189222
4535735-1-2,13.75628423541534,13.813655604434771,13.81872601001155
4535736-1-1,14.403297222866392,13.97565709262543,13.978777697292049
4535737-1-2,13.586998873973394,13.878081332694421,13.893145634249297
4535738-1-1,14.952212551847502,14.941122782405436,14.938318687347538
4535739-1-1,13.743938761227865,13.939479762487354,13.92058267483868
4535740-1-1,14.08451933331141,13.969064662724627,13.954024438222644
4535740-1-2,12.611537753638338,13.62981008456267,13.638244520640391
4535741-1-1,13.963687753434256,13.970144690710454,13.94921044005878
4535741-1-2,14.256907402749444,13.927713883177566,13.934317637487315
4535742-1-1,13.56864023998032,13.38941558640024,13.40648025940462
4535743-1-1,14.247292974389811,14.08346600162057,14.05983696503251
4535744-1-1,13.9108207377686,14.045612186918866,14.026199268300443
4535746-1-2,14.44180540926268,14.699234667928096,14.70488981851476
4535748-1-3,13.85633257248453,14.045392971280563,14.068892129596145
4535751-1-1,14.50865773852422,13.76880125810947,13.79475224247069
4535752-1-1,12.89921982609012,13.681908150191221,13.64755136001785
4535752-1-2,13.581959283709082,13.87454231382497,13.875421169527023
4535755-1-1,13.775594077821268,14.021804755688171,14.025407677410723
4535755-1-2,13.710150042306449,13.666482829219982,13.625879782200133
4535755-1-4,13.932443788193844,13.876869317769915,13.899605430898292
4535756-1-1,13.645602039642446,13.828789745795829,13.73954575321557
4535756-1-7,13.675619557261449,13.610198713402726,13.575413020822396
4535757-1-1,16.759949537130716,14.420920967701768,14.522754295679583
4535758-1-1,16.012735135300492,15.490942373676852,15.421013831973193
4535759-1-1,13.726832338017998,13.545965252849937,13.59430188567376
4535759-1-2,14.603967918328545,14.433551841529486,14.43166639327325
4535760-1-1,13.017002861746503,13.10134381269992,13.094894916338886
4535760-1-2,12.765688433465597,12.915454027113604,12.995156422903754
4535762-1-3,12.206072645530174,13.480046022465316,13.550069934652303
4535764-1-1,15.355955670339991,15.122389870857823,15.196426322902601
4535765-1-1,13.592367006650065,13.944944325982647,13.928021689959785
4535765-1-2,12.206072645530174,13.021563909151524,13.004944991368264
4535766-1-1,14.143374420048886,14.02998452422467,14.009334363918507
4535767-1-1,14.914122846632385,13.553196210925254,13.527378890941261
4535767-1-2,11.289781913656018,11.927227875107773,11.934286682906974
4535767-1-4,15.237614351680373,14.741075444627418,14.713547838450545
4535767-1-5,15.222424185878737,14.225008739205315,14.229639337855733
4535768-1-1,13.581116929930571,13.686762183281418,13.758270831064806
4535769-1-1,11.302204433654577,12.719588125437198,12.647659770118075
4535770-1-2,13.710150042306449,12.510088597652116,12.402450020437396
4535771-1-1,15.137266397946592,15.124946367181057,15.189263667515394
4535772-1-1,13.696964606361512,13.51719380515655,13.565230956143726
4535773-1-1,14.22097566607244,14.114789484880967,14.120806870846668
4535774-1-1,14.353879945435873,14.08363085367519,14.081973252068071
4535775-1-1,13.592367006650065,13.920753286515486,13.860506071432217
4535775-1-2,15.203886064497969,14.378135387741898,14.347319821392572
4535776-1-2,11.695247021764184,11.443924736561389,11.390697531258299
4535777-1-3,13.745037663211583,13.887223778455875,13.878993487121406
4535777-1-4,13.707687359613397,13.657664306489954,13.648904976093894
4535779-1-1,13.458835614025542,13.419958897616459,13.439966177553874
4535780-1-1,13.304684934198283,13.326218146249714,13.288580104376091
4535781-1-1,13.38472764187182,13.473527577805092,13.467849973315477
4535781-1-3,13.017002861746503,12.881321547181493,12.911769849607621
4535782-1-1,13.79082812500959,13.965653130988825,13.98631216784404
4535784-1-1,13.56864023998032,14.206651374383497,14.199452712863474
4535784-1-2,12.01873851550564,12.003045620805745,12.046059082445742
4535784-1-3,13.56864023998032,13.779703952870408,13.781961930340227
4535785-1-1,13.122363377404328,13.616794621430044,13.582086703479364
4535785-1-2,13.94482188675703,13.795621820088027,13.84882096932532
4535788-1-1,12.89921982609012,13.036526946729627,13.021649139554668
4535796-1-3,13.712317691257018,13.87825485685401,13.894326711231065
4535796-1-4,13.743938761227865,14.012030661428671,14.020841602804051
4535798-1-1,15.852392463486185,15.333899539381708,15.450285506091157
4535799-1-1,14.43966484471584,14.477416888925417,14.445929987488805
4535800-1-1,15.424948470398377,14.827889804695959,14.826232476133777
4535800-1-3,15.053884789007542,14.591973918135674,14.572458790110714
4535801-1-1,13.875171303636606,13.706806591656385,13.671463761152612
4535802-1-5,14.22097566607244,13.801394251484918,13.808391600610648
4535803-1-1,15.644753093691216,14.54691377244868,14.460080251458105
4535804-1-1,13.765195140562296,13.939459211776718,13.9371338186516
4537847-1-2,12.206072645530174,13.221526373716348,13.177764528476127
4538216-1-1,13.806398607447075,13.635083002308901,13.651800322337584
4538218-1-1,13.592367006650065,14.036299721936798,13.989301774474534
4538218-1-2,11.918390573078392,13.289625528632392,13.304263989500072
4538221-1-1,12.206072645530174,12.19054179857457,12.172567624481427
4538221-1-2,11.918390573078392,12.941891371574918,12.949050434302867
4540511-1-2,12.206072645530174,12.893761001155717,12.88913122270168
4540511-1-3,12.89921982609012,13.145713345452528,13.154355646000818
4540511-1-4,13.599839021488766,13.691835332446365,13.728897339719945
4540513-1-1,14.021033066595177,14.085186796178082,14.087872979893662
4540513-1-2,13.710150042306449,13.424337016029087,13.391153369207434
4540514-1-1,13.304684934198283,13.51758246355924,13.523186624853595
4540514-1-3,14.811843966742734,14.842795559737757,14.878585213595542
4540515-1-1,14.99416555430592,14.99145024527284,14.89224928597396
4540517-1-1,14.384605066269335,14.36674454477115,14.347510470133109
4540517-1-2,14.403297222866392,14.910762356276877,14.92204460616727
4540518-1-3,12.89921982609012,13.467607553306005,13.467523540812799
4540520-1-1,14.054002419050914,14.012743527130437,14.056518141137465
4540520-1-2,12.301382825334498,13.093838577566652,13.024423924473629
4540521-1-2,13.304684934198283,13.468272040388408,13.508757193715242
4540522-1-1,13.592367006650065,13.753297049744722,13.744584572813437
4540523-1-1,14.22097566607244,13.566888993457608,13.599698398026424
4540525-1-1,13.71784590857049,13.811007297090889,13.782496159497942
4540527-1-2,13.458835614025542,13.338874022701104,13.37287533610268
4540528-1-1,14.585618779660347,14.336232391469672,14.371751135795902
4540528-1-2,13.9108207377686,14.052592855654426,13.99452176641503
4540529-1-2,13.703967637230171,13.515307038313892,13.58880665522425
4540529-1-3,13.709542079756886,14.08067609615746,14.096330315021742
4540530-1-1,13.74949861854558,14.355313196649641,14.473931126112337
4540530-1-2,13.745037663211583,13.819275748524527,13.85085213600561
4540530-1-3,13.472847963050365,13.463106370186251,13.43389212831558
4540531-1-1,14.963177499631083,15.581668764898106,15.651381794166424
4540532-1-1,14.551397912162052,14.134150148404002,14.12847106260944
4540532-1-2,12.89921982609012,12.967477175458164,13.148953353677223
4540533-1-1,14.50865773852422,14.29694599298464,14.365817576318841
4540534-1-1,13.675619557261449,13.861367688010017,13.846597965813894
4540534-1-2,13.675619557261449,13.600233331824798,13.56333943617375
4540535-1-1,14.702029165845415,14.523542413328395,14.54332533265834
4540536-1-1,13.765770201880454,13.74959862344185,13.736816957119919
4540536-1-2,14.663522449085134,14.011922116161308,13.990045022917004
4540537-1-1,13.799256866987204,14.045365654401186,14.034185556900821
4540538-1-1,13.592367006650065,13.930581464070238,13.920927703199656
4540538-1-2,13.710947987752174,13.980549164984936,13.976966663665019
4540538-1-3,13.652991628466498,14.198703477642585,14.190545943019957
4540539-1-1,15.08480287524926,15.13632106905128,15.135368420245486
4540539-1-2,13.815510557964274,13.950084475430998,13.936717410260613
4540540-1-1,13.946538820370678,13.664732958975591,13.639398040380591
4540541-1-1,13.740197398325316,14.154448608380761,14.177315807886169
4540542-1-1,13.122363377404328,13.469376453051119,13.466344348252745
4540543-1-1,12.676076274775909,13.825741447318979,13.707076585764495
4540543-2-1,14.588700484659292,14.231557117809112,14.199322710741606
4540544-1-1,13.892406203443636,13.99399843612806,13.991005689463105
4540544-1-2,13.619955042356816,13.78982050151141,13.768815435677856
4540545-1-1,13.592367006650065,13.749909343245404,13.763815470360413
4540545-1-2,12.793859310432293,13.397255704046982,13.424251549747126
4540547-1-1,13.081541382884074,13.152902826795312,13.121598334912576
4540547-1-2,13.081541382884074,12.883521112178384,12.896185001705689
4540548-1-1,15.391046953205452,15.104743181237739,15.022080642269675
4540550-1-1,14.598467934746036,14.18026302598276,14.118003240681137
4540550-1-2,13.803651516681764,13.518752581880525,13.411305332193233
4540552-1-2,13.708429674433004,14.055058776197983,14.056363328052353
4540552-1-3,13.675619557261449,13.721520647487772,13.754500958406313
4540552-1-4,13.746517664155894,13.899849799612753,13.893657245728935
4540553-1-1,13.815510557964274,13.85341283052583,13.868033050028341
4540554-1-1,12.89921982609012,13.64192584995052,13.673100924229553
4540555-1-1,13.728226439238544,13.91806056843289,13.901788220692291
4540556-1-1,13.997832114758229,13.627969569947021,13.67507926106783
4540557-1-2,13.861163425007206,13.654229643283712,13.651184070235884
4540557-1-3,13.743938761227865,13.659110534663803,13.636446038580244
4540559-1-1,14.077874822431763,13.540341104697138,13.566889208376404
4540561-1-1,13.304684934198283,12.902504020140622,12.94256715012249
4540563-1-1,13.710150042306449,13.639981023199885,13.705736521250232
4540563-1-5,12.89921982609012,13.38630266638001,13.342729130780556
4540564-1-2,14.914122846632385,14.968075056132593,15.010382125083286
4540564-1-3,13.304684934198283,13.558314379500588,13.56093986483695
4540566-1-2,14.16490677613277,14.070332322907904,14.059796148221949
4540567-1-1,14.018079393999072,14.2549971927513,14.254117535882285
4540567-2-1,13.962962530034536,14.344860328766488,14.352354911517027
4540567-3-1,13.997832114758229,13.82431912294831,13.811180633876317
4540567-3-2,11.918390573078392,12.875270994532213,13.004331682802052
4540567-3-3,13.788784258521432,14.798264777100377,14.75853062166126
4540567-3-4,13.832738980228015,14.247682930849388,14.289283044687226
4540568-1-1,13.122363377404328,13.688304802392867,13.674184222978353
4540568-1-2,13.743938761227865,13.793048507908404,13.787851156051607
4540570-1-1,13.653019495725262,14.17383078474274,14.151379283192426
4540570-1-3,13.657909296304355,14.463239200349364,14.445376640701477
4540570-1-4,14.57319622059929,14.311081047318451,14.255882063880424
4540570-1-5,13.750972036826704,13.784112665492632,13.773640539636391
4540570-1-6,13.653019495725262,13.851478640809438,13.834289315122387
4540571-1-1,14.50865773852422,13.975479927906257,13.956071169439781
4540571-1-2,13.788553458357429,14.029035627899187,14.023063374126973
4540572-1-2,13.880049040039344,13.712899882659531,13.629172637258938
4540572-1-6,13.98267871304424,13.625232356325418,13.609382938182021
4540573-1-1,14.143526425786495,13.695917558279385,13.714388960978507
4540573-1-2,13.304684934198283,13.497359659221932,13.526711076266714
4540574-1-1,13.93945501744868,13.92298018668479,13.938739805892034
4540574-1-3,13.745037663211583,13.837928989039117,13.81292997106201
4540576-1-4,13.710150042306449,13.759474097375968,13.750105965394923
4540577-1-1,14.41434705905298,13.560625418120548,13.565998595432946
4540577-1-2,13.304684934198283,12.739151751679211,12.724723430626039
4540578-1-1,13.81217161489274,14.092959827994333,14.090658943066305
4540579-1-1,13.592367006650065,12.996749428715273,12.990814075815976
4540579-1-2,13.304684934198283,12.78532033919762,12.815628324512502
4540580-1-1,14.430876383522651,14.751842900087853,14.706818390459775
4540580-1-2,12.611537753638338,12.687092361480175,12.652331459721559
4540581-1-1,14.23291148328827,14.112780154957248,14.116112436601044
4540582-1-2,12.429216196844385,13.105625425016106,13.100971407699658
4540583-1-1,13.675619557261449,14.13326021742948,14.099038832031537
4540583-1-2,12.206072645530174,13.001942380462033,12.971425334934686
4540584-1-1,13.56864023998032,14.084825164404368,14.070994118361428
4540586-1-1,13.997832114758229,13.640454585124758,13.674638152547162
4540587-1-1,14.04662227892766,14.199827032182219,14.162418768970822
4540588-1-1,14.03568520644474,14.031681976597604,14.058459935418503
4540588-1-3,13.775552187808952,13.98781486451519,13.938919575103316
4540588-1-4,14.041139817344838,13.824674127475237,13.80368296394489
4540589-1-1,13.592367006650065,13.689804177136233,13.656118498433925
4540589-1-2,13.675619557261449,13.583468200243276,13.549225013288872
4540590-1-1,12.611537753638338,12.95099536048147,12.916267441924562
4540591-1-1,14.22097566607244,14.045858591240743,13.958394857584793
4540591-1-2,15.277994018831672,14.787271811119105,14.7872633611227
4540591-1-3,14.446782334806132,14.60114828064408,14.633206509787149
4540591-1-4,14.50865773852422,14.355674969435555,14.379988329906636
4540592-1-1,12.611537753638338,13.153640441500993,13.125192109908975
4540592-1-2,13.56864023998032,13.73122890141186,13.5954561519234
4540595-1-1,14.88538037776673,14.766593877584123,14.785452422722745
4540595-1-3,14.21540459309002,14.225863651698035,14.237678937391566
4540595-1-5,13.621925808891609,13.838886535543885,13.823887467836848
4540596-1-1,14.22097566607244,13.573528850425983,13.58891908383347
4540596-1-2,13.815510557964274,13.183028418566078,13.167824081066499
4540596-1-3,13.743938761227865,13.721692125730819,13.738969589895833
4540598-1-1,13.304684934198283,13.639149247246035,13.683829827904667
4540598-1-3,14.54144760166979,14.94494967563829,14.910930747361668
4540598-1-5,13.93025464736414,13.994120420253712,14.036267085961057
4540601-1-1,13.122363377404328,13.924337351001004,13.752756690290926
4540602-1-1,14.92517265534644,15.056383874319332,15.079233395541749
4540603-1-1,15.230554352613066,15.227273498455155,15.215722901863233
4540603-1-2,15.201804919084164,14.655367950780446,14.654829808079896
4540604-1-3,13.997832114758229,14.668069414120888,14.616785289025252
4540605-1-2,13.38472764187182,13.906597451264306,13.93647790060516
4540606-1-1,14.077874822431763,14.624891782213073,14.632546264672046
4540606-1-2,13.592367006650065,13.786070959037895,13.754150752196992
4540607-1-2,13.743938761227865,13.674884510206759,13.653227464965198
4540609-1-2,15.24262693360442,15.027293616634925,14.98837779132079
4540610-1-1,14.22097566607244,14.627093792910257,14.626029747939809
4540611-1-1,13.745037663211583,14.02021186123547,14.010053510929328
4540611-1-2,13.304684934198283,13.006912346240288,12.959100375279881
4540612-1-4,13.997832114758229,14.625513368330065,14.60894588236658
4540613-1-3,13.592367006650065,13.801477833380215,13.805213959093665
4540615-1-2,14.588700484659292,14.497544772757902,14.423885340671319
4540616-1-1,13.8927367259882,13.958752016058838,13.955366755075845
4540617-1-1,14.50865773852422,13.75139399919164,13.768712228429404
4540619-1-1,13.458835614025542,13.747525105581028,13.724139448929776
4540620-1-1,14.26594903171517,14.26260230893854,14.278569036539906
4540621-1-1,13.743247680652605,14.218715643126458,14.237171482161946
4540622-1-1,13.770439379162992,13.923549784142455,13.943290408967352
4540625-1-1,11.512925464970229,12.607988055596612,12.689385598540207
4540626-1-1,13.675619557261449,14.243461019918566,14.217322332210776
4540627-1-1,13.983845907994755,14.146567802456781,14.184474681392311
4540630-1-2,13.955000615556028,13.554422067575247,13.488587794589263
4540631-1-1,12.206072645530174,12.341446791302694,12.308541063932632
4540632-1-1,13.804931231209652,13.78399157699334,13.7656088694028
4540632-1-2,14.116024233395423,13.786056038596094,13.812996204695052
4540633-1-1,12.429216196844385,12.832084320555635,12.833197208361515
4540634-1-1,12.206072645530174,12.677916536355342,12.618423975155423
4540634-1-3,13.675606905548722,13.500182409968225,13.456191558696228
4540634-1-4,13.56864023998032,13.632060621037965,13.699034297300402
4540635-1-1,14.247292974389811,13.9860691069717,13.995387231749666
4540635-1-3,14.108180171927094,13.759016203377188,13.78271033995319
4540638-1-1,11.918390573078392,13.409739393317482,13.312188709243557
4540638-1-2,14.346138809026444,14.199380803316366,14.198648196631659
4540639-1-1,13.592367006650065,14.045334561860166,14.082500387220593
4540640-1-2,13.763888196282124,13.660668068301328,13.63895934321185
4540641-1-1,13.304684934198283,12.808239849028448,12.840853553240569
4540642-1-1,13.815510557964274,13.176955540557405,13.230335534924484
4540643-1-1,13.743938761227865,14.017056891957536,13.984520503251607
4540643-1-2,13.675619557261449,13.366404359410822,13.341587697722364
4540645-1-1,13.9908634104771,14.075264975928901,14.07349201801208
4540645-1-2,13.710150042306449,13.420978413617018,13.49000041148306
4540645-1-4,13.701595010487347,13.819646750915995,13.767575109342232
4540647-1-1,13.633188976170318,13.586541707553847,13.571866081923053
4540647-1-2,14.038654109278484,13.80109932001819,13.800710084400942
4540648-1-1,14.470782764457764,14.21986201999162,14.24398084768562
4540648-1-5,14.12535350427346,13.897887685882523,13.833642166065731
4540650-1-1,14.12544326991322,14.25959086742305,14.245995287377271
4540650-1-2,14.007406446714848,13.984003250333512,13.954947138367139
4540651-1-1,14.22097566607244,13.903522177668865,13.895655461214185
4540651-1-2,10.819778284410283,11.555651773560005,11.557137308538174
4540654-1-1,13.774639603912188,14.322563132140688,14.300862872716854
4540654-1-2,13.592367006650065,13.82478662744873,13.825525492150094
4540655-1-1,14.144814305106877,13.995316331348448,14.021153854100502
4540656-1-3,15.270242119547898,15.12511087915492,15.12912034942151
4540657-1-1,14.151982794585487,13.944848872212063,13.915787766267389
4540657-1-2,13.369223455335854,12.76108936566604,12.754576113840738
4540657-1-4,13.997832114758229,13.84192773966963,13.839130658919467
4540658-1-1,13.815510557964274,13.985787903244523,13.982669615725007
4540659-1-4,13.895553304099348,13.990879705016676,13.979496978288754
4540659-1-9,13.743938761227865,13.892256576149748,13.90140074844588
4540661-1-2,14.365556918922008,14.497023380491502,14.47493405428803
4540662-1-1,14.22097566607244,14.20866310310485,14.296162760000211
4540662-1-3,14.966992851525047,15.128990215006256,15.159221279869975
4540663-1-1,13.399995114002609,13.687368031297645,13.658703146142248
4540663-1-2,13.91171976534036,13.706374843400143,13.784986704748587
4540663-1-5,11.982929094215963,12.10959049268605,12.287363467078766
4540664-1-1,12.89921982609012,13.050149172412585,13.080659282848067
4540665-1-1,13.458835614025542,13.972864550928369,13.973235110141376
4540665-1-2,13.675619557261449,13.986062011289865,13.98462436136928
4540666-1-1,13.651028894740694,13.680833676191563,13.693193469398043
4540666-1-2,13.038981768465275,13.123465165428394,13.128552511856755
4540667-1-1,13.458835614025542,13.043066691637925,13.010149976776022
4540668-1-1,13.936030622315728,14.128507458322112,14.160913223608135
4540669-1-1,13.710150042306449,12.521595809088733,12.477519002442097
4540669-1-3,13.724722239119323,14.05050117618804,14.061075992017845
4540670-1-1,12.89921982609012,13.020824860037928,12.950339608404365
4540670-1-2,13.592367006650065,13.267620973938657,13.32953362355297
4540671-1-2,13.735613089742978,13.933573888387828,13.905245532806884
4540673-1-2,13.746517664155894,12.643715284440628,12.635560337765583
4540674-1-1,13.991320124365224,13.858270147109362,13.865402294533846
4540674-1-2,11.918390573078392,11.849730690599745,11.922151504111028
4540675-1-1,13.568330428821824,13.549750196881439,13.577630022187284
4540676-1-1,13.764013756028362,13.91206126470487,13.893466866138015
4540677-1-1,13.458835614025542,13.696371851972396,13.64767539934267
4540678-1-1,13.458835614025542,13.260193099008328,13.28751217907278
4540679-1-1,12.611537753638338,13.177659138271915,13.19937556240219
4540680-1-1,14.166167429577444,14.339078340172055,14.352166857490428
4540682-1-1,13.458835614025542,14.125077351954294,14.154278852349622
4540682-1-2,13.815510557964274,13.550945568375349,13.51892582121476
4540683-1-1,13.743938761227865,14.049427890908397,14.101906849495585
4540683-1-2,14.06497145006339,14.109554870714444,14.111364201629446
4540684-1-1,13.74149365858638,13.932682784412624,13.91399173482786
4540684-1-2,13.77468856344402,12.746893558735348,12.68616756689015
4540685-1-1,14.280815666428456,14.40180394442646,14.402800174361639
4540685-1-2,14.274965621199868,14.48012202438906,14.484251133575581
4540685-1-3,13.369223455335854,13.568216051467445,13.549786220051123
4540686-1-1,13.656319394130795,14.047534955130773,14.044070091626088
4540686-1-2,12.206072645530174,12.77102077223743,12.753968199488336
4540686-1-3,13.304684934198283,13.517286107366902,13.465792070544564
4540687-1-1,14.50865773852422,14.275244156139465,14.117842419054739
4540687-1-2,13.9108207377686,13.665566144043076,13.660759110359558
4540688-1-1,13.708429674433004,14.115828272193257,14.111737754170505
4540688-1-2,13.743938761227865,13.964345438406188,13.970426420569856
4540689-1-1,14.266237708973136,14.148273636302282,14.166421358150762
4540689-1-2,14.22097566607244,13.74551877507516,13.70157085230508
4540689-1-3,13.745037663211583,13.762619831674197,13.715921970717371
4540691-1-1,14.880221294956703,14.080840596272889,14.097423381193488
4540691-1-2,13.56864023998032,13.650168109209066,13.607833597103149
4540692-1-1,14.22097566607244,13.340940168379426,13.338289580577404
4540692-1-4,14.032501923332324,13.944770579246565,13.94614706095411
4540692-1-5,13.815510557964274,13.546158891950766,13.478237791661241
4540693-1-1,13.815510557964274,13.696348144034378,13.711361091381232
4540693-1-2,13.675619557261449,14.007724813210999,14.019073495097555
4540694-1-1,13.815510557964274,14.183120392384145,14.2293024824339
4540695-1-1,13.815510557964274,13.547679995132492,13.562498186987506
4540697-1-1,13.895553304099348,14.29412102347537,14.276656059332309
4540698-1-2,14.085444274783251,14.161964983607486,14.168168936522395
4540698-1-4,12.89921982609012,12.871228576249377,12.922281308422818
4540699-1-1,13.567049198665774,13.66288584526402,13.703264149215771
4540700-1-2,13.122363377404328,12.396794446215477,12.341868886934988
4540701-1-1,13.94945856691716,14.263344124389116,14.252820203848401
4540701-1-3,14.648419680899378,14.018563249161414,13.981164508148996
4540703-1-1,14.11413257045439,14.325999831760685,14.313346499006837
4540704-1-2,13.845971319822777,13.799038657217961,13.769164799175456
4540704-1-3,14.119541506255388,13.829900748858114,13.841715904198518
4540705-1-3,13.997832114758229,13.991931898602651,14.05805240863837
4540706-1-2,13.96152335774236,14.003479974326522,13.99523872999618
4540707-1-1,13.710150042306449,13.564276632366253,13.531024963125542
4540710-1-1,13.710150042306449,13.863347685843449,13.84259286166466
4540714-1-1,13.8878312195439,13.776096707294112,13.76638028277227
4540714-1-3,14.851064740251044,14.140958097076885,14.158684838628146
4540714-1-4,13.592367006650065,12.6414828232386,12.584202754487892
4540715-1-1,15.203886064497969,15.41558196857861,15.431705043198335
4540715-1-2,14.365556918922008,15.025422760012388,14.949432441716924
4540716-1-2,14.336609801903966,13.994328129936017,14.01269558289657
4540717-1-1,13.703967637230171,14.337287777737858,14.408059675178809
4540718-1-2,13.217673557208654,12.880202729389067,12.832918488692405
4540719-1-1,13.888492396267226,13.956396593909226,13.96069775854094
4540720-1-2,12.691580461311874,13.345853651683793,13.4427302190248
4540721-1-1,11.107460317799564,13.790970072265583,13.72466052913163
4540721-1-2,13.605088247459216,13.772393167787389,13.776272323517501
4540722-1-1,15.02959536324238,15.307656734007821,15.305054069532549
4540723-1-2,15.27412558066379,14.519696781869083,14.520892812241197
4540724-1-2,13.747827364189224,14.399292090672958,14.392847835591907
4540725-1-1,13.592367006650065,13.831361600741646,13.845632499487634
4540725-1-2,13.831875912050538,14.019329185723828,14.02954131676642
4540727-1-1,13.803390404748274,13.712679802794765,13.708878192921668
4540728-1-1,13.743938761227865,13.968296791519968,13.954495346159337
4540729-1-1,13.743938761227865,13.908590563579263,13.908491508472906
4540730-1-1,13.643624733998866,13.484716550026219,13.501816716043004
4540731-1-1,14.575147479793053,14.379357721759751,14.359553420921022
4540732-1-1,13.592367006650065,13.729213088826112,13.724921846659438
4540734-1-1,14.403297222866392,13.852657212745052,13.892568695635404
4540735-1-1,14.699966600729972,14.568504846949946,14.55779849385404
4540737-1-1,13.652991628466498,13.420665707299499,13.398655631523928
4540738-1-1,12.206072645530174,13.127570017782501,13.124089623221147
4540740-1-1,14.077874822431763,13.896183928754928,13.9137845234989
4540741-1-1,14.99416555430592,14.162963420254517,14.166335285004171
4540741-1-2,13.675619557261449,13.659749451744972,13.604836412476752
4540742-1-1,13.38074539632373,14.125872005258866,14.12184906466175
4540742-1-2,13.708429674433004,13.962362945123429,13.987422156054997
4540743-1-1,13.743938761227865,13.919325252504064,13.931651161411512
4540749-1-2,14.151982794585487,14.063525803127991,14.055358670484445
4540750-1-2,13.774615058138403,13.64917349905448,13.612701828974243
4540752-1-1,13.675619557261449,13.888902557274019,13.873029358352586
4540752-2-1,12.100712129872347,12.887996694827471,12.785604251164001
4540753-1-1,14.48333993053993,14.089375303158793,14.085018609724624
4540753-1-2,13.8325643125301,13.824150934719173,13.816822392547868
4540755-1-1,13.710150042306449,13.944320275604673,13.98295414681446
4540755-1-2,13.933925393992762,14.755988246763138,14.738881980655906
4540756-1-1,14.497944240908364,13.835431726626426,13.859647206824812
4540757-1-1,13.796255806806547,14.037270960728424,14.050263063713105
4540760-1-1,14.451140377917646,13.924507153458883,13.941075265093497
4540760-1-2,13.947707764082669,13.871842688171638,13.819199128946039
4540760-2-2,14.346138809026444,13.708753053042464,13.660967321639973
4540761-1-1,13.592367006650065,13.041556572912745,13.115830818454906
4540762-1-1,10.596634733096073,12.081128105789483,11.985324662610752
4540763-1-1,14.936279237599898,14.175296890905475,14.17085116967243
4540764-1-1,13.710150042306449,13.58493080386398,13.581560982349089
4540764-1-3,12.206072645530174,12.639024105986799,12.677432360634882
4540765-1-1,11.289781913656018,12.353461679374568,12.284988161246588
4543145-1-1,13.487006490992238,13.524352474858986,13.557870972274708
4543146-1-1,12.89921982609012,13.169551184777827,13.197231382456753
4543146-1-2,12.994530005894443,13.164624143853699,13.08452857541779
4544084-1-1,14.644789949212434,14.536135615133498,14.561190967606018
4544084-1-2,14.29836871264621,14.86866144480288,14.882504669594155
4544086-1-1,13.592367006650065,12.643746957791002,12.614742886261956
4544086-1-3,13.122363377404328,12.870345534769337,12.859618547204077
4544086-1-4,13.458835614025542,13.456641356348628,13.446026428391693
4544086-1-2,13.652991628466498,13.706539337460521,13.645000259858387
4545708-1-1,13.710150042306449,15.24020276960642,15.089564500867878
4545708-1-2,15.123843377614453,14.853007832854152,14.84615029512305
4545708-1-3,13.64461391261178,13.361170729315543,13.371189826327337
4545709-1-1,14.50865773852422,15.333686851329569,15.263914443342792
4545709-1-3,14.187074114396758,14.604621806071377,14.624551079027029
4545709-1-4,11.225243392518449,13.885266035395848,14.007469304472203
4545709-1-5,12.821258284620408,12.414827416562861,12.435167217135252
4545710-1-1,12.388394202324127,12.609540251282516,12.575723522446808
4545710-1-2,13.822861163448046,13.86331966668516,13.859948864312923
4545711-1-1,13.737549016494562,13.88644802926248,13.861346651640218
4545711-1-3,13.776423190920005,14.115850983504705,14.108453798306146
4545711-1-4,13.743938761227865,14.0680661173824,14.073025508994093
4545712-1-1,15.56326005716831,15.211175592251674,15.27266013038492
4545713-1-3,15.61843183513182,14.50047378747958,14.497523680399022
4545714-1-1,13.764217263576723,13.54356638496959,13.551701594319782
4545718-2-2,14.172485456912003,14.37515211134105,14.380534668954963
4545718-3-2,13.876605657324085,13.578254745248286,13.591295708635545
4545719-1-1,13.592367006650065,13.591423756946615,13.607049585605923
4545720-1-1,13.304684934198283,13.563138357354163,13.572830953187033
4545720-1-2,13.709542079756886,13.614294234872872,13.700766954681484
4545721-1-1,12.206072645530174,12.303316768760254,12.215877144062484
4545722-1-1,13.743938761227865,13.7596520792357,13.771943597457891
4545722-1-3,13.743938761227865,13.814424348769629,13.784232447960626
4545723-1-1,15.974994845779184,16.02121671817905,15.975544117334271
4545724-1-1,16.331188866419026,15.248646089664978,15.312057131613617
4545724-1-2,14.954944841152638,14.836864431435208,14.83539446533633
4545725-1-1,12.206072645530174,12.668770554399389,12.596925078002128
4545726-1-1,13.56864023998032,13.479427055441239,13.504280473227922
4545726-1-2,13.776721911456756,13.875962835444975,13.854402159038147
4545727-1-1,13.853009597580163,14.054824180939134,14.054194992248256
4545727-1-2,12.89921982609012,13.368742240440195,13.38741447840735
4545728-1-2,13.675619557261449,13.782739993728631,13.782603867811165
4545729-1-1,13.710150042306449,13.164230775432033,13.111511339423112
4545729-1-2,12.611537753638338,12.931363603624035,12.971522838043908
4545729-1-3,13.017002861746503,13.193398695975851,13.238717771530066
4545729-1-4,12.765688433465597,13.24933672714029,13.306710541376914
4545730-1-3,13.77377115056198,14.599857619514168,14.591575418873534
4545731-1-1,13.304684934198283,13.18039140382694,13.200409690479125
4545732-1-1,11.512925464970229,12.167159451792354,12.125671410273211
4545732-1-2,11.512925464970229,12.709693329078583,12.717271325479116
4545732-2-1,12.301382825334498,12.723118958357938,12.734880857212234
4545732-2-2,12.206072645530174,12.793350609989993,12.793568625293103
4545733-1-1,13.458835614025542,13.763176964190317,13.738223688372768
4545734-1-1,13.845069360205818,14.325315679677185,14.318044805757465
4545735-1-1,13.687677186454389,13.524904342352764,13.506380343686896
4545736-1-1,13.809948116229766,13.668861944662662,13.65287991341858
4545738-1-1,15.60727002719233,15.467861293222134,15.453982313748918
4545738-1-2,15.424948470398377,15.480579253868468,15.443424219371158
4545738-1-5,13.684348142809792,13.78894944682863,13.781675890637914
4545739-1-1,13.815510557964274,13.73572636310589,13.804283631129644
4545741-1-1,13.664687668229693,13.37749457076484,13.365148047420908
4545742-1-2,13.815510557964274,12.54919758137401,12.541976080146403
4545743-1-1,14.588700484659292,15.24636617597158,15.256171661537719
4545743-1-3,13.817142538060038,13.529706356618282,13.607995238810723
4545746-1-1,15.50499114730268,15.143609279657058,15.123277000368265
4545746-1-2,13.569610019527447,13.145361379040498,13.090708164945127
4545747-1-2,14.73180128983843,14.829149602961557,14.80078763602063
4545747-1-3,14.73180128983843,14.717100007779486,14.731689768452057
4545748-1-1,15.648485224398277,15.596076232771614,15.607547682285656
4545751-1-1,15.068273526459642,14.914172517736871,14.906264997496379
4545752-1-1,13.579788224443204,13.595241052754108,13.610304134752267
4545754-1-1,13.703967637230171,13.908388263506174,13.871992166901164
4545754-1-2,13.703967637230171,13.6136706232639,13.620069978355339
4545755-1-5,14.103192661666055,14.068874832766426,14.015543910324372
4545755-1-6,14.261797660592691,14.291020254837278,14.298594348847697
4545755-1-7,12.611537753638338,12.614467871879707,12.605564589755724
4545756-1-1,13.743938761227865,13.72772039218429,13.681797439365774
4545757-1-1,13.710150042306449,13.830885659683867,13.845293914986813
4545757-1-2,13.122363377404328,12.914970342677256,12.923120208971799
4545757-1-3,14.0687649921052,14.42457538521454,14.416561048180846
4545758-1-1,13.122363377404328,13.12944983876739,13.153910608685793
4545759-1-1,15.900146895795825,15.04125028119245,14.946998869316703
4545759-1-2,13.675619557261449,14.112843963061486,14.138714090694886
4545760-1-1,14.144006514903424,14.664987599871885,14.662720895542094
4545760-1-2,15.068273526459642,14.879494568420187,14.911174991043469
4545761-1-1,14.22097566607244,13.91846201835126,13.95584493310484
4545761-1-2,13.710150042306449,13.942792247648411,13.89623762739203
4545761-1-3,14.021846957063795,13.944221979838664,13.958874410290203
4545762-1-3,14.553471734393693,14.607828747460726,14.60112760799381
4545763-1-2,16.603603466740022,15.655329713592392,15.635781256451805
4545764-1-1,14.06171934963619,14.897819521376022,14.930997342588048
4545766-1-1,13.74949861854558,13.942594257063458,13.926357823468386
4545766-1-2,14.055742762960064,14.149201398090868,14.188295584616947
4545767-1-4,13.56864023998032,13.66868028357841,13.800775694152051
4545767-1-6,12.765688433465597,13.500964570635052,13.500457876264093
4545768-1-1,13.732128949025222,13.476490299778474,13.515366259880333
4545769-1-1,13.740556718550303,14.029879723946102,13.962325308652511
4545770-1-1,15.319587954740548,15.283096659370194,15.223692114447923
4545770-2-1,15.176487111099874,15.191566952294723,15.201921906507385
4545771-1-1,11.695247021764184,12.429256286250421,12.537824194935556
4545772-1-2,15.319587954740548,15.038597070783355,15.059685388938641
4545772-1-3,14.648419680899378,14.549585607294606,14.549991057575195
4545774-1-1,14.50865773852422,13.733909768977945,13.767121580494088
4545776-1-2,13.710150042306449,13.226055707070163,13.23255367187354
4545777-1-1,13.592367006650065,13.651978868931808,13.657073916011152
4545779-1-1,15.88342763486697,16.18922700930412,16.150313724058908
4545779-1-2,16.40176970201256,15.206263353071266,15.311470848045825
4545779-1-5,13.737188613719448,14.057104191633826,14.085084145693006
4545780-1-1,13.7787733732995,13.775318787625158,13.770008893827182
4545780-1-2,13.743938761227865,13.568995930915774,13.65698676393237
4545780-1-3,11.002099841204238,12.272048682974185,12.206824648070171
4545782-1-3,13.38472764187182,13.062656099710656,13.135393159515482
4545783-1-1,10.308952660644293,11.420029498837362,11.27745750268238
4545783-1-2,13.304684934198283,13.113460211032363,13.094421730317777
4545783-1-3,13.56864023998032,13.559700039435954,13.657871469642066
4545784-1-1,13.85633257248453,14.141312658912401,14.112679989946527
4545784-1-2,13.85633257248453,14.130977641401373,14.18298317946946
4545786-1-1,13.742043428503926,14.068419659212468,14.047033825272077
4545787-1-1,13.640254382476323,14.476291915402664,14.48477006847616
4545788-1-1,13.98067525308538,13.784983993914452,13.793447082848095
4545789-1-1,14.50865773852422,12.970383494139305,13.073914739818319
4545789-1-2,15.319587954740548,14.937232236587045,14.92519879585758
4545790-1-3,14.363631966473962,13.968035419436655,13.93840750104552
4545791-1-1,14.648419680899378,14.200335203211857,14.318526336569262
4545792-1-2,13.329377546788654,13.460438305634808,13.436077725737837
4545792-1-3,13.75440048630488,13.944948647734053,13.986342897347999
4545794-1-2,11.512925464970229,12.113046000183935,12.110011152332806
4545794-1-3,13.774615058138403,13.863845542410628,13.813891268004172
4545795-1-1,14.077524280229795,13.988418608968091,13.989189342617836
4545795-1-2,13.304684934198283,12.846238356944093,12.87688257401044
4545795-1-4,13.708615184458989,13.653918410265426,13.621766522263457
4545797-1-1,12.89921982609012,13.17660250229775,13.16875770004248
4545798-1-3,13.703967637230171,13.792874985449073,13.763133122284039
4545801-1-2,13.944343429807242,14.23393369040869,14.231112017602795
4545803-1-3,14.201823002504064,14.471659010856586,14.497528611653726
4545804-1-1,13.962962530034536,14.180807745052151,14.170418677512393
4545804-1-2,11.107460317799564,13.051441526813516,12.98870742086278
4545804-1-3,13.040429972029486,13.288247990756652,13.35224528176771
4545805-1-1,13.081541382884074,13.3231329564313,13.271603123041293
4545805-1-2,14.143526425786495,14.735079264806668,14.623991226174594
4545805-1-3,13.773572771909272,13.884997766907167,13.887718697202876
4545808-1-3,12.611537753638338,12.792821105290239,12.814187581381109
4545808-1-4,13.815510557964274,13.221635415446702,13.262252236932108
4545809-1-1,13.592367006650065,14.060776570398609,14.081008725701802
4545809-1-2,14.640947376114983,15.016694848575007,14.986255618108666
4545811-1-2,12.89921982609012,13.928438398615985,13.912994396315444
4545812-1-1,13.592367006650065,13.805276023626035,13.790560714527036
4545813-1-1,13.122363377404328,13.22035240476855,13.252341459951033
4545813-1-2,12.301382825334498,12.833289249984194,12.854504633492128
4545813-1-3,13.86893532290367,14.017726246678142,14.014426203996774
4545814-1-1,14.22097566607244,13.825611230154513,13.776860509188717
4545814-1-2,11.608235644774552,12.059496797703796,12.030407485764876
4545815-1-1,13.592367006650065,13.897581304310012,13.9385324103487
4545816-1-1,13.854731271117556,13.701944553297452,13.696631002677552
4545816-1-2,14.077874822431763,13.992461933146755,13.945380420453944
4545816-1-5,14.077874822431763,13.466394740372701,13.438521871054519
4545816-1-6,13.527828485512494,13.255656382711335,13.285198944520662
4545817-1-1,13.304684934198283,13.257282038247178,13.296268883305011
4545817-1-2,13.458835614025542,13.536326562967766,13.519792696990253
4545818-1-1,14.365556918922008,14.690120059935449,14.669059127420876
4545819-1-1,14.880221294956703,13.841966473746254,13.80946652721517
4545820-1-2,13.98795937256165,13.962711991717663,14.000233565751246
4545821-1-1,13.081541382884074,13.201158224397092,13.16391284552327
4545822-1-1,13.592367006650065,13.313301195556008,13.344385548993833
4545823-1-1,13.304684934198283,14.149620919099323,14.10463999090137
4545824-1-2,14.955904380647338,14.153580364867015,14.135682022199047
4545825-1-1,13.56864023998032,13.476432174287403,13.487479896588008
4545826-1-1,13.56864023998032,13.904288641701738,13.981723969548922
4545826-1-2,13.71046811671542,13.677550884800935,13.657075861237617
4545828-1-1,13.6623593784701,13.640758912079503,13.635296461214192
4545829-1-1,13.735875183985767,13.997571044777306,13.990507312970312
4545829-1-3,13.703967637230171,14.289768268147052,14.2687292663058
4545830-1-1,14.77102200299171,15.299390286003852,15.302900143134492
4545832-1-3,12.206072645530174,13.437382104213802,13.49802558327595
4545832-1-4,12.206072645530174,13.560237976380764,13.571404109173942
4545833-1-1,13.527828485512494,12.39748464687516,12.391614422272882
4545833-1-2,13.743938761227865,13.549351234773438,13.552606884879395
4545834-1-1,13.56864023998032,13.640643554144688,13.62098152675678
4545834-1-2,13.709542079756886,14.100803405040029,14.110598848949282
4545835-1-1,13.997832114758229,13.991652330851313,14.034370031900343
4545835-1-2,13.122363377404328,13.910582359332498,13.83622563734123
4545836-1-2,13.592367006650065,13.799041416255317,13.838932185446765
4545836-1-3,14.19898743708799,14.026255781720906,14.032174763771717
4545836-1-5,12.388394202324127,13.097766086606212,13.062667341807012
4545837-1-1,13.735875183985767,13.893652731295115,13.868090057907056
4545838-1-1,14.077874822431763,13.935523257799932,13.919144457848219
4545839-1-1,13.694607307935511,13.86471048682912,13.853545644711172
4545839-1-2,13.675619557261449,13.589206814260836,13.619765657353241
4545839-1-3,12.429216196844385,12.911476848206878,12.891770885176616
4545840-1-1,13.802377698234176,14.123843493630549,14.143915730423483
4545841-1-1,13.815510557964274,13.790405081005561,13.794622288275304
4545841-1-2,13.56864023998032,13.687425542325748,13.66664823081432
4545844-1-2,13.648373111872097,14.159286550961882,14.144872544745159
4545845-1-1,13.017002861746503,13.783860998387894,13.709833613450465
4545845-1-3,12.206072645530174,13.145718303009932,13.134411881157972
4545845-1-4,12.611537753638338,13.122167302726876,13.212973834134031
4545847-1-1,15.424948470398377,14.248722339440452,14.253790659259936
4545847-1-2,14.22097566607244,13.725832212632676,13.756322168168102
4545847-1-3,12.89921982609012,13.190533735615112,12.875975138169663
4545848-1-1,13.217673557208654,12.850194676160942,12.876625897605866
4545849-1-1,13.743938761227865,13.891872755628706,13.986798158064635
4545850-1-1,15.250595083253597,14.887731350320449,14.8886988827936
4545850-1-3,14.684010591037046,14.036160251305871,14.039604019883429
4545852-1-1,13.304684934198283,13.131423023762116,13.152615249643386
4545853-1-1,13.815510557964274,13.786346115855052,13.73242548693404
4545854-1-1,15.89495209964411,15.356396373294455,15.370030363040462
4545854-1-2,15.89495209964411,15.26687282275181,15.276894984281263
4545856-1-1,13.592367006650065,13.0654920710862,13.068175028234522
4545856-1-2,13.122363377404328,13.753230050510068,13.739827410231102
4545858-1-1,14.549479693044471,14.711691926452088,14.738531946870454
4545858-1-2,13.815510557964274,14.216630124602306,14.114334020368021
4545859-1-1,14.654003086379689,13.762098062821373,13.772311771915907
4545859-1-2,13.973833415000485,14.14816436478454,14.142459512104908
4545860-1-1,16.300417207752275,15.418502107787901,15.364640097882663
4545860-1-2,13.710150042306449,15.58701676708231,15.604817906796162
4545861-1-1,14.50865773852422,14.939266806508558,14.963035989672793
4545861-1-2,12.89921982609012,12.644584977799335,12.727384565965567
4545863-1-2,13.743938761227865,13.885988523299874,13.878949083994998
4545864-1-1,14.023779529186278,13.783310088880269,13.805688009519871
4545865-1-1,13.17115354157376,12.682816560882705,12.694388554509638
4545865-1-2,13.56864023998032,13.544533522572673,13.546210726463505
4545867-1-1,13.705829262835188,13.85968009277205,13.837863450055396
4545867-1-2,13.705829262835188,13.77417754051759,13.76393605471427
4545867-1-3,13.705829262835188,13.861142962916864,13.876331633336822
4545867-1-4,13.675619557261449,13.880551141700366,13.904715804430257
4545868-1-1,13.997832114758229,13.890961535738787,13.867687067507887
4545869-1-1,13.831875912050538,14.259416972346374,14.269923080552596
4545869-1-2,14.261797660592691,13.974015760676869,14.071081993895607
4545870-1-1,13.710150042306449,13.231283206665154,13.166027510709347
4545871-1-1,14.077874822431763,13.710224736760695,13.689696558978389
4545871-1-2,13.912334704778331,13.971646554285968,13.987534545219484
4545873-1-1,15.841463436671146,15.402132800308083,15.326023772602957
4545874-1-1,14.549479753044476,14.548532433391347,14.551321267274627
4545875-1-2,13.304684934198283,14.237545451139956,14.287291155233024
4545875-1-3,14.73180128983843,14.612522508423137,14.601075810804035
4545875-1-4,13.675619557261449,13.96596120124884,13.984222305016083
4545876-1-1,14.50865773852422,14.286736013075416,14.342018314666564
4545879-1-1,15.424948470398377,14.550865508394425,14.554102009445947
4545880-1-1,10.819778284410283,12.616341832155221,12.450303751381254
4545881-1-2,13.997832114758229,13.549229556121597,13.510596155918112
4545882-1-1,14.50865773852422,14.214804337922512,14.33946143430861
4545885-1-1,14.22097566607244,14.525811874363404,14.451990184025314
4545885-1-2,14.50865773852422,14.852608797173943,14.93750359289889
4545886-1-1,13.017002861746503,13.52514794824431,13.53501002155414
4545887-1-1,13.94561240453791,13.939316338307336,13.92038886621119
4545887-1-2,12.611537753638338,12.667882242625542,12.694582987289502
4545888-1-1,12.89921982609012,13.741045162049419,13.720352991776476
4545889-1-1,13.458835614025542,14.295105794634237,14.277676514902954
4545889-1-3,13.776720871905466,14.557630560045064,14.560825403103433
4545890-1-1,13.98795937256165,14.075982066831743,14.100457189131824
4545890-1-2,12.940041795610371,13.27420656404386,13.241642563743909
4545891-1-2,11.512925464970229,12.442266774316808,12.479653890885649
4545891-1-4,15.50499114730268,15.22626858131424,15.24484288884292
4545892-1-1,14.403297222866392,14.394063070431987,14.430958912634077
4545893-1-1,14.914122846632385,14.40640144627156,14.436857414232486
4545893-1-4,14.22097566607244,13.729744623980425,13.824030245898543
4545894-1-1,13.122363377404328,12.378399965389786,12.358889092573575
4545895-1-1,13.74034112843317,14.110612650813396,14.113708245558271
4545895-1-2,13.675619557261449,13.787091511308008,13.76668322945651
4545896-1-1,15.201804919084164,14.921757960313055,14.957834442584495
4545896-1-2,16.210370957462626,15.053408516791148,15.064307327324924
4545897-1-1,13.815510557964274,13.570566183117073,13.504496643479278
4545898-1-3,14.549479753044476,14.829180862126952,14.782189218329052
4545899-1-1,13.710150042306449,13.759474387031025,13.809560516505604
4545900-1-1,13.458835614025542,13.920885666486221,13.92634359040807
4545900-1-2,13.527828485512494,13.791734360708892,13.769865373984796
4545901-1-2,13.815510557964274,13.561961658185922,13.585943462461588
4545903-1-1,13.675619557261449,14.078556021381774,14.086108467071591
4545903-1-2,13.743938761227865,14.018820331383573,14.034480702072146
4545904-1-1,13.973833415000485,13.968881557324126,14.010671152942994
4545904-1-2,13.743938761227865,13.67107574244725,13.650803833326135
4545908-1-1,13.997832114758229,13.674050281197747,13.667646133611049
4545909-1-1,13.458835614025542,13.90223192404472,13.875395648547553
4545938-1-1,13.304684934198283,13.500815899365247,13.478066976611016
4545938-1-2,13.304684934198283,13.463369867583488,13.459999489364264
4548588-1-2,14.98644350821201,15.375846859675493,15.421580130787842
4548588-1-3,15.44259190557097,15.210736394670777,15.241456702060505
4548588-1-4,14.580513175624649,15.000433255827595,15.03528889731966
4548589-1-1,13.815510557964274,14.107623040873863,14.048837997523849
4549440-1-1,13.253391639810731,13.863635600685862,13.870036064584825
4549440-1-2,13.705695691957068,13.714664204986715,13.724875856316705
4549441-1-1,16.11809565095832,16.13605005773765,16.143774345328538
4549441-1-2,16.300417207752275,16.100068632121165,16.116768089707488
4551396-1-1,13.997832114758229,14.681723051817496,14.938569038577766
4551396-1-2,14.914122846632385,13.856787639409998,13.956649868826009
4551397-1-2,12.206072645530174,12.129817268457108,12.091014146262347
4551398-1-2,12.89921982609012,12.498313168711276,12.437880150214797
4551399-1-1,13.957193263188502,13.798697893121766,13.84199360441196
4551399-1-2,12.301382825334498,11.826711525338842,11.79831589521753
4551401-1-3,15.191333598164238,14.405468318395762,14.355365246423618
4551402-1-1,13.644388180600252,13.472131497211514,13.48251292098231
4551403-1-1,13.710150042306449,13.734944504035203,13.7163721707666
4551403-1-2,12.429216196844385,11.868102184477724,11.851466996988625
4551404-1-3,15.424948470398377,14.663365348410245,14.671446585129422
4551404-1-7,13.893746364944764,13.973286749655648,13.925109773830965
4551404-1-6,13.799256866987204,14.00190533881678,13.988675645057777
4551404-1-5,13.592367006650065,13.114038459522723,13.108296359605456
4551404-1-4,14.588700484659292,14.688380310545426,14.707207420964581
4551405-1-2,12.206072645530174,13.231572291819976,13.230822522923177
4551406-1-1,13.764217263576723,14.027425093315285,14.089422176413645
4551407-1-1,15.107952033161114,15.119214882604558,15.070599380901605
4551410-1-1,13.304684934198283,13.28889281332485,13.285516418858098
4551410-1-3,13.592367006650065,13.48815718336435,13.488824789043527
4551411-1-5,11.002099841204238,11.68106853845364,11.598033572722459
4551411-1-1,15.068273526459642,14.636797721374053,14.630232314924454
4551412-1-3,13.696964606361512,13.420974091246016,13.445703286804621
4551412-1-1,14.006072651412676,14.141797180140376,14.143766960653819
4551414-1-2,13.743938761227865,13.860101980276328,13.90568877599716
4551414-1-1,13.527828485512494,13.322672707770485,13.31444565189242
4551415-1-1,13.76258751520538,14.181262627467937,14.173153494831457
4551415-1-2,13.740377108265063,14.072844962617053,14.051618574793588
4551416-1-2,14.73180128983843,14.311721898276197,14.265560695110524
4551416-2-2,14.326336156730264,14.433778073464724,14.417255361600645
4551416-2-1,13.633188976170318,13.885153911548082,13.858510227761002
4551417-1-2,14.270823445372944,13.882046633565878,13.861548339075235
4551418-1-1,13.743938761227865,13.878753744432636,13.86660898570926
4551419-1-1,14.656750103767514,14.551396892647873,14.583356521418517
4551419-1-2,14.594835434765272,14.193976140728795,14.185314837429994
4551420-1-2,13.735875183985767,13.730424645262547,13.724831459942907
4551420-1-1,13.527828485512494,13.747931131683853,13.748166346808347
4551421-1-1,13.56864023998032,13.618383407457424,13.647227971556793
4551422-1-1,13.675619557261449,13.587437412139751,13.596866781540816
4551422-1-2,13.675619557261449,13.140182590187163,13.04629916811126
4551424-1-1,13.815510557964274,13.617687021205562,13.608102805402899
4551425-1-1,13.721199878493032,13.506935935733413,13.479588041434464
4551425-1-3,13.122363377404328,12.680718122418595,12.637477475722761
4551426-1-1,14.871563232213587,14.417540019371625,14.40709170225148
4551426-1-2,15.558896413753594,14.812504390336843,14.80237447275322
4551427-1-1,13.73334526064868,13.788855675679953,13.74387784036934
4551428-1-1,13.774615058138403,13.95262453995116,13.944021619947534
4551429-1-3,13.96022629695925,13.647868235186639,13.689165568355309
4551430-1-1,13.815510557964274,13.570500721978398,13.56093681951919
4551430-1-4,13.743938761227865,13.029668036359595,13.108106517819802
4551431-1-2,13.815510557964274,13.313683447388923,13.372218036446949
4551431-1-1,14.10038870308332,13.979087691879,14.020736637528211
4551431-1-3,13.997832114758229,13.573536316682338,13.553623076723992
4551433-1-3,12.611537753638338,12.985194578431553,13.145645549296638
4551433-1-2,13.235692062711331,12.460765628838601,12.457238157242905
4551433-1-5,13.895553304099348,13.858629935930352,13.923072615893387
4551434-1-1,14.80244612940776,14.932762023557672,14.896599615856964
4551436-1-1,13.710150042306449,14.692039388326142,14.666175115500053
4551436-1-3,13.675619557261449,13.913820208663822,13.88282118556346
4551438-1-1,13.85952744338105,14.050734430587035,14.056817860787291
4551439-1-2,12.89921982609012,13.589255335305316,13.568016391336988
4551439-1-1,13.592367006650065,14.034817605070485,14.04214251962424
4551440-1-2,13.458835614025542,14.2779144340257,14.248470583822423
4551440-1-1,13.458835614025542,14.166026243600667,14.17845066751248
4551440-1-6,13.56864023998032,13.613415141080285,13.59875978142508
4551440-1-3,12.611537753638338,13.533222972121578,13.544119020027509
4551440-1-5,14.22097566607244,14.291900801351613,14.344842617539022
4551441-1-1,13.710150042306449,13.84093226061563,13.830908143702413
4551442-1-1,14.37066555420304,14.247383787617622,14.258183140940256
4551443-1-2,13.74949861854558,13.891642582994693,13.9036120141657
4551443-1-1,13.973833415000485,14.323651020922746,14.325992411517719
4551444-1-3,12.89921982609012,12.884432833172397,12.856893613359537
4551445-1-1,13.832859196298887,13.764518164619282,13.786752527770755
4551446-1-1,13.217673557208654,13.165112342809575,13.1664714964834
4551447-1-1,13.592367006650065,13.106854265450458,13.14819184738713
4551448-1-1,13.458835614025542,13.802407831966988,13.812517764744472
4551449-1-1,14.750116929763731,14.113026162920681,14.068402520963613
4551450-1-1,13.774615058138403,14.15083461646139,14.158960556192147
4551451-2-1,13.709542079756886,13.962930638477847,13.930817439522116
4551452-1-1,14.73180128983843,14.660762060091626,14.735416342018528
4551453-1-1,13.702715040498036,13.987838930657821,13.988647113137432
4551453-1-4,13.592367006650065,13.22513881516184,13.237791328918956
4551453-1-3,13.750972036826704,13.828600731477563,13.81794006778887
4551455-1-2,13.815510557964274,14.015597007313481,14.021454011119673
4551455-1-1,13.831383907120564,14.054331184163091,14.059877517177544
4551455-1-5,13.710150042306449,13.486508483139422,13.530505719662267
4551455-1-7,13.592367006650065,13.652805370083835,13.624235040069513
4551456-1-2,13.56864023998032,13.586566084480088,13.606982642503676
4551456-1-5,13.891255466392185,13.808623473949869,13.773648925087317
4551456-1-8,13.675619557261449,13.44421033662217,13.46372307189871
4551457-1-1,14.015626497304972,14.099042116108242,14.123995046558989
4551458-1-1,14.04387595169713,14.091208706581325,14.075494744071015
4551458-1-2,13.771683727923332,14.225049174837432,14.225854624291227
4551458-1-3,14.188138633801763,13.829780317262829,13.834405382695666
4551461-1-1,13.652991628466498,13.8185393010426,13.864169443672422
4551462-1-1,14.219225886099965,14.058183729359977,14.105984063198802
4551463-1-1,13.56864023998032,14.072591506261983,14.080492973736439
4551464-1-1,11.156250521031495,12.709820829082517,12.749882902288372
4551466-1-2,14.151982794585487,13.52113444712388,13.507243815812382
4551466-1-1,13.665462585926656,13.939959183222925,13.931985671083309
4551467-1-1,14.02328003146551,13.787616040714747,13.844786255980434
4551467-1-2,13.777735414471527,13.830786285339705,13.828212181061865
4551468-1-1,13.824514215616208,14.056757006379124,14.056039173882843
4551468-1-5,13.708615184458989,13.813817583196139,13.79185076412067
4551468-1-6,13.74414310599848,13.91840601823449,13.899302146922544
4551468-1-7,13.592367006650065,13.844940129977338,13.861963981664019
4551469-1-1,13.80680609631866,14.0000237119859,13.993466671757162
4551470-1-1,13.56864023998032,13.368715873313377,13.367611460945271
4551470-1-2,12.611537753638338,13.504790189021625,13.468142943103178
4551471-1-1,14.288634314546254,14.241261925105384,14.248513729426545
4551471-1-2,13.675619557261449,13.823219608763923,13.808679906421279
4551474-1-1,14.31810237680316,14.390021495180973,14.392557747568047
4551474-1-2,14.549479753044476,14.608201060518635,14.601839495043944
4551475-1-2,13.633188976170318,13.809145330577921,13.844011386284642
4551475-1-1,13.592367006650065,13.499797954291214,13.472803215307573
4551475-1-4,13.592367006650065,13.440725596844626,13.404359933783283
4551477-1-1,14.50865773852422,13.965832587616493,13.964606500565964
4551477-1-3,13.675619557261449,14.228033586487165,14.265965519023926
4551478-1-1,13.304684934198283,13.576425959366782,13.566777054558658
4551479-1-1,13.908089739257369,14.008215492508052,13.99414744920387
4551479-1-2,13.56864023998032,13.24948933741152,13.280978464193778
4551480-1-2,13.770439379162992,13.863846534069415,13.871327266908917
4551481-1-1,13.779756623583165,13.770652462109716,13.82383755209921
4551481-1-3,13.527828485512494,13.261434566177458,13.256829797065798
4551482-1-4,14.183073709643802,13.90049858596977,13.872881337660253
4551482-1-5,14.510655741186891,14.256418651771778,14.236144523824045
4551483-1-1,14.22097566607244,14.364714608406427,14.343222506935534
4551485-1-1,14.22097566607244,14.138549926103492,14.152890548441027
4551486-1-1,13.955000615556028,14.202253740642748,14.191602677951389
4551486-1-2,13.122363377404328,13.842483697771804,13.868371493613397
4551486-1-5,13.180632285528304,13.480018961997517,13.470828323324296
4551487-1-1,14.287207128376096,14.587686448224472,14.572887068858389
4551488-1-1,13.592367006650065,14.178453409164398,14.18771182411693
4551488-1-2,13.592367006650065,13.772401859180096,13.699691247935155
4551489-1-1,13.74949861854558,13.642570563616298,13.75137603090277
4551489-1-3,14.143526425786495,14.059628087904379,14.059523454249558
4551490-1-2,13.710150042306449,13.826304472358723,13.856135276465027
4551491-1-1,15.424948470398377,14.92369889040542,14.914258057284279
4551494-1-2,14.426181494075546,14.462963538634567,14.477733073297278
4551495-1-1,13.997832114758229,13.735172258749612,13.72657045503439
4551495-1-2,14.50865773852422,14.192955839668148,14.178907789860077
4551496-1-4,13.52544030273946,13.75120852174194,13.741753384843062
4551497-1-3,13.831875912050538,14.36990507586447,14.378370766016062
4551498-1-2,13.017002861746503,12.844504384291684,12.916529574982427
4551498-1-1,13.017002861746503,13.547972070914863,13.51207723638398
4551498-1-3,13.742351520045396,13.864151428446558,13.854224812903384
4551499-1-3,12.89921982609012,13.432501404591612,13.394991374184274
4551500-1-2,11.84939770159144,11.594173162601043,11.531457575210307
4551501-1-1,13.122363377404328,14.807852145556124,14.805797966609827
4551502-1-1,12.89921982609012,13.391258463533733,13.365166437303671
4551502-1-3,13.122363377404328,13.172010822951814,13.180856841517652
4551504-1-1,13.737678400016046,14.006618719648728,14.01097270586148
4551505-1-2,13.675619557261449,13.585388651698956,13.567084688230075
4551505-1-1,13.806398607447075,13.965184238972647,13.985419827030155
4551506-1-1,13.997832114758229,13.394754540564378,13.397243280867514
4551506-1-3,13.675619557261449,13.922371621091596,13.917271777431662
4551506-1-2,13.87371283651006,13.713586307693578,13.735508585394403
4551507-1-2,13.675619557261449,14.1119476965936,14.122935732815181
4551507-1-1,13.997832114758229,14.098705294902734,14.118442346098394
4551508-1-1,12.89921982609012,12.917848801337282,12.9633041500357
4551509-1-1,14.258057314210374,14.601907995085073,14.603484659465565
4551509-1-2,14.671909767988536,14.688350948517755,14.698269342833498
4551510-1-1,13.399995114002609,13.909502146673622,13.923579058741936
4551511-1-2,13.805412746236335,13.697436326014051,13.683091034254884
4551511-1-1,14.121523587100778,14.15319463221304,14.14604177630991
4551512-1-1,13.753635154246188,13.61801962892782,13.630904568637963
4551513-1-3,13.876135179780707,13.555544121413975,13.617093581375123
4551513-1-1,13.743938761227865,13.76703647973185,13.798831226095968
4551514-1-1,14.28551418721001,13.717437549602037,13.74945949972536
4551514-1-2,13.664687668229693,13.319546699031886,13.339029875184723
4551515-1-1,12.797952052199292,11.712719256022819,11.808008323183412
4551516-1-1,13.592367006650065,13.846732821667038,13.710402162973125
4551517-1-1,13.458835614025542,13.309033584418112,13.375474642830833
4551518-1-1,15.89495209964411,14.460608694143588,14.550979007055455
4551519-1-1,13.666402984024725,13.551953497679689,13.555373381294752
4551519-1-4,13.56864023998032,13.231639542076712,13.196462906767886
4551520-1-1,13.919009279057684,14.037570588675429,14.0125794396553
4551521-1-1,13.997832114758229,14.321085415629183,14.346211974900719
4551522-1-1,14.689589475799634,14.013161892978932,14.005824419223147
4551523-1-1,13.735875183985767,13.977239688743154,13.973761505306872
4551524-1-1,13.217673557208654,13.35965635012503,13.133706976595827
4551525-1-1,13.804378260738982,14.026306633633352,14.035338592643122
4551525-1-2,13.743938761227865,13.948065165743227,13.964611305035808
4551526-1-1,14.261797660592691,14.53835774343308,14.540204240651159
4551527-1-1,13.775552187808952,14.037975398071143,14.039920897700075
4551528-1-5,13.527828485512494,13.376060809135367,13.38457248696528
4551528-1-1,13.93724400269197,13.798515755055433,13.824438082323558
4551528-1-4,13.592367006650065,13.055654243604213,13.122320267421578
4551528-1-8,14.250965847748404,14.746833908372704,14.741148900554986
4551528-1-9,13.592367006650065,13.23176309404712,13.331646889727457
4551529-1-1,13.710150042306449,13.64980745805594,13.620659253766924
4551530-1-1,13.735875183985767,13.73614543619362,13.7651413705054
4551531-1-1,13.796935224734534,13.84797590966628,13.822948059533356
4551532-1-1,13.017002861746503,13.100988805307125,13.175199816203133
4551533-1-2,13.304684934198283,13.512006026671875,13.514994667818073
4551533-1-1,13.90004562141882,14.446910042374824,14.416636999186924
4551534-1-2,13.774615058138403,13.895893544567468,13.874919672413597
4551534-1-1,14.291744736960643,14.530041767687631,14.515950117216784
4551534-1-3,13.926495091643464,14.165214463886565,14.187384011968085
4551534-1-4,13.675619557261449,13.490430467345673,13.45239375033571
4551535-1-1,13.815510557964274,13.704606342493019,13.693370249224147
4551535-1-2,13.304684934198283,13.385591474681222,13.414488217132785
4551536-1-1,13.815510557964274,13.479476489120078,13.492716995522061
4551538-1-1,13.56864023998032,13.49495440267372,13.502082608253447
4551538-1-2,12.206072645530174,12.478277703113175,12.49255910580208
4551540-1-1,13.741275039215292,13.80507114591405,13.804951352483245
4551541-1-1,13.743938761227865,13.991465584126786,14.02247363904444
4551542-1-1,13.997832114758229,13.853711911311175,13.887613459017295
4551542-1-2,14.345746599769509,13.712553194662275,13.7076597503718
4551543-1-2,10.46310334047155,11.592292635680991,11.649963485063862
4551543-1-4,11.512925464970229,12.525863950504458,12.519075012968429
4551544-1-1,12.542544882151386,12.93926991391948,12.887138319303126
4551545-1-1,14.038403977998264,13.691173360772344,13.694639085387752
4551546-1-1,13.997832114758229,13.768399926848389,13.74539983234707
4551547-1-1,14.57548005606238,13.932169526009279,13.949326168329792
4551550-1-1,13.645602039642446,14.257708295309806,14.236231622557694
4551551-1-3,13.888492396267226,13.490029046074214,13.424726935739788
4551552-1-1,13.703035558164084,13.663305895115442,13.672652226869918
4551552-1-2,13.675619557261449,13.737142207669422,13.735058032858397
4551553-1-2,13.644388180600252,13.819602533753459,13.849457577722797
4551553-1-1,13.592367006650065,13.660270745462526,13.629131266786992
4551557-1-1,13.122363377404328,13.421125443379827,13.394263062443896
4551558-1-1,12.301382825334498,12.772817601132033,12.794157262687179
4551558-1-2,13.815510557964274,13.70278079039447,13.725490111734898
4554542-1-3,13.76496540470198,13.7815934496662,13.75752833111741
4554544-1-1,13.644388180600252,13.775876173419084,13.7568765288902
4554545-1-2,11.695247021764184,13.28243770540595,13.278956003272697
4554546-1-1,13.997832114758229,13.98919901213037,14.001808949801696
4554546-1-2,13.1499785444373,13.100523215319367,13.127359174734755
4554547-1-1,14.260331626489652,14.200879055661723,14.197869080987704
4554547-2-1,13.913695352102948,14.201355599201277,14.177336400841101
4554548-1-3,13.981024996441848,13.789231812889527,13.746130150557475
4554548-1-1,14.403297222866392,14.267948805747762,14.30860180830381
4554549-1-2,13.458835614025542,13.268330004804307,13.206544858776498
4554549-1-1,13.89647434131734,14.178842598553802,14.186265502060726
4554549-1-7,13.776720871905466,14.333732860581282,14.363445938730068
4554550-1-3,14.22097566607244,13.914635943160231,13.87896187407082
4554550-1-1,13.997832114758229,13.80228842470462,13.839532029738638
4554551-1-2,13.304684934198283,13.74083796047848,13.737745182553223
4554551-1-1,13.815510557964274,13.652567818796175,13.623370422087476
4554552-1-1,14.77102200299171,14.6740818604913,14.654342328502894
4554552-2-1,13.774615058138403,14.465894886663008,14.464106796231333
4554553-1-1,13.605828492909048,14.20792948045065,14.218886782376725
4554553-2-1,12.89921982609012,13.309284839601363,13.385291460172935
4554553-2-2,11.289781913656018,12.050108610358905,12.038900187627634
4554553-3-1,13.592367006650065,13.57153094301211,13.533025529683348
4554553-3-2,13.534473028231162,13.858094248385019,13.8595483926217
4554554-1-1,13.592367006650065,12.873055237199104,12.884750871853306
4554554-1-3,13.710150042306449,13.927387180055092,13.928073353058823
4554555-1-1,14.50865773852422,13.995036270885953,13.983347905293028
4554555-1-3,13.675619557261449,13.863768289497525,13.861213849012426
4554556-1-1,16.198138327862626,16.21883136622273,16.27478463666339
4554556-1-2,13.592367006650065,15.00957981770496,15.1487758487303
4554557-1-1,15.44540451162415,14.978279045318308,15.168786334018929
4554557-1-2,15.096444403426338,15.822938489203635,15.770619618451931
4554559-1-1,14.981262123495986,15.011782307006937,15.101992900081529
4554559-1-2,16.523560759066484,15.41326519506437,15.286234876824954
4554562-1-2,16.38045991542581,15.684475920137505,15.832787663242565
4554563-1-2,15.50499114730268,16.267008880319086,16.261149134691184
4554563-1-1,15.28184766521924,15.314223151552236,15.364549269279744
4554564-1-1,16.11809565095832,15.341046538437185,15.41905597602838
4554565-1-1,16.834104500661528,15.327996262274798,15.364692153280938
4554566-1-1,15.424948470398377,15.8904506221946,16.027679825907857
4554567-1-2,15.60727002719233,15.898191776981914,15.931570263198855
4554567-1-1,13.304684934198283,14.158376606632716,14.171312559369941
4554568-1-1,13.592367006650065,14.189908973192242,14.150501474503825
4554571-1-1,14.92517265534644,14.473853812834728,14.507139464316278
4554572-1-2,17.216707939626428,14.761845517270427,14.75469215528584
4554574-1-1,15.399630662414085,15.797066190167586,15.840266870062823
4554574-1-2,14.57319622059929,14.797783743917137,14.763309862162897
4554575-1-3,15.424948470398377,15.173038796656622,15.214962578079122
4554575-1-1,14.28551418721001,15.13896707639518,15.139665043781656
4554575-1-2,14.845129975145433,15.046337959274677,15.15637584362069
4554577-1-2,14.22097566607244,15.435566428610683,15.441830822850871
4554577-1-1,14.914122846632385,15.59529537937333,15.577284805538484
4554577-1-4,13.592367006650065,14.22579654636796,14.242190369504575
4554578-1-1,14.50865773852422,15.039822767201953,15.095241979867847
4554580-1-1,15.501909511534503,15.750306964654254,15.751180378521681
4554583-1-2,16.66814202633913,15.660688913612697,15.63042623201019
4554583-1-1,15.841463436671146,15.996939325980103,15.951925491912668
4554584-1-1,12.429216196844385,12.750534527912695,12.715621158585467
4554585-1-2,14.50865773852422,14.417190159282082,14.406759758591063
4554585-1-1,14.261797660592691,15.093063622541411,15.159730779576812
4554586-1-2,14.077874822431763,13.869069443181544,13.864187462954563
4554586-1-1,13.74949861854558,13.629218711369276,13.634197051201767
4554586-1-3,13.849911984681606,13.813200674724934,13.803032198956037
4554588-1-1,15.538277155705378,15.535726673859218,15.645077727047047
4554599-1-1,14.319512981553302,14.426114927011609,14.406652745550167
4556899-1-1,13.790192749979983,14.175023995279728,14.15257635153107
4556899-1-3,14.408376869035612,14.579351763351758,14.552455844104744
4556899-1-6,14.266586177324491,13.92071221546746,13.958802097800545
4556899-1-7,14.28551418721001,13.120207310002181,13.144732627786384
4556900-1-2,15.053884789007542,14.234132721000817,14.209930009994316
4556901-1-1,14.091878902121344,14.303691171674265,14.273281964395496
4556902-1-1,13.836223983592992,14.094165034296362,14.071518834879384
4556902-1-2,13.836223983592992,14.406485996649423,14.360902400877842
4559809-1-1,13.815510557964274,13.941264123714179,13.920553750963151
4559810-1-2,15.029705908564646,14.557882694503792,14.55772886664887
4559811-1-2,14.077874822431763,14.20254597850414,14.252808168449892
4559812-1-1,13.122363377404328,13.191500173002469,13.203071120479652
4559813-2-1,14.914122846632385,13.943639148154642,13.908022142310438
4559814-1-2,13.920470956085754,13.892030368370971,13.860434570512524
4559814-1-1,13.527828485512494,13.687158867213732,13.704566546452984
4559815-1-4,14.151982794585487,14.297540344976825,14.200904540227539
4559815-1-6,14.159911546649411,13.98739378990095,13.9945694025787
4559815-1-11,14.914122846632385,14.499276541313291,14.50541261789635
4559815-1-10,13.56864023998032,13.842773170023172,13.909914159118967
4559815-1-8,14.071443899843407,14.124899814699113,14.09716842124986
4559816-1-2,13.82347872761345,14.001957914781448,13.993264007341317
4559816-1-1,14.981262123495986,14.436287992662622,14.449882548408484
4559817-1-1,12.206072645530174,13.374411535182755,13.379669217212088
4559818-1-3,13.458835614025542,13.200681001880271,13.244282091602688
4559818-1-4,13.458835614025542,13.615469658270639,13.63533911845666
4559818-1-2,13.9108207377686,13.977918876482178,13.993280551281963
4559819-1-1,15.112864409787518,14.638594887191605,14.744658314262512
4559821-1-2,14.53335035111459,14.723197523603346,14.688393810129599
4559822-1-4,13.122363377404328,11.98946540422048,12.019780948374638
4559822-1-2,13.458835614025542,12.717903471978197,12.790273562010869
4559822-1-1,13.903714640064964,14.044118984942399,14.021865820885536
4559823-1-1,12.765688433465597,13.458663522331067,13.451421224993748
4559823-1-2,13.743938761227865,13.750972021898463,13.74175657951655
4559824-1-1,14.115383549523122,13.895125595498765,13.9099605303715
4559824-1-3,13.9108207377686,13.800062098022693,13.81431585348851
4559825-1-1,14.062275025856556,14.281560347466607,14.324205693852418
4559827-1-1,13.592367006650065,13.895574333301933,13.895029564517401
4559827-1-7,13.815510557964274,13.688904219336266,13.660711489341189
4559829-1-3,13.6623593784701,13.560967285794534,13.538490472074908
4559830-1-4,13.803651516681764,13.79573090508187,13.784859536683788
4559830-1-1,14.012565542797702,13.823533832323529,13.842265325675623
4559830-1-2,12.611537753638338,12.021194831826019,12.040180096853165
4559833-1-3,13.708615184458989,13.947009500907049,13.95950746263316
4559833-1-1,14.437430229235853,14.768339055286607,14.781896975637963
4559834-1-1,13.772603056952995,14.095163586567109,14.125063982742285
4559835-1-1,13.743938761227865,13.941251550609548,13.936265487648315
4559835-1-2,11.918390573078392,13.44917475530069,13.536664699114663
4559836-1-2,13.743938761227865,13.811604489473984,13.804568865876206
4559836-1-1,13.743938761227865,13.7092423694451,13.722483004363824
4559837-1-1,13.740377108265063,13.644457748685003,13.661729004122531
4559838-1-1,13.777171221284611,13.87324232488876,13.856299755485123
4559838-1-4,12.89921982609012,12.922014605854974,13.01358439738025
4559838-1-2,14.403297222866392,14.006186828893835,13.998650846165221
4559839-1-2,13.56864023998032,13.99558085775386,14.005781923769677
4559839-1-1,13.56864023998032,13.48998937199139,13.460071316496162
4559840-1-2,12.206072645530174,12.173383529389689,12.195071002392195
4559840-1-1,14.97239175475636,14.76503623358185,14.77315890938794
4559841-1-2,13.824183836108876,14.298016551951248,14.298647050436523
4559841-1-1,13.774615058138403,14.205105123252446,14.168743515554524
4559841-2-2,14.33957473905015,14.044848884791364,14.027969102059693
4559841-2-1,13.774615058138403,14.00912433779021,13.981437647027851
4559842-1-2,13.815510557964274,13.799458884583832,13.791723298731032
4559843-1-3,14.109952946647944,14.150529553073882,14.18233065895946
4559844-1-1,13.644388180600252,13.612551746910805,13.600739005415855
4559844-1-3,14.28551418721001,13.84219276975227,13.89200825828616
4559845-1-2,14.22097566607244,14.520134321336931,14.499364494918966
4559847-1-2,13.90995161018662,13.64007393100287,13.639924863643287
4559848-1-2,14.058326041759958,14.206934845621797,14.17565478308214
4559849-1-1,14.521080258522776,14.180335655802944,14.16956348530969
4559850-1-2,14.22097566607244,13.830600261804468,13.834298196405046
4559850-1-1,13.857014899632755,14.73187494493126,14.716721611622164
4559851-1-1,13.710150042306449,13.415121026477335,13.423714497598658
4559853-1-2,13.304684934198283,13.508620065759727,13.512606534505851
4559853-1-1,13.817053679239985,13.942765509853455,13.961897871613886
4559854-1-1,13.997832114758229,14.474532250665993,14.462323932702656
4559854-1-2,14.581598324190264,14.555399327981988,14.582379388010951
4559855-1-2,15.12294209320127,14.56935172445286,14.57523804893055
4559855-1-1,12.206072645530174,12.546466927147298,12.548075769881986
4559856-1-1,13.592367006650065,13.704773065129778,13.714146592713375
4559857-1-1,12.206072645530174,12.26961126346272,12.32964059393602
4559857-1-2,15.03928598958639,14.809592529104185,14.796549049876596
4559859-1-2,13.805590958513893,14.090541098836328,14.070401551734557
4559859-1-1,13.592367006650065,13.704418776337896,13.716716246641004
4559860-1-2,14.22097566607244,14.388080442781748,14.427526505147128
4559861-1-1,13.945480694963916,14.192777266461839,14.198573059486101
4559862-1-1,13.997832114758229,14.023980864833812,13.97807475334735
4559862-1-2,14.502745797387467,14.105325691539505,14.071911874480326
4559863-1-2,15.60727002719233,14.412237062777415,14.28773846202006
4559863-1-1,13.88305483073856,14.194117941297304,14.191472148665023
4559864-1-1,13.56864023998032,13.340237735066443,13.359984370929133
4559865-1-3,13.56864023998032,13.42314594572113,13.390419682216088
4559866-1-2,12.765688433465597,12.60390550982515,12.610529240654703
4559866-1-1,13.997832114758229,13.489222745674565,13.472263383329032
4559867-1-1,14.944759789154618,15.113750630384086,15.151575837134704
4559868-1-1,14.403297222866392,13.796519964020131,13.802125062306487
4559871-1-1,14.288558065533453,14.682700673721216,14.687710492535203
4559871-1-4,13.592367006650065,13.21603211460934,13.241336570713571
4559872-1-1,15.648092021712584,15.364542320490735,15.347117563649116
4559874-1-4,15.003353980360329,14.415852926638502,14.425562294760041
4559874-1-1,14.468639782657403,14.263064611901417,14.265903333092242
4559874-1-2,13.592367006650065,13.78283615893476,13.80580744108212
4559874-1-3,14.403297222866392,13.78629742599835,13.800418504676344
4559875-1-7,14.419279927373005,14.207054403124552,14.157918045232474
4559875-1-1,13.122363377404328,14.917572047258904,14.923467655072761
4559875-1-2,13.122363377404328,14.161689658555286,14.216366471934505
4559875-1-6,12.765688433465597,13.204161697029274,13.180083621393328
4559877-1-2,13.64461391261178,13.510639689803073,13.478748965416967
4559879-1-1,13.710150042306449,13.318876319107464,13.304429519722094
4559880-1-5,13.675619557261449,13.840880728013564,13.856870486854078
4559880-1-4,13.675619557261449,13.965598245744328,13.948566625073598
4559881-1-1,16.11809565095832,14.828764559445705,14.832791112458459
4559881-1-2,14.914122846632385,13.417654402001006,13.365145331653537
4559881-1-3,14.50865773852422,15.479964263047554,15.38175989073065
4559883-1-3,13.790192749979983,13.97132020762902,13.986907548940932
4559883-1-2,13.527828485512494,13.180852368061052,13.193848147876444
4559883-1-5,13.745931420907242,13.970113819866468,13.980537644580343
4559883-1-4,11.982929094215963,12.760280455440775,12.878948219972408
4559884-1-1,15.009433026436708,14.48854352681389,14.477953236413473
4559885-1-3,15.49260711887219,16.525406605943967,16.539614713079335
4559885-1-4,14.99416555430592,15.670112784615915,15.521010471576353
4559886-1-1,12.611537753638338,13.480006373087793,13.428326988821386
4559887-1-2,11.289781913656018,12.480964232444734,12.677538518828948
4559888-1-1,13.527828485512494,13.881653469535493,13.856569015073054
4559889-1-3,11.156250521031495,12.089374011263377,12.057463299772714
4559889-1-2,14.077874822431763,14.429142915084876,14.446610570910796
4559889-1-1,13.743938761227865,13.691196460752202,13.655279378411455
4559890-1-2,15.687312734865866,15.117453469445948,15.129524616773487
4559890-1-5,13.64461391261178,13.918812333373841,13.90836456824062
4559890-1-4,14.588700484659292,14.89668475612114,14.825485977085426
4559890-1-1,15.761420707019589,15.949432462399907,16.013352636643983
4559891-1-1,13.997832114758229,14.247492347873788,14.23405558413237
4559892-1-1,14.73180128983843,13.945611003474239,13.97195918427173
4559892-1-2,10.596634733096073,12.529626271683409,12.562303232974081
4559892-1-3,13.815510557964274,13.157450866308796,13.11196788495318
4559893-1-1,12.388394202324127,11.871709764230053,11.896808657950814
4559894-1-1,14.29112342597452,13.997545140340032,14.010577937908447
4559896-1-1,13.824278630819848,14.577275468892974,14.525417385412876
4559896-1-3,14.263698812258076,14.08911645061408,14.087145730337307
4559897-1-1,13.815510557964274,13.104160358089338,13.07144993146074
4559899-1-1,13.815510557964274,13.675337771341427,13.701937391980861
4559900-1-2,15.201804919084164,15.891559913378979,15.764477694832554
4559901-1-2,13.527828485512494,13.717989146477427,13.680552412994686
4559901-1-1,13.589749443192984,13.640487791653987,13.589768044306084
4559902-1-1,14.637490610367188,14.145151263866897,14.20436438705137
4559902-1-3,15.150511624696614,14.616042063786736,14.694623246560855
4559903-1-1,13.742373374058506,14.050704719254854,14.061595747378997
4559903-1-2,13.639171047996973,14.15806298844887,14.13800902534843
4559904-1-1,13.458835614025542,14.1053975167295,14.12595083837808
4559905-1-2,14.264382716454817,13.956080742068846,13.938574511998645
4559906-1-3,14.77102200299171,14.483607506096144,14.498138100785095
4559907-1-2,13.696964606361512,14.063467261231928,14.052427933834329
4559908-1-1,13.97006686979746,14.050797740053579,14.05913738337001
4559908-1-2,13.677557977705789,13.932589633796711,13.920984274430666
4559908-1-3,14.22097566607244,14.099687801920801,14.10985845755604
4559909-1-1,14.72846242201773,14.788932199389242,14.764320351974632
4559909-1-2,15.326968098802876,15.076151763542331,15.05901703843594
4559910-1-2,14.426181561948848,14.599554455245798,14.614348197643562
4559910-1-1,15.139042619530636,14.713286076165431,14.687443728582101
4559911-1-1,14.601996316908265,14.221962415034765,14.182047124869513
4559911-1-2,14.601996316908265,14.439596695409167,14.475842040481004
4559912-1-2,12.611537753638338,13.443386115311082,13.464105949501853
4559913-1-3,13.56864023998032,14.120804451556374,14.132746304580925
4559913-1-2,16.11809565095832,14.823394264915327,14.764626676672554
4559914-1-2,13.678431164335768,13.809098055947311,13.842859290514623
4559914-1-1,13.56864023998032,14.062919093182632,14.0359000994478
4559914-1-3,14.526825022021402,15.208250732848986,15.20238273550647
4559915-1-1,13.710150042306449,13.385138691500611,13.387141273018942
4559915-1-3,11.695247021764184,11.977277204603517,11.980429042775636
4559916-1-2,13.56864023998032,12.809955755562092,12.847444359147836
4559917-1-1,13.743938761227865,14.230104992829972,14.217583020682575
4559917-1-2,13.938550308409337,14.388265162036415,14.404567954660138
4559917-1-3,13.815510557964274,14.050180534003834,14.007571354689802
4559918-1-1,13.304684934198283,13.230766427136633,12.994021451301919
4559919-1-1,14.566140134598475,14.516170456082243,14.488388343450808
4559919-1-2,15.399630662414085,15.117087748938191,15.146562060499711
4559920-1-1,13.592367006650065,13.883366246989201,13.92342142983866
4559920-1-2,14.077874822431763,13.560371851245778,13.709057381646602
4559920-1-4,13.592367006650065,13.072164266625597,13.17886792359942
4559920-1-3,13.541073712262516,12.121641232179089,12.041508524923849
4559921-1-1,14.914122846632385,14.303262583091206,14.354166521386976
4559922-1-1,13.304684934198283,12.891163765365109,12.985817778981893
4559923-1-2,13.973833415000485,15.48522276633506,15.546491791225003
4559923-1-1,16.811242831518264,16.12212298693888,16.04140768323532
4559924-1-2,13.766971034256898,13.77944682073643,13.767532023545924
4559925-1-2,13.304684934198283,11.89900487277156,11.846243761992682
4559925-1-1,13.815510557964274,13.405544369476807,13.441241014444186
4559926-1-2,13.885233429602934,13.811873140858523,13.94863986798978
4559927-1-2,13.527828485512494,12.956358438768339,13.017230173135836
4559927-1-1,13.776720871905466,14.519284024999752,14.565547314225478
4559928-1-2,12.611537753638338,12.56577092210949,12.632734173663335
4559928-1-1,14.50865773852422,13.308188094856217,13.259290059011313
4559930-1-1,13.304684934198283,12.89402393735808,12.842889363395992
4559931-1-3,14.261797660592691,14.621325910124495,14.599748329483294
4559931-1-1,15.424948470398377,14.749617878977961,14.763622265423644
4559931-1-4,13.815510557964274,13.330263776982463,13.21124525513894
4559933-1-1,11.512925464970229,12.875528116978407,12.818063718539468
4559935-1-1,13.650528229141244,14.015579981748276,13.992941275391965
4559935-1-2,13.56864023998032,13.83728382400499,13.819458718192678
4559935-1-3,13.650528229141244,13.7622571070637,13.820112964823176
4559936-1-1,15.641403060407423,15.298575163057633,15.33724176605692
4559936-1-2,14.04589979577733,14.085884416409908,14.087466368696914
4559936-1-3,15.83398499340533,14.34680224970062,14.343869433823286
4559936-1-4,13.669520954525714,13.83511393967733,13.80538473498124
4559936-1-5,14.688371731911094,14.883150450996252,14.870666811901566
4559937-1-1,13.743247680652605,13.948030359899866,13.957809216606531
4559937-1-2,13.738758757435804,14.139327003992845,14.100334567099445
4559938-1-1,13.806590580489708,14.37155463744922,14.36811901551272
4559940-1-1,12.765688433465597,13.298778219330792,13.284804725827135
4559940-1-2,13.675619557261449,13.685430228340595,13.689312320055759
4559941-1-1,14.081951884522864,14.059809895115507,14.0424981250285
4559942-1-1,13.592367006650065,14.460709069653962,14.513299373030907
4559942-1-2,14.50865773852422,14.097102574052581,14.101645467222859
4559943-1-1,13.807027679875432,14.360057060977784,14.360658928046846
4559943-1-2,10.819778284410283,11.393597280387034,11.424125819537132
4559944-1-1,13.705829262835188,13.710131342145399,13.717854387219388
4559944-1-3,13.592367006650065,13.52454485330198,13.480724561465285
4559946-1-1,15.226497531674536,15.177928468949418,15.24583938306144
4559946-1-5,13.56864023998032,13.709249370133582,13.662989157291936
4559947-1-1,15.974994845779184,15.137516629661642,15.174549306059765
4559947-1-3,15.068273526459642,15.012127357746014,15.002071002135377
4559948-1-1,15.068273526459642,15.199041983670217,15.250340210012373
4559948-1-2,14.689241640637023,14.858369857122547,14.835553437131969
4559949-1-2,13.487006490992238,13.241158891629894,13.194971853161949
4559949-1-4,14.261797660592691,15.083739786174249,15.18753280746123
4559952-1-1,13.592367006650065,13.440332447750684,13.44238200831593
4559952-1-2,13.592367006650065,13.20637569838197,13.205156905887412
4559953-1-1,13.997832114758229,14.27040978269845,14.337445284513878
4559954-1-1,12.206072645530174,13.66447807066821,13.57622474550591
4559955-1-2,14.96555499387943,14.832079418560317,14.78069286262258
4559955-1-3,14.900136576488627,14.737687441675105,14.647515551791855
4559956-1-1,15.876024089758593,15.308002848617098,15.278350746025865
4559956-1-2,14.684010591037046,15.042286614630834,15.07906349053058
4559956-1-3,14.077874822431763,14.8053505123327,14.765023107747208
4559957-1-1,13.592367006650065,13.611277575864275,13.634721805667434
4559958-1-1,14.845129975145433,14.220932555899878,14.303979549346964
4559960-1-1,13.592367006650065,13.595978715192958,13.596453605152435
4559960-1-2,13.815510557964274,13.901934988715128,13.888131381352375
4559961-1-1,15.373655176010825,14.201689053156652,14.188507634616823
4559961-1-2,14.354923638582177,14.924609690558903,14.948129419747955
4559963-1-1,15.119328674635492,15.155191023646772,15.261046134437837
4559964-1-2,13.069665610364526,13.363556409449291,13.470564909074032
4559966-1-1,14.50865773852422,13.934557724114521,13.919956440658163
4559966-1-3,14.28551418721001,14.39901260687574,14.408336736423335
4559967-1-1,13.592367006650065,13.737637096748369,13.763217691846371
4559967-1-2,13.764217263576723,13.604495453395652,13.595587709489976
4559968-1-1,14.077874822431763,13.591670128058192,13.629050804765587
4559968-1-4,14.403297222866392,13.733191919759456,13.75347369826968
4559969-1-1,13.735875183985767,14.229266462673149,14.2254347586447
4559971-1-1,15.319587954740548,15.182973418931857,15.219939967182743
4559974-1-1,13.76854440115654,14.282444904875053,14.307883588621193
4559976-1-1,13.815510557964274,13.781720948717,13.757941891867205
4559977-1-1,15.915571366438682,15.892460794031013,15.898592788304873
4559977-1-2,13.122363377404328,13.79426198314303,13.891160360901056
4559979-1-1,15.732433170146336,14.90885610868299,14.931639853346297
4559979-1-2,15.91964471223448,15.475806496222425,15.440112709510267
4559980-1-1,15.89495209964411,15.89216529754063,15.90727504694665
4559981-1-1,13.709097266109788,14.031326394687596,14.045024215161572
4559982-1-1,14.077874822431763,13.61399832306069,13.622908753112226
4559982-1-5,13.458835614025542,13.32012445275267,13.342742023932296
4559983-1-1,14.039888846676424,14.137423994513485,14.150293701340463
4559983-1-3,13.675619557261449,13.83776972549199,13.839716597204523
4559983-1-4,13.709097266109788,13.977379826165041,13.943483178656999
4559984-1-1,15.680881870342027,14.984884684204207,14.87040521278791
4559985-1-1,14.08620741361396,14.168633745181388,14.154216544523726
4559985-1-2,13.711097371226456,13.67585631295692,13.676767944760812
4559985-1-3,13.592367006650065,13.495510409882405,13.502126378461423
4559986-1-1,12.89921982609012,13.03362899865565,13.179447055239697
4559986-1-3,13.818292995891111,13.838273503644599,13.830414636464631
4559988-1-2,13.813508555293602,13.627051435174577,13.573359202686714
4559989-1-1,13.458835614025542,13.204739889198509,13.184648589720233
4559989-1-2,11.512925464970229,12.06259409062529,12.183257986364659
4559990-1-2,12.611537753638338,13.599337672324275,13.545997592486163
4559990-1-7,13.743938761227865,13.729768562141206,13.711411945677009
4559991-1-2,13.96473142764972,13.78662050059323,13.782849306200475
4559992-1-1,16.012735135300492,14.860951520548198,14.893045377090845
4559994-1-1,15.230554352613066,14.63919561399483,14.62130547951242
4559995-1-1,13.729092822916211,14.029966730866997,14.0403106605418
4559996-1-2,13.743938761227865,13.409573080267407,13.423055977813194
4559997-1-1,15.355955563197137,15.436816063578126,15.471263660338499
4559997-1-2,15.399630662414085,15.704359566086291,15.651246149380457
4560000-1-1,13.708615184458989,14.213850962468806,14.202903038086188
4560001-1-1,14.218669258357815,14.486365788987522,14.537432150693121
4560002-1-1,13.56864023998032,13.833653775391612,13.836295635228108
4560002-1-3,13.675619557261449,14.025708866036666,14.029761302939548
4560002-1-4,13.675619557261449,13.99837761163738,13.995785961492004
4560003-1-1,13.38472764187182,13.713996505877802,13.724591744950342
4560003-1-2,13.235692062711331,13.328785857020225,13.326284687961707
4560004-1-3,13.675619557261449,13.756496405131474,13.718971719961578
4560005-1-2,14.287647301128978,14.23751985197909,14.232672497921033
4560006-1-1,14.077874822431763,13.951847528099618,13.983485637495566
4560007-1-1,13.527828485512494,13.396932096948522,13.408590024101468
4560008-1-2,10.596634733096073,11.478831463330117,11.451440259915376
4560009-1-1,13.675619557261449,13.819846209034369,13.821569102930862
4560011-1-1,13.96669484238793,13.897248484872657,13.903339123743832
4560011-1-4,13.96669484238793,14.055123178738887,14.04956582957094
4560013-1-1,13.997832114758229,13.919438458249486,13.906838125109278
4560013-1-2,13.710150042306449,13.41652469579656,13.425013807764987
4560013-1-3,13.122363377404328,13.27350238154388,13.274183420014262
4560014-1-1,12.89921982609012,13.577902365204036,13.58245695897259
4560014-1-2,14.210428742293097,13.82860623272177,13.83804283797982
4560015-1-1,13.743938761227865,14.012461744775548,14.02055096265781
4560015-1-2,13.743938761227865,13.6949661545679,13.645089259790904
4560016-1-1,13.997832114758229,15.471873842116972,15.434825766845574
4560017-1-1,14.549479753044476,14.434595753147118,14.46984186261613
4560017-1-2,14.549479753044476,14.361024532699105,14.361787356343056
4560018-1-1,14.055742762960064,14.265927779200322,14.2727292681782
4560019-1-1,14.22097566607244,13.909129866713121,13.929864309320447
4560022-1-1,13.83402553060853,14.358359738836871,14.381236469977566
4561874-1-1,15.530148943250031,15.578327065674744,15.55924500027292
4561874-1-2,14.949597208016392,14.738080395213366,14.704934144881204
4561874-1-3,13.56864023998032,13.820112314929311,13.824347233634857
4562153-1-1,13.304684934198283,12.814283075526046,12.782204407539409
4562155-1-1,13.592367006650065,13.783798290269027,13.794381408601772
4562155-1-2,11.56171562913966,12.994424117011699,12.990625141705019
4562156-1-1,13.743938761227865,13.881231150152292,13.905660454888796
4562156-1-2,13.743938761227865,13.611378170016925,13.623330238376992
4562158-1-2,13.73393892687444,13.191937581609823,13.173223710883326
4564442-1-2,13.802931775757417,14.002536242974529,14.012544044967473
4564442-1-1,13.853009597580163,13.748373614990594,13.66692112907119
4564442-1-3,14.077874822431763,14.061610586121802,14.091596683571352
4564444-1-1,13.815510557964274,13.76782382788034,13.754316446067781
4564444-1-2,13.122363377404328,12.522253760121089,12.544539510271314
4564444-1-8,13.304684934198283,12.652203896513889,12.707145559708309
4564445-1-1,12.539564216699816,12.493598193880496,12.459533265665863
4564448-1-2,12.676076274775909,12.544974403360216,12.491795917562827
4564448-1-1,13.803651516681764,13.863874947092974,13.897062547729478
4564448-1-4,13.803651516681764,14.037582040507717,14.02477747489944
4564449-1-1,14.182234837756008,14.333335168321286,14.284560074308729
4564450-1-1,14.827111469642754,14.51731921984124,14.471129990780367
4564451-1-2,15.026955352315015,14.855242246667022,14.819175166999527
4564452-1-1,13.917784953949775,14.719660607108235,14.711596120482396
4564453-1-2,14.686803923907693,14.289467040193527,14.346647728833327
4564453-1-1,14.43966484471584,14.446364227085931,14.36302937937524
4564454-1-2,13.815510557964274,13.559450326757919,13.572548493132196
4564455-1-1,13.996542116401349,13.993401821243706,13.935269188921382
4564456-1-1,13.857341743080353,13.875886405489458,13.894717945093628
4564457-1-1,14.72846242201773,15.172409520720691,15.093543046831767
4564457-1-3,14.14039999000759,13.889950285289244,13.846617409656995
4564458-1-1,14.038654109278484,14.06747182387956,14.100044768087821
4564459-1-1,15.068273526459642,14.180243768764552,14.169574377240277
4564459-1-3,14.195657858088149,13.658200296163425,13.694655975171317
4564460-1-1,14.194957698503709,14.031011631955627,14.024659710469027
4564460-1-2,14.086364357214894,14.060766317607944,14.044652053867967
4564461-1-1,14.131447943922051,14.318107015868389,14.319656139369247
4564461-1-2,14.143526425786495,14.448417194110421,14.437152574684367
4564462-3-1,13.592367006650065,13.639209714499005,13.542292343744844
4564464-1-1,14.690979295318174,14.203316453697326,14.225905739891076
4564464-1-2,13.883169206438088,14.366277904627818,14.281725557248961
4564464-1-4,13.840896588621344,13.987376474036408,13.994572152615165
4564465-1-1,13.487006490992238,13.520748744809161,13.546190548219133
4564465-1-2,13.997832114758229,13.686918434962497,13.689498909078942
4564466-1-1,14.22097566607244,13.961673353729672,14.04843946141361
4564466-1-3,14.588700484659292,14.320748655117308,14.317117633168303
4564466-1-4,12.971540487669746,12.827531931202603,12.775581580439795
4564467-1-1,13.458835614025542,13.601146513023783,13.618297305950454
4564468-1-1,15.28824920822654,15.01886508882435,15.11141315964425
4564468-2-1,13.92574909421057,13.938112206412935,13.949235594536814
4564469-1-1,13.815510557964274,14.378875431945715,14.377565140190896
4564469-1-2,14.50865773852422,14.529262852831344,14.554593733806385
4564470-1-1,14.44109237444928,14.781542048739674,14.777606550254625
4564471-1-1,13.774615058138403,13.975874866826333,13.976166360709813
4564471-1-2,13.692724653804394,13.571450283537756,13.590012769213734
4564472-1-1,12.388394202324127,12.019759124930303,12.027504798533995
4564472-1-2,13.707316030285314,13.735279503195848,13.753492355129044
4564473-1-3,13.56864023998032,13.817831952493718,13.851516725905213
4564473-1-1,14.232779723257352,14.137957724515527,14.15509502183605
4564473-1-2,13.815510557964274,14.051865189761603,14.08653759349175
4564474-1-2,14.588700484659292,14.672319950775186,14.66039689887363
4564474-1-1,12.206072645530174,13.862237823694468,13.814332738629012
4564475-1-1,14.22097566607244,13.517775631623373,13.551347544590197
4564475-1-4,11.512925464970229,12.15891827433111,12.205428356055357
4564476-1-1,13.527828485512494,13.910037685154936,13.915582105258142
4564477-1-4,13.627023231821388,13.828363341101673,13.7758220560962
4564477-1-1,13.997832114758229,13.729404876651035,13.752837001506165
4564478-1-1,13.997832114758229,13.766975879472716,13.812335782683421
4564479-1-1,13.304684934198283,13.559297412398877,13.571084516431004
4564479-1-3,12.206072645530174,12.845510628855578,12.820545419340329
4564479-1-2,13.304684934198283,13.412448282611983,13.394738788021279
4564479-1-5,13.017002861746503,13.439908341754444,13.437166656443209
4564479-1-6,13.38472764187182,13.532816949429607,13.570455502346478
4564479-1-7,13.304684934198283,13.35604697497629,13.372682563439124
4564479-1-8,13.217673557208654,13.409431567939953,13.432439318098076
4564480-1-1,13.89605556254252,13.75642146712384,13.759269804200612
4564480-1-5,13.743938761227865,13.897445866102885,13.905993381190582
4564481-1-1,13.743938761227865,14.034336323599016,14.063691783000548
4564482-1-2,14.253765488895429,15.075468554411271,15.06331369917383
4564483-1-2,13.803651516681764,13.731863438928343,13.70226928372076
4564483-1-3,13.081541382884074,12.774644911002467,12.823560287537797
4564484-1-1,14.50865773852422,14.400769143488958,14.338454120266103
4564484-1-3,14.077874822431763,14.893697102934688,14.931734297828886
4564484-1-4,14.513355001590138,14.44745202037245,14.442729003238972
4564486-1-1,14.914122846632385,14.157991666362285,13.982443846373977
4564486-1-2,12.206072645530174,13.728341204652324,13.744503643771267
4564487-1-1,13.641157170819495,13.83890896068581,13.837423721734167
4564488-1-1,14.22097566607244,14.289182396980692,14.274337252632195
4564489-1-2,13.487006490992238,13.338370583237943,13.377004904927308
4564489-1-1,13.687677186454389,13.34907132587239,13.368219869683001
4564490-1-1,14.151982794585487,13.489374739745575,13.522334922930124
4564490-1-2,13.997832114758229,13.519748732469672,13.51878070679845
4564490-1-4,14.008057469670002,13.795242634505335,13.763181554513364
4564492-1-2,12.89921982609012,14.044386976254048,14.048742910826425
4564494-1-1,13.997832114758229,13.673974452881852,13.716323791268048
4564494-1-3,13.74414310599848,13.813962285805324,13.77363885808359
4564497-1-1,14.45957830752117,14.124963713399126,14.14080935693699
4564498-1-1,14.77102200299171,14.166970263956669,14.151823150805885
4564498-1-2,14.914122846632385,14.187314406372117,14.1748509557729
4564500-1-3,13.458835614025542,12.515267693724601,12.438771723811959
4564500-1-2,13.743938761227865,13.835662681398144,13.832867613249567
4564501-1-1,15.257476116454626,14.645872734624328,14.652564481170877
4564502-1-1,14.304090572782943,14.167780666390492,14.191713569695086
4564504-1-2,13.700473724602691,13.96478828743733,13.977572170990655
4564504-1-1,13.6673971483408,13.923580827357778,13.900038516360203
4564505-1-3,14.22097566607244,13.708196470558022,13.683380116576046
4564505-1-2,11.512925464970229,12.662956250292549,12.691975440042304
4564508-1-1,11.289781913656018,12.80829230285858,12.816588908286297
4564509-1-1,14.403297222866392,13.924703639362917,13.913782043770876
4564509-1-2,14.960184450394426,14.11565258545516,14.11095278215283
4564511-1-7,13.675619557261449,12.983770119427396,12.96877300565953
4564511-1-6,12.542544882151386,12.706625851703786,12.694672974309102
4564512-1-2,14.349003891930316,14.257162896008042,14.209365901003496
4564512-1-1,13.743938761227865,13.89924890245898,13.909987232469227
4564513-1-1,13.458835614025542,13.814488615268115,13.808700833388428
4564513-1-2,13.458835614025542,13.604556095059376,13.60545643357285
4564514-1-1,13.76496540470198,13.584903812056995,13.599574690200011
4564516-1-1,13.42984807715229,13.152739422047567,13.156429337959734
4564516-1-3,13.743938761227865,13.961843882362892,13.94561871300901
4564517-1-3,13.777281033421222,13.443447662216673,13.522453963085374
4564518-1-1,14.303845143894732,13.723635810844486,13.673181528865841
4564518-1-2,13.997832114758229,13.974201419996056,14.014326877557405
4564519-1-1,13.122363377404328,13.392223526333874,13.397723437179152
4564520-1-1,12.206072645530174,13.320634353238791,13.316578652547477
4564522-1-1,14.134570196392986,14.502262419413718,14.51772362736224
4564522-1-2,14.01903164175256,14.130633711643135,14.117459778447742
4564523-1-1,14.50865773852422,13.07930994781938,13.09462651745447
4564523-1-2,11.982929094215963,10.903108451971285,11.061490551741334
4564524-1-1,13.899892491411894,13.976751049133336,13.995411901003466
4564524-1-2,13.605088247459216,13.780394036808671,13.778244718125078
4564525-1-1,13.846155845010108,13.96932108090524,13.971995310808847
4564525-1-6,13.802546574994848,13.764502661626109,13.777142092029731
4564526-1-1,13.592367006650065,13.397798970906925,13.425174874690782
4564527-1-1,14.07649772081629,14.559170964856234,14.551773336989232
4564528-1-1,13.884037404211664,13.99152656191392,13.990526470756743
4564529-1-1,13.997832114758229,12.98832814344015,13.006064653646895
4564529-1-2,13.751730149386743,13.715953703083823,13.715452328540513
4564530-1-1,14.047793319182771,13.975314168202255,13.979943716654677
4564530-1-3,12.89921982609012,12.858771649748498,12.860758063498537
4564530-1-2,13.886590100837402,14.024666731579348,13.939579192754532
4564531-1-1,14.470436525704022,14.195936797803514,14.22034417232323
4564531-1-3,14.301018373745976,15.031148291727801,15.01903534856432
4564531-1-5,14.652036285268483,14.545437696588813,14.564816944460567
4564532-1-3,13.675619557261449,13.705100844144894,13.716893201533187
4564532-1-2,13.458835614025542,13.479447466700167,13.500726714721049
4564532-1-1,13.675619557261449,13.971218405510767,13.9750383689527
4564533-1-1,13.73135290069499,13.961592236383467,13.979034393108881
4564533-1-3,13.675619557261449,13.643333473375566,13.669471195890193
4564533-1-4,13.675619557261449,13.783039181547133,13.76894641883541
4564534-1-1,13.633188976170318,13.889175647598087,13.843921710392015
4564534-1-3,13.633188976170318,13.8789474869053,13.918722007546755
4564534-1-4,13.633188976170318,14.180160612370717,14.137300856392361
4564535-1-1,14.419826524817603,14.14040026824563,14.170698594657132
4564536-1-2,12.206072645530174,13.07052257486068,13.122394965211473
4564537-1-1,12.429216196844385,13.614581623578866,13.612252640215818
4564537-1-2,10.308952660644293,11.321258750259876,11.278583735196234
4564538-1-1,13.122363377404328,13.574604761790209,13.575697979394096
4564539-1-1,13.871890891400382,13.592408261147153,13.60595751969533
4564540-1-1,13.815510557964274,13.8683521998193,13.852711565419058
4564541-1-1,13.737549016494562,13.849636368707865,13.889047478024727
4564542-1-1,13.769338535344216,14.000489291128835,13.998966545973342
4564542-1-2,13.675619557261449,13.803998318484352,13.846081519598398
4564545-1-1,13.815510557964274,13.500270835184182,13.541376046086631
4564546-1-1,13.56864023998032,14.152967962350937,14.149391733188486
4564546-1-2,14.73180128983843,13.473538582608988,13.523762446343353
4564549-1-1,13.845069360205818,13.801898809144088,13.898620889340023
4564549-1-2,10.819778284410283,11.852191748375352,11.79647844225162
4564550-1-1,13.499657637117226,13.188128158630908,13.238739547518936
4564550-1-3,13.56864023998032,13.14469432855652,13.11231892964049
4564551-1-1,13.969661202077246,14.2088310588687,14.211681704997286
4564552-1-2,14.116141585897209,14.400995580382341,14.43173238716061
4564552-1-1,14.22097566607244,14.869298367526687,14.842359772935435
4564553-1-1,12.611537753638338,13.18356428386972,13.167467764718152
4564554-1-2,13.726679344257658,14.208595664455007,14.218301926745191
4564555-1-1,13.710150042306449,13.4669133165529,13.475405392588407
4564559-1-3,13.122363377404328,13.229470411805393,13.319508873977677
4564561-1-1,14.498607402670718,14.620108173880203,14.60608074298758
4564562-1-1,13.76408850528773,13.531371684583041,13.504923574284389
4564562-1-2,13.592367006650065,13.735731556188608,13.735661997351658
4564564-1-2,13.736390981365773,14.009067054619297,13.912476706950502
4564564-1-1,15.201804919084164,15.219083435265253,15.201306799883483
4564564-1-3,14.991598184507614,15.207687562291115,15.200384260479346
4564565-1-1,15.542731506054755,14.872360330057951,14.900886486337948
4564566-1-1,14.22097566607244,13.377930615153094,13.347337592803202
4564566-1-3,14.22097566607244,14.126773017933782,14.073031492557947
4564567-1-2,15.46577049691863,15.649475059161265,15.634833083048532
4564567-1-1,16.333207030575267,15.602000889371128,15.588084766450015
4564569-1-2,14.096687046167212,13.773462302249827,13.710332297984912
4564569-1-1,13.997832114758229,13.783457181232647,13.773491013532452
4564570-1-2,15.21422743908272,15.019385918205467,14.974241963603957
4564571-1-2,16.25785759333348,15.637967638066051,15.624834109326025
4564571-1-1,16.166885815127753,15.704629386050597,15.685470657060053
4564572-1-1,15.835953736782706,15.395115937639945,15.292156201828863
4564572-1-2,15.497269131978,15.618425460929002,15.576641837529206
4564573-1-1,15.474690562293189,15.552450472436,15.607943994186147
4564573-1-2,14.880221294956703,15.057509520412491,15.074449916743294
4564574-1-1,15.210103701237704,14.985481934877793,15.011161851851671
4564574-1-2,14.92517265534644,15.241984294378431,15.254790416361718
4564575-1-3,14.914122846632385,15.078225296935509,15.129190185796556
4564576-1-1,13.743938761227865,13.970080188790202,13.79606303547438
4564578-1-1,13.997832114758229,13.673737963549199,13.682751331548888
4564578-1-2,13.997832114758229,13.990438639276803,14.022006956873156
4564579-1-2,13.743938761227865,13.72651435115391,13.732663271921444
4564580-1-1,14.451140377917646,14.439108807765765,14.39458180058842
4564580-1-2,14.4884550312067,14.026020423919473,14.042779000887991
4564581-1-1,13.592367006650065,13.771058096821779,13.752172785753848
4564582-1-1,15.424948470398377,15.883257801501705,15.92131744872614
4564582-1-2,15.068273526459642,15.455674079525592,15.430402386640083
4564583-1-1,13.592367006650065,12.764594673224902,12.768390232308551
4564584-1-1,13.815510557964274,14.109568943315116,14.123047092058643
4564585-1-1,13.592367006650065,13.678298118018938,13.674351527713453
4564585-1-2,13.592367006650065,12.9596868531366,12.99396736622306
4564585-1-4,13.592367006650065,13.462024824582725,13.45543516036738
4564585-1-5,13.592367006650065,12.753322460398634,12.76766261160474
4564586-1-1,13.892358282495133,14.683200114485395,14.75135531215669
4564586-1-2,13.759116579810078,13.651547761151937,13.683090206026069
4564587-1-1,16.11809565095832,15.078704699393064,15.081834214365678
4564587-1-2,15.50499114730268,15.478727547741808,15.53066547841193
4564588-1-5,13.815510557964274,13.33999932321365,13.353393386800906
4564588-1-2,17.034386382832476,15.201401456782328,15.240816760037951
4564589-1-2,15.065889758970714,14.776796459855415,14.807895904814053
4564589-1-1,15.181772286588815,15.377294128250206,15.360097836804652
4564590-1-1,14.117465289702771,14.461621573474897,14.39007701236311
4564590-1-2,13.710150042306449,12.45975324003617,12.43235353674899
4564591-1-1,13.592367006650065,14.70491012355777,14.732834105346118
4564591-1-2,15.638714832982089,15.004867608963503,14.97913025484381
4564592-1-1,13.592367006650065,13.297183227766398,13.328050290872179
4564592-1-2,13.122363377404328,12.33314676857476,12.279461635249657
4564593-1-1,13.836223983592992,13.691384240556564,13.67994700548297
4564595-1-4,15.084802804991648,14.949680845889752,14.977482024136906
4564595-1-3,13.755456234434352,13.827525487209089,13.804569686764838
4564595-1-1,15.068273526459642,14.486211726091202,14.428397590037763
4564595-1-2,13.815510557964274,14.339833446593532,14.42990980395908
4564595-1-5,14.371309571273567,14.407239095950263,14.396526568866928
4564596-1-3,13.122363377404328,12.796305397108785,12.773854509254893
4564597-1-1,14.091482584672429,13.938376586875673,13.96789208505481
4564598-1-1,14.301018373745976,14.50732552176773,14.525558152198677
4564599-1-1,14.73180128983843,14.684950377198627,14.679669605369035
4564600-1-1,13.592367006650065,13.130291861543952,13.205554432310668
4564602-1-1,16.386849688046876,15.062358887487589,15.033678449129537
4564603-1-2,13.592367006650065,13.271656550886386,13.284329339859731
4564603-1-1,13.62060052271392,13.500928567519493,13.491961625594556
4564604-1-1,13.743938761227865,13.95192500258182,13.956909472463225
4564605-1-1,14.99416555430592,15.106173664903077,15.095063085510638
4564605-1-2,14.529277066543282,14.733122952453607,14.698118440867328
4564606-1-1,14.22097566607244,14.357117106668579,14.353710797444625
4564607-1-1,13.891236229864472,13.977145275390532,13.962981407668394
4564608-1-2,13.743938761227865,13.819443923232997,13.800125346114719
4564609-1-1,13.644388180600252,14.29769497676594,14.365744962938663
4564609-1-3,13.743938761227865,13.994487466010499,14.016434877962924
4564609-1-4,13.743938761227865,13.803731280104364,13.809068802360898
4564610-1-1,13.949351527664868,14.206559451125436,14.226197377951058
4564611-1-2,12.611537753638338,12.09656252090277,12.181814994205899
4564612-1-1,14.998004330613083,15.030418773565582,15.074141205037037
4564612-1-2,14.280187525704283,13.922234923867334,13.927292023465423
4564613-1-2,15.89495209964411,15.763526179546385,15.755209811764221
4564613-1-1,14.50865773852422,14.090852381110148,14.047509850490203
4564613-1-5,13.764217263576723,13.550238448224134,13.622167210191146
4564614-1-1,13.883792026464116,14.41700692773814,14.41762054359636
4564615-1-1,13.8878312195439,14.271581367684202,14.280313460643601
4564615-1-2,14.192804817677173,14.199480701130366,14.184613325265117
4564616-1-1,16.523560759066484,15.894942112627696,15.883814267682997
4564616-1-5,13.781609027840316,13.515504465604202,13.482058443722073
4564616-1-2,16.34123920227253,15.73523864032579,15.884772246335087
4564619-1-1,14.294897138693347,13.684609195752587,13.656752904554889
4564620-1-1,14.918516845531022,14.914669857564958,14.920573786634291
4564621-1-2,16.275099399767985,14.690400997613022,14.6493181387441
4564622-1-1,15.600301385848264,14.447995284916566,14.459310626356041
4564623-1-1,13.633188976170318,14.28020072125488,14.296843493742687
4564623-1-2,13.729092822916211,13.902501925886835,13.892226968321424
4564624-1-1,15.068273526459642,14.593988591252007,14.488363922859358
4564625-1-1,16.012735135300492,15.717828642113972,15.755662988575843
4564625-1-2,15.24262693360442,15.173715974295513,15.147856915692353
4564626-1-2,13.122363377404328,12.308228179917426,12.455111710339946
4564626-1-1,15.497269131978,15.60873804082688,15.85765935961326
4564627-1-1,13.644388180600252,13.612611198309493,13.63887169435304
4564627-1-2,13.709097266109788,13.659192925572846,13.561363003728095
4564629-1-1,13.815510557964274,13.7667281490303,13.747499373071204
4564633-1-1,12.206072645530174,12.79693027598664,12.861104778343831
4564633-1-2,14.50865773852422,13.514358285482698,13.523188960682226
4564636-1-1,11.695247021764184,12.595258615428536,12.610111627514097
4564637-1-1,13.769338535344216,14.134946637342681,14.180292176878565
4564639-1-1,13.592367006650065,13.546413474493288,13.570732189764165
4564640-1-1,12.429216196844385,13.37128444727195,13.3740592536449
4564640-1-2,13.743938761227865,13.643338474195245,13.683695793303762
4564640-2-1,11.695247021764184,12.162957754610892,12.15538967373887
4564640-2-2,13.997832114758229,13.94668116894734,13.978223341299953
4566981-1-1,12.611537753638338,13.59799328793111,13.609160295444848
4566981-1-2,13.458835614025542,13.333805291080383,13.318902546817391
4566981-1-4,13.928839243271277,13.339099671943421,13.329326054456676
4566982-1-1,13.687677186454389,13.659762979396023,13.651355734844588
4566983-1-1,14.682611045647658,14.484582878498426,14.487024860868532
4568349-1-1,11.512925464970229,13.633210940777671,13.647165904390807
4568350-1-3,15.08714203412851,15.263896160388406,15.261058487516173
4568351-1-1,12.206072645530174,13.034205980496917,13.069565785476248
4568351-1-3,14.261797660592691,14.354444234021642,14.380198554241606
4568351-1-4,14.496078956317358,14.135234646150154,14.110288674563026
4568354-1-1,14.038654109278484,13.684600278221085,13.643592878705821
4568354-1-3,14.062275025856556,13.925226624557277,13.865097647943289
4568355-1-1,13.815510557964274,13.180019731474072,13.204381486535057
4568355-1-6,13.487006490992238,13.063898310306303,13.069259306025275
4568355-1-7,13.38472764187182,13.363906147886729,13.318620835383248
4568356-1-1,14.218669258357815,13.676292039974737,13.642529270254776
4568356-1-2,13.592367006650065,12.623712884619295,12.576917568718478
4568356-1-3,13.769338535344216,14.303712404739843,14.360627630112397
4568356-1-4,12.206072645530174,13.667453614527584,13.69620599222748
4568357-1-1,13.815510557964274,13.964255805441699,13.959089903841226
4568357-1-2,15.424948470398377,15.090957129545723,15.07027183297675
4568358-1-1,14.45288072305522,14.052133518555447,14.069390116187254
4568358-1-2,14.049264321372029,13.494829674128978,13.533773623516058
4568359-2-1,14.39586222105798,14.560782969454849,14.5461004325805
4568360-1-1,13.304684934198283,12.977544608103774,13.01557033005881
4568360-1-2,13.304684934198283,13.028160992116458,13.147699592395886
4568361-1-2,13.973833415000485,13.815387458477185,13.816353007154285
4568363-1-1,13.527828485512494,13.965837790665669,13.871834731039252
4568363-1-2,13.304684934198283,13.082846182098246,13.091463012035245
4568364-1-1,14.861659306370647,14.28180382149028,14.302248537377826
4568364-1-2,14.062275025856556,14.628017293588943,14.608141335497328
4568365-1-2,13.713241162645325,13.94768186184795,13.932306033986107
4568366-1-3,14.047944123160477,14.133050199528713,14.08928465455124
4568367-1-2,15.751851280041896,14.837445694127071,14.78996669067698
4568367-1-1,13.815510557964274,14.254219903082065,14.237707614586114
4568368-1-3,13.836826072132514,14.088244226570954,14.072020305007028
4568368-1-4,13.973833415000485,13.76144233702605,13.783576107115756
4568368-1-5,12.793859310432293,12.853635262690416,12.850783196252182
4568369-1-2,11.918390573078392,13.098638885591232,13.098301323075821
4568370-1-1,12.89921982609012,13.111606662144451,13.083648398034022
4568372-1-1,13.38472764187182,13.775237177143872,13.761217506799428
4568372-1-2,13.217673557208654,13.330496655048172,13.29267819536459
4568372-1-3,13.753635154246188,13.615917968150294,13.598477802692697
4568372-1-4,13.217673557208654,13.252208070597108,13.251820051271222
4568372-1-5,13.458835614025542,13.47063993983608,13.471632882932564
4568373-1-2,13.73153420698384,14.200797870857416,14.204773570753053
4568374-1-1,13.710150042306449,13.867594404496222,13.899656309591927
4568375-1-1,14.22097566607244,14.013770579682458,13.955802035141197
4568375-1-2,14.22097566607244,13.65893292168048,13.71132579175422
4568376-1-1,13.859983260533255,14.202172242087073,14.274641723665058
4568378-1-1,13.675619557261449,13.601293795662022,13.624641482046593
4568379-1-1,13.675619557261449,13.571376319270382,13.584994686915005
4568383-1-1,13.592367006650065,13.307785938765083,13.310080231143973
4568384-1-1,14.143526425786495,13.9582788314823,13.72357111814275
4568385-1-1,13.122363377404328,12.858633727206374,12.874207702686808
4568386-1-1,13.641157170819495,13.439484998058775,13.441249230770937
4568386-1-3,13.304684934198283,12.915603552988294,12.878407979512705
4568386-1-4,12.948009990259552,13.773676103509969,13.765051711782036
4568386-2-2,13.997832114758229,13.444785910718322,13.493419452147277
4568387-1-1,13.567049198665774,13.821175954558301,13.844119718154907
4568387-1-2,13.74055678591495,13.702379359810884,13.680764632043681
4568387-1-4,13.708615184458989,13.966145974206103,13.929331595676567
4568388-1-2,13.790192749979983,13.911548011662951,13.882596287651024
4568389-1-1,13.675619557261449,13.5807487808747,13.566907979953497
4568391-1-1,13.776720871905466,14.04643845376011,14.062271205148596
4568391-1-2,13.776720871905466,13.923726901530161,13.90822900170329
4568392-1-1,13.710150042306449,13.960310318666462,14.00511794596861
4568394-1-1,13.973833415000485,13.758077589594244,13.765073134324291
4568394-1-2,13.675619557261449,13.69903397348705,13.710930232751476
4568395-1-1,14.48333993053993,14.13582619276676,14.151532046300698
4568395-1-2,13.646589191241851,13.462753994663238,13.490700582355888
4568396-1-1,13.304684934198283,13.652581447218733,13.69985251426873
4568396-1-2,14.229274468887134,14.055344621302845,14.023079549288173
4568396-1-3,14.625551489995718,14.321509160053624,14.339212614094674
4568397-1-1,14.73180128983843,13.744230910008692,13.85044297252577
4568397-1-3,13.304684934198283,13.784667568627258,13.749355518094802
4568398-1-1,14.22097566607244,13.65504933083811,13.615779365846397
4568400-1-1,13.997832114758229,13.434452991756768,13.452350136359957
4568401-1-1,13.527828485512494,13.454695869442462,13.323919968538958
4568401-1-2,13.592367006650065,12.908238328958763,12.936114878291448
4568402-1-3,13.56864023998032,13.65577836263559,13.703660517758692
4568403-1-1,13.458835614025542,12.743971659720499,12.806402657641877
4568404-1-1,11.982929094215963,11.491049160120719,11.429738729559308
4568404-1-2,13.592367006650065,12.857654608938933,12.820004887354974
4568405-1-1,13.815510557964274,13.786500034017875,13.813262106970736
4568405-1-2,11.918390573078392,11.076725590173098,11.014999510711961
4568406-1-2,13.95371563688229,14.035014119916775,14.028591379846356
4568407-1-1,14.084774044892036,14.16141393484988,14.167376841472157
4568407-1-2,13.62918097977278,13.812315689469555,13.831407237318444
4568409-1-1,16.658480038130904,16.30206683480092,16.359846431627094
4568410-1-1,15.761420707019589,15.695476582940431,15.654700833957808
4568411-1-1,13.458835614025542,13.380899817053137,13.39095936817287
4568411-1-3,13.743938761227865,13.858477140981638,13.810396884013343
4568411-1-4,12.89921982609012,13.172841671910934,13.117533170636547
4568411-1-6,13.592367006650065,13.536133835273672,13.539888978544463
4568412-1-1,13.997832114758229,13.772080892303093,13.718074288632295
4568412-1-2,13.122363377404328,13.04829808788192,13.0578448737491
4568412-1-5,11.225243392518449,12.288063036483841,12.316913511411332
4568413-1-1,12.611537753638338,13.170265545697585,13.151921814838568
4568413-1-2,13.304684934198283,13.348617474841268,13.395362715997493
4568413-1-3,13.577521099494428,13.646301042894017,13.641303902987842
4568414-1-1,13.38472764187182,13.702984275997348,13.70176900767418
4568414-1-2,13.77468856344402,13.7538239014289,13.726789082765443
4568414-1-4,13.62918097977278,13.174258809932311,13.260011657722723
4568414-1-5,13.458835614025542,13.15997455118979,13.179788218183953
4568414-1-6,13.567049198665774,13.491821922033663,13.524138703197702
4568414-1-7,13.592367006650065,13.475443535304708,13.515757650453683
4568414-1-9,13.017002861746503,13.004498108485635,13.037906133592804
4568415-1-1,15.1483162561112,14.882730163976039,14.86846303273614
4568415-1-2,12.429216196844385,12.201810364336158,12.214777988792195
4568415-1-3,14.978661367769956,14.38758236206169,14.268339129935638
4568416-1-1,12.89921982609012,13.07202399783314,13.098579860864326
4568419-1-1,12.206072645530174,12.743445391985116,12.792263622050168
4568419-1-2,12.676076274775909,12.090284131801889,12.105103371112838
4568419-1-3,12.711885696065584,13.063787034738803,13.111269987846933
4568420-1-3,12.611537753638338,13.346421595997459,13.33544091878642
4568420-1-4,13.42984807715229,13.646706845375324,13.653350380489142
4568422-1-1,13.9908634104771,14.297274461797961,14.408592549218156
4568422-1-2,13.926495091643464,13.977900628042232,13.970642875685245
4568423-1-1,13.38472764187182,13.53490794387416,13.556761755737021
4568423-1-3,12.388394202324127,12.828202846139646,12.84061864360421
4568424-1-1,13.997832114758229,14.153828877783981,14.12028705122779
4568425-1-2,14.403297222866392,13.529658764922305,13.4686675133744
4568426-1-2,13.997832114758229,13.759766527315442,13.770339674235673
4568426-1-3,13.644388180600252,14.264409422735351,14.24050481941628
4568426-1-4,13.717061657525852,13.822897274260876,13.873626770304408
4568427-1-2,13.675619557261449,13.67700287833122,13.652283103809893
4568428-1-7,11.918390573078392,11.848310161905895,11.82365037329799
4568430-1-1,14.6285748287987,14.600902483277643,14.616519907268183
4568431-1-1,13.997832114758229,13.464383347715632,13.497842061275625
4568432-1-1,13.815510557964274,13.486458373033274,13.504799137030433
4568433-1-1,15.86963429165982,15.901128523087928,15.94458540025121
4568434-1-1,13.017002861746503,13.601134593312041,13.690064391366198
4568434-1-2,13.017002861746503,12.931505567430806,12.91742435530261
4568435-1-1,14.557447902693651,13.92519791120233,13.95659969744712
4568435-1-2,16.11809565095832,14.444507714344546,14.472191236828705
4568435-1-3,14.735793311107969,14.448302444407144,14.385404485738292
4568435-1-4,14.73180128983843,14.7100190258523,14.702379926809591
4568436-1-1,13.921970506524197,14.295263400965762,14.271800151226754
4568436-1-2,14.038654109278484,13.973324050698814,13.997577793573383
4568436-1-3,13.56864023998032,13.594693649501519,13.580729896363483
4568437-1-1,12.89921982609012,12.720330659313804,12.683272924476075
4568438-1-1,13.741023715971515,14.203612610747157,14.189170673033061
4568439-1-2,14.22097566607244,14.11945829775436,14.055055095462098
4568440-1-1,14.588700484659292,14.362116056444744,14.356908457615987
4568441-1-1,14.914122846632385,15.504211424524675,15.495646513422598
4568441-1-2,14.50865773852422,15.269006675661583,15.312019934590479
4568442-1-1,14.151982794585487,13.458692474546979,13.49060872754278
4568443-1-1,14.598955376505,15.130924008807352,15.108790492517784
4568443-1-2,14.457364444136669,14.474428581043055,14.481421669237482
4568444-1-2,11.77528972943772,11.807766850646688,11.776776944862995
4568444-1-3,13.592367006650065,13.50928885336278,13.557487308543203
4568445-1-1,13.80743100611233,13.869345533789385,13.875034084854953
4568446-1-1,13.56864023998032,13.73228062729451,13.735158426588677
4568447-1-1,12.89921982609012,13.215940682834297,13.252324236253617
4568447-1-2,14.27609496529352,13.976926026474267,14.003055914612776
4568447-1-3,14.22097566607244,13.279608496247947,13.309606242536475
4568448-1-2,16.11809565095832,14.403663936873047,14.375788127189907
4568449-1-2,13.60529395187396,13.612433484265857,13.606840539385242
4568449-1-3,14.20312461321545,13.880206584162847,13.89300914569499
4568450-1-1,13.745037663211583,13.749534246908402,13.74559836011835
4568451-1-1,12.206072645530174,12.32747061001385,12.322482887846492
4568451-1-2,12.206072645530174,13.46219945947507,13.464651398693807
4568452-1-1,13.592367006650065,13.56807104707036,13.589688386814561
4568453-1-1,13.592367006650065,14.317837367395532,14.37114156977029
4568454-1-1,12.611537753638338,13.784032617738537,13.729498945494854
4568455-1-1,14.426181494075546,14.085873545103322,14.07996427465835
4568455-1-2,14.50865773852422,14.420265044770307,14.411621978941293
4568456-1-1,14.914122846632385,12.987695792840519,13.031959355920083
4568456-1-3,14.22097566607244,13.792176329316447,13.766049833978839
4568457-1-1,12.429216196844385,13.174525793440175,13.124185274060514
4568458-1-1,14.403297222866392,13.826442618333331,13.822259928458887
4568458-1-2,13.997832114758229,13.692739368498689,13.697509244710766
4568459-1-1,13.592367006650065,13.70567127182226,13.718092935413333
4568459-1-2,14.50865773852422,14.275528683416644,14.286436620745848
4568463-1-1,13.997832114758229,13.507915890511756,13.508812915130571
4568463-1-2,12.89921982609012,12.964447329975876,12.94786806317646
4568464-1-1,12.206072645530174,12.447807209516794,12.467170622704804
4568466-1-1,12.611537753638338,12.992200821279068,13.018586723302267
4568466-1-2,12.89921982609012,13.020535351548068,12.963064642906806
4568467-1-2,15.729979132044718,15.803521811835866,15.702177894348322
4568468-1-1,12.468436909997664,13.579828687812318,13.525701377306687
4568468-1-2,13.38472764187182,13.026905207680608,13.003138926083853
4568468-1-3,13.774094050818904,14.042530746345326,14.043067546320994
4568468-1-5,13.743938761227865,13.751452838719072,13.810303095032156
4568468-1-6,13.014528692401132,11.848367171194633,11.748919822253667
4568470-1-1,13.304684934198283,12.814689538068045,12.825894054747927
4568472-1-2,14.50865773852422,14.031760182153496,13.962142660997575
4568473-1-1,13.80743100611233,13.658284475591449,13.6552642547222
4568473-1-2,13.304684934198283,13.448987585129515,13.490887551176787
4568475-1-1,13.592367006650065,13.406071116831908,13.430332186074853
4568476-1-1,13.983845907994755,14.092510019095094,14.08606677237211
4568476-1-2,13.592367006650065,13.679332481157912,13.664976483847434
4568476-1-3,13.770439379162992,14.300923092887883,14.339453931523254
4568477-1-1,13.74414310599848,14.096266180083273,14.091699493534122
4568478-1-1,12.206072645530174,13.253869883008761,13.280470850414192
4568480-1-2,12.89921982609012,13.322145625622134,13.335571787470657
4568481-1-1,13.418013619505286,13.591631868660368,13.623208027578558
4568482-1-1,15.84365880525656,15.725939952079479,15.765596260781589
4568482-1-2,16.58601373195938,16.02978724980306,16.004760531950012
4568483-1-2,13.741014356613196,13.744883779533449,13.711123531465573
4568485-1-1,14.916896745814276,15.681407567689774,15.688965888442471
4568485-1-2,14.811843966742734,15.106152772269988,14.939413240521315
4568486-1-2,13.675619557261449,13.417606450620484,13.467617190794387
4568489-1-1,13.815510557964274,13.494140593992562,13.506914301489997
4568490-1-2,16.70588231586044,15.687312602713044,15.678270200710541
4568490-1-5,13.937728190688524,14.11594476788569,14.190872409728748
4568491-1-1,14.403297222866392,14.299423647962541,14.319563495177748
4568491-1-2,14.09115367083317,14.045845898847572,14.051370013312264
4568493-1-1,14.011019260051818,13.915882567680999,13.904598191750704
4568493-1-2,13.675619557261449,13.608726066849236,13.62432136956034
4568494-1-1,14.457364444136669,14.75290826066824,14.70010539163279
4568494-1-3,13.644416140319125,13.858989853854336,13.887172581534188
4568495-1-1,13.710150042306449,13.86170111144201,13.882344940707494
4568496-1-1,13.997832114758229,13.802466374583428,13.807109718918452
4568496-1-2,13.676248490630767,13.794777817158453,13.791747289559176
4568497-1-1,12.429216196844385,13.289514717766506,13.305141600247829
4568497-1-2,14.011625402643988,13.874599557198701,13.86818878997233
4568498-1-1,13.778278985158948,13.823219295112432,13.84391715651127
4568498-1-2,13.774615058138403,13.711301920602308,13.731733417834379
4568499-1-1,13.983845907994755,13.827344980869748,13.837440643566879
4568499-1-2,13.67562875840653,14.024094699502408,14.048682937642365
4568500-1-1,13.675619557261449,13.778227619695105,13.815423908579083
4568501-1-1,14.303476887584182,13.991855892085644,13.985599570379868
4568501-1-2,14.213085285397622,13.956702902172154,13.91828531068248
4568502-1-1,14.804386474568256,14.512718873778377,14.513907120815883
4568502-1-2,13.747716610337942,14.318526069343678,14.328444493250162
4568503-1-1,13.92537577470386,13.83896601732553,13.814895528608227
4568505-1-1,14.065490763232043,14.745120344373156,14.775113325969851
4568505-1-2,14.457364444136669,14.136489222184286,14.056012541454477
4568506-1-1,12.611537753638338,14.413978058957968,14.426464264335475
4568508-1-1,14.403297222866392,14.196556327077449,14.17509263149253
4568511-1-1,14.50865773852422,14.003391802002454,14.071672430925174
4568511-1-2,14.50865773852422,14.90171487555966,14.923785672384492
4568514-1-1,14.309115350727946,14.049449099163732,14.02349105950133
4568514-1-2,13.122363377404328,13.47118441758768,13.486374057787419
4568515-1-1,13.815510557964274,13.545819860896867,13.51474300147473
4568516-1-2,14.077874822431763,12.690326379430294,12.777402820201427
4568518-1-1,14.0225247273486,13.990885089880074,13.984452484205075
4568519-1-1,13.652991628466498,13.496835224588402,13.537774128743997
4568520-1-1,13.90004562141882,13.99116701149263,13.955414327020303
4568520-1-3,13.90004562141882,13.711733081335941,13.71545211673837
4568521-1-1,13.928839243271277,14.073074089616966,14.041552248886736
4568522-1-2,11.84939770159144,12.686838853843708,12.707461000804512
4568523-1-2,14.22097566607244,14.632356368384386,14.609124215084965
4568523-1-3,14.22097566607244,14.344825814729548,14.344650628092657
4568523-1-4,14.22097566607244,14.41819566114793,14.389598110610802
4568525-1-1,13.56864023998032,13.379999763633338,13.382448460947158
4568525-1-2,13.56864023998032,13.583894644902495,13.586889876571025
4568526-1-1,14.116355616942336,14.30790461517246,14.285042801503716
4568529-1-1,14.761554247987776,14.446228679436373,14.492701362747605
4568529-1-2,14.809070987039076,14.428475184189967,14.383020196650028
4570242-1-4,13.633188976170318,14.028899649086837,14.01878486620315
4570242-1-2,14.811843966742734,14.718608189041491,14.739248274740126
4570242-1-3,14.79164132159162,14.091690441095079,14.11388893282299
4570243-1-1,13.853009597580163,13.853064740811758,13.823684410237563
4570244-1-1,12.206072645530174,13.142569765869307,13.086349047158103
4570247-1-1,13.713241162645325,13.993453016955204,13.995465486911565
4570247-1-2,13.803651516681764,13.649729784775936,13.66805137984696
4570248-1-1,14.22097566607244,14.082310978704001,14.155384548869408
4570249-1-2,13.235692062711331,13.213492761540008,13.286663354049862
4570249-1-1,13.94945856691716,14.287908106470255,14.322774079448909
4570250-1-1,15.424948470398377,14.112206942105116,14.104887736499723
4572159-1-1,14.77102200299171,13.770855407678638,13.769684630192627
4572160-1-2,13.592367006650065,13.318958932953802,13.3169210564645
4572162-1-1,14.346138809026444,14.425282632673179,14.393590288851442
4572164-1-1,13.86259545947564,13.52168554194719,13.487001349927835
4572165-2-1,13.122363377404328,14.020485518111464,14.05246120728814
4572165-2-2,12.793859310432293,11.915074793552703,11.937644880107683
4572166-2-1,13.644388180600252,14.37868225167771,14.318095851349026
4572167-1-1,12.206072645530174,12.88266440865536,12.990008724920797
4572169-1-1,13.592367006650065,13.449187704039765,13.475410506529466
4572170-1-1,13.652991628466498,13.521835765827353,13.509233326535831
4572170-1-2,12.206072645530174,11.623181616968655,11.66092380061841
4572171-1-1,11.918390573078392,13.136796077715058,13.128500056665025
4572172-1-1,13.876804132452556,13.999191057913865,13.966398119594938
4572172-1-3,13.77468856344402,13.311292748335616,13.308504965744248
4572174-1-1,12.89921982609012,13.050217972406356,13.061220080676193
4572174-1-2,11.002099841204238,11.553362997899821,11.516950141684536
4572175-1-5,13.743938761227865,13.975233419946097,13.943763209310355
4572176-1-1,13.815510557964274,14.089159030333475,14.086509521423048
4572177-1-6,14.038654109278484,13.97315562967619,13.95494996886037
4572177-1-3,13.815510557964274,13.463720333102673,13.451566547142306
4572178-1-1,13.815510557964274,13.513860425970918,13.589106146589438
4572178-1-3,13.997832114758229,14.19488556690825,14.225068999700806
4572179-1-1,13.304684934198283,14.315002039892779,14.27591493051056
4572180-1-1,14.077874822431763,14.23740228653572,14.245532443940482
4572180-1-2,13.675619557261449,13.839537573487288,13.825224989969787
4572182-1-1,14.187074114396758,14.200249329724635,14.232319043626408
4572182-1-2,13.64263465023761,13.729967656525423,13.686972388323081
4572183-1-2,14.283352085927644,14.095464401462365,14.082495882998414
4572183-1-1,12.206072645530174,12.723510509903322,12.721484864481617
4572184-1-2,13.760159568571764,13.801257369670537,13.7759300107373
4572184-1-3,14.134323769916376,14.043199115486667,14.015884411288154
4572185-1-1,13.983845907994755,13.929033496651805,13.975074456532285
4572185-1-2,13.815510557964274,13.483891963100927,13.505396964696107
4572186-1-1,14.22097566607244,13.259621683710366,13.270332930683818
4572186-1-3,13.815510557964274,13.88548473258277,13.893983158077413
4572188-1-1,13.9108207377686,13.602855785496928,13.600651652427084
4572191-1-1,13.764956989911724,14.145509072286877,14.093531490474913
4572192-1-3,10.819778284410283,12.075306433899756,12.167878709972465
4572192-1-1,15.50499114730268,14.959512725131955,15.00159324648121
4572192-1-2,14.916342631086884,14.830860167871085,14.816424843794838
4572194-1-3,13.304684934198283,12.955145647516174,13.08111298118569
4572194-1-1,14.40122097172572,13.860424670486845,13.940501914259276
4572195-1-1,13.743938761227865,13.50866525695331,13.482223984107232
4572195-1-3,14.077874822431763,13.347873815052564,13.36689216986557
4572195-1-4,13.675619557261449,13.593616379267106,13.612384502744316
4572196-1-1,13.592367006650065,13.484270274999352,13.455962803810541
4572196-1-2,13.652991628466498,13.57227486431135,13.610802819504668
4572197-1-1,13.592367006650065,13.967564515791082,13.980540880680742
4572197-1-3,13.633188976170318,13.723738033474774,13.708707798824834
4572197-1-2,13.633188976170318,13.795867665017669,13.80040221504191
4572198-1-1,14.301018373745976,14.145876135365112,14.172735113880861
4572199-1-3,13.706294075947689,13.862611365823104,13.91873963526076
4572199-1-1,13.738128645774347,13.986632689916995,14.092024744219085
4572200-1-2,13.750296275217917,13.730705927770664,13.71242024873447
4572200-1-3,13.722151829090404,13.898474487743973,13.92271192999891
4572201-1-1,13.722821022519886,13.985638791773235,13.951049461025821
4572201-1-3,13.763888196282124,13.895415184064131,13.871546237513467
4572202-1-1,13.815510557964274,13.645427719234661,13.674409356438147
4572204-1-2,13.56864023998032,13.256035118179057,13.256684113794318
4572205-1-3,13.592367006650065,13.391461901967723,13.424531056246792
4572206-1-1,13.751730149386743,14.02549229474725,14.003060384974468
4572207-1-1,13.56864023998032,13.681862572089683,13.641082656557517
4572207-1-4,13.673229786626218,14.259996609012443,14.270467133664566
4572209-1-1,12.429216196844385,13.227006296201218,13.180177527892655
4572210-1-1,13.953531855861648,13.196494633754085,13.227102338337822
4572210-1-2,14.06227580718095,14.498613956643021,14.513408504296134
4572211-1-7,11.918390573078392,12.038190448396612,12.004335995884519
4572212-1-2,12.542544882151386,12.755007227873811,12.863287829162477
4572212-1-5,14.077874822431763,14.058383910773959,14.034383842991584
4572213-1-2,14.22097566607244,13.271825098817713,13.263257214924451
4572215-1-1,16.209610820630594,15.979324658957283,15.989427893694014
4572215-1-2,15.226497531674536,16.36118130275369,16.36188995913798
4572216-1-1,14.077874822431763,14.890454815818249,14.977596218304743
4572217-1-3,13.872992954038532,13.793134037431866,13.822294551458437
4572219-1-1,15.201804919084164,15.05649259533297,15.021216205158373
4572223-1-1,14.802570329670734,14.33769438673901,14.363484790914328
4572228-1-1,16.11809565095832,14.356987168901178,14.347758148316316
4572228-1-2,14.403297222866392,14.977159170958615,15.049068944395179
4572228-1-3,15.46577049691863,15.194733369869112,15.21911878476476
4572229-1-1,14.50865773852422,13.809767860209517,13.916097032682677
4572231-1-2,15.319587954740548,15.435230652504837,15.441524678249817
4572231-1-1,16.012735135300492,15.084117971699659,14.99951015324009
4572233-1-1,12.206072645530174,12.701485319431168,12.673485728735027
4572235-1-1,13.740736363934031,13.991592245570164,13.976534037752481
4572236-1-1,14.536597086954142,14.840449040894068,14.787782362523643
4572237-1-5,15.123843377614453,14.686681036609768,14.65885596268507
4572237-2-1,14.626440774180605,14.354324982593601,14.388531157878312
4572239-1-1,15.168765065005964,14.683447716677815,14.7145259514012
4572239-1-2,13.695224415586011,13.778867484228858,13.808161958822673
4572240-1-1,14.18454220492086,14.380390465459113,14.375741855428066
4572241-1-1,14.37123937282669,14.16155118171929,14.113689859544868
4572242-1-2,15.749444491876488,14.70157978875241,14.682878262355876
4572242-1-1,15.201804919084164,14.628494308854156,14.624975331148736
4572243-1-1,13.304684934198283,13.244676157290007,13.24326789145475
4572244-1-1,15.201804919084164,13.829622194343411,13.814684514340195
4572244-1-2,14.22097566607244,13.08433775908017,13.08605592349206
4572246-1-3,13.592367006650065,13.000862755181936,13.02347231936237
4572247-1-2,13.77468856344402,12.967372804634731,12.911618295809653
4572249-1-1,16.194284820203897,15.32712618433526,15.265362297491754
4572249-1-2,15.068273526459642,14.433429714992796,14.38825118089244
4572250-1-2,13.804233523053346,13.852349045129753,13.886424726872223
4572251-1-1,14.22097566607244,13.900938885077307,13.894146078407463
4572252-1-1,14.888805038648094,15.367408862279062,15.337601974422613
4572253-1-1,15.201804919084164,14.454151107427501,14.447310931629351
4572253-1-3,14.451140377917646,14.52608856416233,14.449707853141417
4572254-1-2,14.546595597922378,14.376882196521791,14.406872454609884
4572254-1-1,13.79598791271946,14.02458675503229,14.044594508319216
4572255-1-1,12.429216196844385,13.032611995926914,12.969377436241441
4572255-1-2,15.823948256615749,15.159146146513686,15.131862374673398
4572256-1-1,14.588700484659292,14.22398358372973,14.199567564811822
4572256-1-3,14.588700484659292,14.381797691950478,14.393865537611656
4572256-1-4,13.592367006650065,13.109370122782707,13.125072678862646
4572257-1-1,13.997832114758229,14.422684382627047,14.42699597458226
4572258-1-4,12.611537753638338,12.428387976390072,12.451897137450977
4572259-1-1,13.997832114758229,13.61118229159524,13.619188420619635
4572260-1-2,13.9428771905685,14.027769012963333,14.007567705843584
4572260-1-1,13.922869113709922,14.126880871172714,14.151700204242841
4572260-1-3,14.375126345899696,13.953253079143249,13.93871341773477
4572262-1-2,14.91689682891677,14.766166217806225,14.755235908845808
4572262-1-1,13.304684934198283,13.41549966297319,13.332026512059135
4572263-1-2,14.437877578824532,14.152185606749784,14.171290296977801
4572263-1-1,14.764591080403354,14.22347970326102,14.205782293209726
4572265-1-2,14.062275123522138,14.406174275351377,14.388754863152634
4572265-1-1,14.2781187834991,14.534338110073968,14.544578295647469
4572265-1-3,14.690979295318174,14.833998322884499,14.831870324253204
4572267-1-3,13.85232453108699,13.845132707468244,13.884707061894256
4572268-1-1,14.14383855943769,14.790633055403124,14.778885921705212
4572268-1-2,13.976334032239784,13.941188196753243,13.930681908211461
4572268-1-4,14.790070197962406,14.536148749109662,14.552666482373743
4572269-1-1,14.50865773852422,14.052480634189017,14.107178017523863
4572269-1-2,11.002099841204238,11.38534517322156,11.278856161218775
4572272-1-1,13.9108207377686,13.889600892453602,13.957193022190692
4572275-1-1,13.869051324892304,14.180759467121968,14.157455519894468
4572276-1-1,13.876804132452556,13.838378354421346,13.851380528654927
4572276-1-2,13.824514215616208,13.840313027533739,13.867972801395988
4572278-1-1,15.761420707019589,15.2353647555307,15.144500717629866
4572279-1-3,14.652036285268483,14.838184895065593,14.814909140422737
4572281-1-1,15.812475855195435,15.293404365722212,15.328198409368426
4572281-1-2,14.22097566607244,14.066685179110399,14.054059394719976
4572282-1-1,15.215431097111717,14.894878115415397,14.910958048363332
4572283-1-1,15.841463436671146,15.288142890770464,15.25301979160114
4572283-1-2,14.50865773852422,13.928862913427345,13.88106361389018
4572283-1-4,14.901544064425524,14.671241211719542,14.70763197241483
4572283-1-3,14.588700484659292,14.878668935490609,14.847696281871439
4572284-1-1,14.353879945435873,14.85695460099667,14.825078077995268
4572284-1-2,13.815510557964274,13.506173489212113,13.553338269888584
4572285-1-1,16.213405830762646,15.963669292617288,15.912550268034908
4572286-1-2,15.012458747353246,14.985543760087747,14.992547482901877
4572287-1-1,15.250595083253597,14.726036726902414,14.682202605660285
4572289-1-2,13.80594135634713,13.764679971932983,13.754293211207813
4572290-1-1,14.22097566607244,13.918938282472096,13.95089765822078
4572290-1-5,13.122363377404328,12.98706628061483,12.996282656774014
4572290-1-3,14.453344599059,14.185944632509822,14.161991453666277
4572291-1-1,14.220708963843894,14.261860154835782,14.270226633205157
4572291-1-4,12.100712129872347,11.74355359138111,11.745090635974668
4572291-1-5,12.072541252905651,13.294864448137409,13.31372287751349
4572292-1-1,13.304684934198283,13.561114894387092,13.539945424751288
4572293-1-1,14.323833051512146,14.435500386327243,14.42932282571037
4572294-1-2,13.081541382884074,13.648869103727947,13.695104441446462
4572294-1-1,13.997832114758229,13.644276919071123,13.68197564995648
4572295-1-2,13.304684934198283,13.116515233858976,13.165604547157887
4572295-1-6,11.289781913656018,13.003964162357462,13.06576642947352
4572295-1-4,12.611537753638338,13.174067133321666,13.134193012120685
4572295-1-7,13.675619557261449,13.900887730074967,13.909658697770006
4572299-1-1,12.89921982609012,13.448178362497247,13.458407398952192
4572300-1-1,13.458835614025542,13.59897992239691,13.609399490829048
4572300-1-3,13.687677186454389,13.61376289966134,13.596834987582458
4572300-1-2,12.542544882151386,13.281767493720993,13.299446737986075
4572300-1-4,12.89921982609012,13.262658156906271,13.250339375263394
4572301-1-1,14.365556918922008,14.375006619895569,14.400702006478552
4572302-1-1,16.173719554706317,15.155449334976257,15.125381413885687
4572302-1-2,13.997832114758229,14.173472651160374,14.211628139934154
4572304-1-1,15.062028639106224,14.624361538416455,14.638297583985338
4572306-1-1,15.424948470398377,14.623227853373782,14.537906546234037
4572308-1-1,13.774615058138403,14.262847039044756,14.262930731492483
4572309-1-1,13.487006490992238,13.313230492323406,13.300472279805385
4572312-1-3,14.22097566607244,14.074747439456539,14.039849875067773
4572312-1-1,15.60727002719233,14.498790405567256,14.44707144775369
4572312-1-2,14.50865773852422,13.70177155508309,13.64125434776904
4572313-1-1,15.319587954740548,16.026875564805096,15.929133729183294
4572313-1-2,14.151982794585487,14.810497688616156,14.928006149105215
4572314-1-1,13.815510557964274,13.913929987389011,13.918344608054255
4572316-1-1,13.769338535344216,13.950295584202927,13.958877028088763
4572317-1-1,14.50865773852422,13.72633865201027,13.757193624453514
4572320-1-1,13.592367006650065,13.905432243011719,13.920505644394886
4572323-1-3,13.707130279074184,14.02252268758554,13.978769690617803
4572324-1-1,14.822859990353258,14.203866059143682,14.2158219772886
4572325-1-1,14.77102200299171,14.648784270460599,14.735940853970517
4572325-1-3,14.549479753044476,14.761993764412837,14.686853201782018
4572326-1-1,17.216707939626428,14.471890891014048,14.480162025681548
4572326-1-3,14.527583020281018,14.128888697338395,14.121101121113666
4572328-1-1,13.304684934198283,13.420421988274583,13.404049724229358
4572328-1-2,13.815510557964274,14.408783151986066,14.435668747376019
4572330-1-1,13.815510557964274,13.69262309974276,13.690921013292314
4572335-1-1,13.9108207377686,14.274714037006811,14.254162226493625
4572336-1-1,12.100712129872347,12.803340620889493,12.779866599981997
4575660-1-1,13.458835614025542,13.364848199353855,13.335256264916536
4575662-1-2,15.524793805368091,15.160527464343676,15.25119239302746
4575663-1-1,13.99911826647707,13.995118464203028,14.010064820436126
4577342-1-2,13.775854224942432,14.041741223294384,14.040166663793062
4577342-1-3,13.973833415000485,13.937449727280594,13.941153520186509
4577344-1-1,14.28551418721001,13.88434028654705,13.875124813334624
4577344-1-2,13.73153420698384,13.574284777247204,13.60321368535243
4577345-1-1,13.592367006650065,13.664368521619119,13.629468421654481
4577345-1-2,14.22097566607244,14.013870064585507,14.047977045580495
4577345-1-4,14.50865773852422,14.874548392852159,14.792475268171287
4577346-1-1,13.081541382884074,13.370329645376602,13.347100544636703
4577347-1-1,15.687312734865866,14.860652102982087,14.79590071125381
4577347-1-2,14.93610169900333,15.200621920594461,15.237734802222196
4577347-1-3,14.294845514638894,13.755207209171155,13.729433969069243
4577348-1-1,12.89921982609012,13.062635152182311,13.090766971130533
4577348-1-3,13.304684934198283,13.081851940450495,13.122249976463404
4577350-1-2,15.501909511534503,15.320834557728007,15.309204874059958
4577351-1-1,13.304684934198283,13.522419795435919,13.539535839873842
4577351-1-2,13.217673557208654,13.532689122742525,13.532919067472347
4577352-1-2,13.217673557208654,13.138866433103463,13.122383888953046
4577353-1-1,13.710150042306449,13.728124398586182,13.738116350098029
4577354-1-3,13.781077485746229,13.923463007371945,13.90236358245508
4577354-1-4,15.049042213075442,13.935938519740626,13.962494761053273
4577355-1-1,13.997832114758229,13.949349786400557,13.885042603308085
4577355-1-3,14.648419680899378,14.281597201971735,14.248948897346974
4577355-1-4,14.597126386511828,14.14191727744301,14.151790317095058
4577356-1-1,14.603967918328545,14.316403518776774,14.09185733638718
4577356-1-3,13.122363377404328,14.388381960509024,14.393950512287862
4577357-1-1,13.774615058138403,13.951914088922457,13.970671052039235
4577357-1-3,13.743938761227865,13.774770397415665,13.775059847607238
4577358-1-1,14.22097566607244,13.899870382984414,13.878412437233983
4577359-1-1,13.122363377404328,13.321807283183935,13.33188978506704
4577361-1-1,16.11809565095832,13.517310716095597,13.512357965131129
4577361-1-2,13.832367675030698,14.00319984251547,13.98225968292633
4577362-1-1,11.813030057420567,13.199656647339815,13.186038161171712
4577362-1-2,14.2098023935642,13.700048462246196,13.675529343079369
4577363-1-2,14.22097566607244,13.328880346950822,13.29113960969337
4577363-1-3,11.512925464970229,12.1478160295701,12.106474643028506
4577363-1-4,14.543059165241552,14.480212350693439,14.433844746336613
4577365-1-3,14.588700484659292,14.26336651402367,14.35230621494778
4577366-1-1,13.77468856344402,13.798720163487,13.767745758094051
4577367-1-1,14.067522187588274,13.955531005725666,13.956995763044914
4577368-1-1,13.710150042306449,13.699150827984155,13.667246493411984
4577368-1-3,13.826380700809176,13.762186669733715,13.730981710882036
4577371-1-1,13.66274777914002,14.018567495806046,13.975893735584696
4577372-1-1,13.713241162645325,14.061590358463523,14.008667811622527
4577372-1-2,14.07649772081629,14.06558814367927,14.085360177366244
4577373-1-2,11.512925464970229,12.774463163725107,12.84479158698951
4577374-1-1,14.275042913658504,13.84615916288212,13.868962647609663
4577374-1-2,13.592367006650065,13.77192687337327,13.750894534511705
4577375-1-1,13.592367006650065,13.926271635363818,13.941421129299187
4577375-1-2,12.611537753638338,13.026602470621828,13.000583902787145
4577375-1-3,14.22097566607244,13.601875793800792,13.561329775497049
4577377-1-3,13.304684934198283,13.522547594321956,13.503218479764671
4577378-1-1,13.815510557964274,13.845227708129057,13.799031297398143
4577378-1-2,13.775656259137971,13.92673112618692,13.954189387546236
4577379-1-3,15.5202586502027,15.495419865821153,15.512790630052839
4577380-1-2,13.9908634104771,14.320455431352585,14.316964333745343
4577381-1-1,15.000504421171412,15.574603289448577,15.511709865378382
4577382-1-1,13.652991628466498,13.668506080285953,13.609259158531923
4577382-1-2,13.77468856344402,13.525278005501075,13.517815878175671
4577383-1-1,13.56864023998032,13.68190162942987,13.680243421989967
4577383-1-2,13.689752304633876,13.852274047218472,13.874851486222667
4577384-1-2,12.388394202324127,12.701598711112185,12.747287864713254
4577384-1-3,13.820498099475314,13.972561984587898,14.062265600643505
4577386-1-1,14.588700484659292,14.453669582977568,14.457583441236686
4577388-1-1,15.319587954740548,15.12711576047498,15.078125492838783
4577388-1-3,15.424948470398377,14.935651396904928,14.956904147571155
4577389-1-1,16.130518170956876,15.413571383184374,15.373074629166375
4577391-1-3,14.22097566607244,13.765284104753063,13.750173103550532
4577392-1-1,13.747716610337942,13.769586110797855,13.761277135466695
4577392-1-3,13.577521099494428,13.479006771436879,13.475052657815233
4577393-1-1,13.743938761227865,13.754373123609806,13.697372528883395
4577393-1-2,14.288558065533453,14.225552179795345,14.22911091776513
4577395-1-1,14.109671596513763,14.036845997020704,14.085313841585647
4577395-1-2,14.322328160332724,14.050625936002378,14.078339691390545
4577396-1-1,13.763888196282124,13.841897927653282,13.853366805684233
4577397-1-1,14.578650110344254,13.981572784044804,14.022054082625651
4577397-1-2,14.112210100547356,14.074350123699771,14.119479021280693
4577398-1-1,14.007145588570566,14.030234427006842,14.049961062234118
4577398-1-2,12.100712129872347,11.400165351717426,11.458378297711516
4577399-1-2,13.815510557964274,13.980214715451002,13.942177629319309
4577400-1-1,14.046055650169937,14.027405810783373,14.029987707099588
4577400-1-2,12.89921982609012,13.37572785599009,13.348569897416288
4577401-1-1,13.775854224942432,14.012730906275019,14.025129426266634
4577401-1-2,13.95839804551282,13.760726185060161,13.769458991931266
4577402-1-1,13.458835614025542,13.458575579943224,13.451935785955794
4577402-1-2,13.671963460921209,13.62869114193534,13.625548643663954
4577404-1-1,13.567049198665774,13.162436183559553,13.1739359590284
4577404-1-2,13.592367006650065,13.330388770463816,13.380040192834254
4577405-1-1,13.675620707409212,13.969753576698201,13.942630303254603
4577407-1-1,14.0687649921052,14.129078736537426,14.14470525268706
4577407-1-2,13.815510557964274,13.427389723107023,13.410533374261867
4577407-1-3,13.304684934198283,13.539764568103186,13.529673759873658
4577408-1-1,13.710150042306449,13.956303557361458,13.965538943337076
4577408-1-2,13.304684934198283,13.604923483488946,13.603446668483622
4577409-1-1,14.42647703863993,14.260168781064202,14.262673175909601
4577410-1-1,13.122363377404328,13.160230968621324,13.147636007090329
4577410-1-4,12.89921982609012,12.88671217292041,12.989081476862825
4577410-1-5,13.710150042306449,12.573871416386025,12.384969533342558
4577414-1-1,13.458835614025542,13.360505375972709,13.374330343325033
4577415-1-1,13.743938761227865,13.976277658596263,13.970605540984023
4577416-1-1,13.122363377404328,13.13613422160931,13.180470877516397
4577418-1-1,10.819778284410283,11.362949034524775,11.326721698569095
4577419-1-1,13.130331547053506,13.168062211121276,13.14210580925315
4577420-1-1,13.675619557261449,13.73577604130131,13.73053829801518
4577420-1-2,13.90004562141882,14.087705022394891,14.058427514878366
4577423-1-1,12.429216196844385,12.945997744587487,12.910649055223844
4577424-1-3,13.592367006650065,13.319580562321201,13.279588711500688
4577426-1-3,13.875235363302554,14.06016290949919,14.082559219722786
4577426-1-4,12.429216196844385,11.834087157180056,11.814410480708874
4577428-1-1,13.592367006650065,13.595724025982376,13.582359843801978
4577430-1-2,14.13750537566507,14.283941873902744,14.283614746846212
4577430-1-3,13.81771911730065,14.565560821890212,14.585404771180222
4577430-1-5,14.093302130272994,14.514928348084931,14.520611306325966
4577431-1-1,13.304684934198283,13.752967397761461,13.796631186193473
4577431-1-2,13.743938761227865,13.553666767582062,13.507652875950365
4577433-1-1,13.592367006650065,13.813866888791164,13.812573078177683
4577434-1-1,13.67240973836206,13.768648169095881,13.7721794663807
4577435-1-1,14.22097566607244,13.60239483451963,13.544866710715809
4577436-1-2,14.22097566607244,14.595442441458182,14.587425932302699
4577439-1-3,13.710150042306449,13.993064502545854,13.96988558743618
4577440-1-1,14.512732736928749,14.282513983719584,14.289816264685536
4577440-1-2,13.741864017795976,13.766562345563074,13.787929420101287
4577440-1-4,12.793859310432293,13.146507219207026,13.18032980225997
4577442-1-3,13.708615184458989,13.704749200695883,13.666932220969391
4577443-1-1,13.815510557964274,13.047181750878462,13.054553149683764
4577443-2-2,13.74414310599848,13.476777088544123,13.427970025668179
4577444-1-2,14.242954599965126,14.044526296087051,14.027444840644545
4577445-1-1,13.922759190007977,14.166587836793273,14.183996814649417
4577446-1-1,13.825460888817442,13.873777467809093,13.881064264968547
4577448-1-3,13.592367006650065,13.279063016354346,13.30307657568107
4577449-1-1,13.589749443192984,14.069053204466698,14.080400526332395
4577449-1-2,14.845129975145433,14.335086202475328,14.295208181993221
4577451-1-3,13.70829645046603,14.053258194855418,14.057082956541073
4577451-1-4,14.491850599021395,13.872241574074712,13.833397595799978
4577451-1-6,14.06158908056098,14.120542299413222,14.126774751562596
4577453-1-3,12.89921982609012,13.568574692915213,13.582053856569553
4577453-1-4,13.807958550707514,13.913749713459827,13.936105110587793
4577453-1-5,13.122363377404328,13.890781143880366,13.888361988241591
4577455-1-1,12.765688433465597,13.554186338363724,13.55712295760986
4577455-1-4,12.89921982609012,13.861975514135093,13.866700461032664
4577455-1-5,14.22097566607244,13.810376845437604,13.770452886033892
4577456-1-1,12.206072645530174,12.197553031055579,12.197657464396501
4577456-1-3,13.918367980997964,13.803545659128522,13.784775463945413
4577457-1-1,14.07906209811021,14.08135848221455,14.063295220436105
4577460-1-2,14.181687910671876,14.193634238425565,14.220568221614256
4577461-1-3,13.70276953994702,13.755998909925529,13.725097713145217
4577462-1-1,14.457364444136669,14.661574573075596,14.721945926320704
4577463-1-1,12.100712129872347,13.436144330901099,13.461335720433071
4577466-1-1,13.592367006650065,13.827045467323856,13.801745023252506
4577466-1-3,12.611537753638338,12.755711691864114,12.730790511119102
4577466-1-6,13.592367006650065,14.03838597704995,13.938738646564529
4577467-1-1,14.392123922268269,14.180361465484985,14.20752337280355
4577470-1-1,13.764217263576723,13.616578249138305,13.642819832644621
4577471-1-1,13.675619557261449,13.747528114638907,13.747389094205383
4577471-1-2,12.89921982609012,13.494952894267177,13.490615537020789
4577472-1-1,12.948009990259552,12.598081361421407,12.571028061735511
4577472-1-2,13.775656259137971,13.776003221113486,13.724732058716352
4577472-1-4,13.743938761227865,13.869950276524472,13.820920988752432
4577473-1-2,13.876804132452556,13.824325612713311,13.824661805101215
4577474-1-1,13.955272500339431,14.01087583876918,14.028664733055653
4577474-1-2,13.9368428431318,13.896944132462771,13.870101437249227
4577475-1-1,13.789850832558525,14.164638760420322,14.17172379045674
4577475-1-2,13.796037495105768,13.926170528727264,13.928748055226619
4577476-1-1,11.74271357969847,12.383345731085399,12.396241366000007
4577476-1-2,14.077874822431763,14.019003545004965,13.980614271278782
4577477-1-1,14.901825375064943,15.02372349030735,15.035337111816505
4577478-1-1,14.21777053512349,13.979286803890748,14.026250132402792
4577478-1-2,14.22097566607244,13.67000260520571,13.659242930764501
4577479-1-1,13.947600537251544,13.961710971188346,13.939042471986028
4577479-1-2,13.122363377404328,13.290320734587176,13.268893768660151
4577480-1-3,13.44185075594344,13.602536269034626,13.573991942244342
4577480-1-4,13.122363377404328,13.65973366372388,13.641163948634619
4577481-1-1,13.767145996962965,13.951293779338956,13.895523455282882
4577481-1-2,13.98795937256165,14.097002797618464,14.09995265323878
4577481-1-3,13.765395122260331,13.81936175495416,13.73082583056329
4577482-1-2,13.997832114758229,14.013961033621312,14.01066570333256
4577484-1-1,13.9042638336338,13.72140108508385,13.710454976362875
4577486-1-1,13.743938761227865,13.656039460028518,13.676548384962087
4577487-1-1,13.944782893668414,14.207243188085071,14.245911421715522
4577487-1-2,13.803651516681764,14.269977294688525,14.26658203165532
4577488-1-1,12.676076274775909,13.458767567986571,13.46873723735324
4577488-1-2,13.89019922755203,13.7131727343049,13.702046133697367
4577489-1-1,14.053380639672124,14.130871203829097,14.127538495853104
4577489-1-3,13.567049198665774,13.175913556750974,13.192752042319567
4577490-1-1,14.15830393473136,13.97027948123924,13.954492852470807
4577490-1-2,13.675619557261449,13.65172876575365,13.652422917516212
4577491-1-2,13.458835614025542,13.104651234048013,13.119672527978812
4577492-1-1,13.78057400965742,13.967492746537792,13.950326977709299
4577493-1-1,13.760573065756963,13.690456214152132,13.710442389248911
4577493-1-2,14.055742762960064,13.966281214784626,13.963573856676868
4577496-1-1,14.218669258357815,13.999930872675522,13.978741357884285
4577496-1-2,13.740556718550303,13.84818762510618,13.847691184299672
4577497-1-1,13.713165975914263,13.702750795394119,13.732081906128338
4577498-1-1,13.592367006650065,13.52953072667461,13.561631150990499
4577499-1-2,14.346138809026444,14.69356632183494,14.682580798407418
4577500-1-1,13.742351520045396,14.09680817660595,14.093868016468974
4577500-1-2,13.806352689904504,13.800448959679036,13.812455888842647
4577502-1-1,14.151982794585487,13.585412752492426,13.550241628447663
4577503-1-1,14.50865773852422,13.589623502218885,13.57492794330089
4577504-1-1,13.458835614025542,13.719116979619535,13.741108418003192
4577504-1-2,12.206072645530174,11.42780435447502,11.39386525714249
4577504-1-4,13.675619557261449,13.51559335847733,13.501538227398541
4577505-1-1,13.606321685626698,13.567090694230762,13.586688177169796
4577505-1-2,14.111813581748567,14.463970839616547,14.467994066555736
4577507-1-3,12.206072645530174,12.674637877358329,12.751560073167585
4577508-1-1,13.743938761227865,13.664675464920569,13.65276776072069
4577509-1-1,14.151982794585487,14.241796390414597,14.241876710447563
4577509-1-3,13.458835614025542,13.506571425889906,13.498691855760299
4577509-1-4,13.122363377404328,13.604806263222173,13.601201647202313
4577510-1-1,13.72790229833018,13.75854937369802,13.747286131017988
4577510-1-2,13.743938761227865,13.551383011392728,13.539776615048911
4577511-1-1,13.709097266109788,13.838438543756187,13.84576897608971
4577511-1-3,14.0687649921052,14.015629640804269,14.020654789713923
4577512-1-1,13.592367006650065,13.444826902900491,13.481536540482693
4577513-1-1,14.73180128983843,13.445770102178107,13.458132172656395
4577513-1-2,13.304684934198283,13.098930906956983,13.148554660908767
4577513-1-3,13.122363377404328,13.462367611892711,13.421805386805243
4577514-1-1,15.60727002719233,14.797937687273976,14.77054539528763
4577514-1-2,14.960264029155438,14.657194579080203,14.706222086661837
4577515-1-1,13.592367006650065,13.366468825889546,13.356640838974819
4577516-1-1,14.04321250399284,13.9305912954642,13.893224959036015
4577517-1-1,13.592367006650065,13.975909844293477,13.998252277982386
4577520-1-1,12.611537753638338,12.66377408301601,12.720211638953712
4577520-1-2,13.743938761227865,13.89176899266934,13.895377055576137
4577521-1-1,13.592367006650065,13.913469860473985,13.920149557331657
4577522-1-1,13.855624561918344,13.966853195515311,13.963001896993484
4577529-1-2,13.897284996095932,13.8783395370978,13.877279261068326
4577529-1-3,14.296831776009205,13.829540499726656,13.824960602674771
4580982-1-1,13.928839243271277,13.863852781863324,13.855714598616512
4580983-1-1,13.648682947653857,14.039950741651895,14.11909642298679
4580983-1-2,14.077874822431763,14.178953723246606,14.183335539464627
4582987-1-1,13.56864023998032,13.796913432463857,13.82945956937481
4582987-1-2,13.56864023998032,12.690610470182145,12.695478562506416
4582988-1-1,13.710150042306449,13.597088065787933,13.591169214928314
4582990-1-1,14.078515674734364,13.974950211849507,13.993881488308537
4582990-1-2,13.87287752644408,14.108587222995203,14.15161835253306
4584369-1-1,13.592367006650065,13.533890266725944,13.511561355953704
4584369-1-2,13.796033097795531,13.881076112785243,13.875719557723615
4584370-1-1,13.801127300569624,14.195932637959778,14.191310790957012
4584370-1-2,13.997832114758229,14.076185827240273,14.02808482592268
4584371-1-7,13.081541382884074,13.31418649097967,13.377569538268059
4584371-1-3,13.715690222682063,13.82903158603454,13.802167980727667
4584373-1-2,13.56864023998032,13.437408250668422,13.413150207605945
4584373-1-3,13.79815513257538,13.968560953826485,13.956461068107537
4584373-1-4,14.322729661045829,13.937363941978695,13.947959450848
4584374-1-1,14.31638682562662,14.160472159665519,14.158825890616734
4584375-1-2,13.304684934198283,13.538539288467899,13.46406850816031
4584375-1-1,13.592367006650065,13.788199075465373,13.773399803508457
4584376-1-1,13.710150042306449,13.473037146515145,13.493050097516917
4584377-1-2,11.695247021764184,11.542598198241325,11.436412636890127
4584377-1-1,13.743938761227865,13.882152019252468,13.878190657367956
4584379-1-1,13.458835614025542,13.182432899503032,13.115809336080053
4584379-2-1,13.675619557261449,13.77839570119404,13.779384500641331
4584379-2-2,13.675619557261449,13.677763946443802,13.667761371340708
4584380-1-2,13.304684934198283,13.735589420130378,13.762988135038192
4584381-1-1,12.611537753638338,13.244695855308711,13.191876615843004
4584382-1-3,10.308952660644293,12.155893056249495,12.143847062594245
4584382-1-4,10.308952660644293,11.642386302828863,11.644158110675932
4584383-1-1,13.710150042306449,13.959600961502167,13.959588879711745
4584384-1-1,13.592367006650065,13.612991577765442,13.58341666133512
4584384-1-2,13.304684934198283,12.636650318709615,12.604589268135388
4584385-1-1,12.948009990259552,12.713033649031866,12.733098591379436
4584386-1-4,15.464169183551656,14.259075025484634,14.292359598177955
4584386-1-1,16.213405830762646,14.685179639714482,14.715708490893654
4584386-1-3,15.424948470398377,14.495608635079204,14.476299749283834
4584388-1-2,13.903714640064964,13.989731697691496,14.00044256838344
4584388-1-1,13.876804132452556,14.106301604040544,14.08395171732366
4584388-1-3,13.796449736711946,13.809735776402427,13.827231721413265
4584389-1-4,13.940673737682983,13.683522870826318,13.724630033550962
4584389-1-1,13.644397673642851,14.058339359190485,14.0684571100018
4584389-1-3,13.675619557261449,13.697054540099119,13.697428978667466
4584390-1-3,13.675619557261449,13.769491129733382,13.78685503399404
4584390-1-1,12.765688433465597,13.244329000378235,13.122202809946934
4584391-1-2,11.289781913656018,12.08031782157353,12.037723856160467
4584391-1-3,13.90004562141882,13.614113525013678,13.64547826403616
4584392-1-1,13.304684934198283,13.299293943474455,13.363060813464255
4584393-1-2,14.046789824414942,14.290952901728247,14.364096745028817
4584394-1-1,14.264460831203666,14.7322577805513,14.729584795705286
4584394-1-2,13.79092171498965,14.083458212420776,14.095484162284245
4584395-1-2,14.50865773852422,14.356071995839418,14.349619545387467
4584396-1-1,13.696964606361512,13.70842259321178,13.726204586980472
4584396-1-2,13.458835614025542,13.68893142209926,13.628836700644571
4584397-1-2,12.89921982609012,13.253198930470147,13.20836685599403
4584397-1-1,13.458835614025542,13.314234936146027,13.35481860668027
4584398-1-2,12.611537753638338,12.835134946522958,12.773664530811068
4584399-1-2,13.644388180600252,13.955893596085108,13.973901232719626
4584400-1-1,14.177518953729429,14.166964649821663,14.17077124264154
4584400-1-2,13.98795937256165,14.129176522822974,14.145643998884147
4584401-1-2,13.800272737316954,13.745137899043879,13.707682968480993
4584401-1-1,13.830278658270617,13.865899119786913,13.869432350335908
4584403-1-5,13.122363377404328,12.723111692218286,12.709929099686159
4584403-1-3,13.122363377404328,13.009813799393415,13.036744206233736
4584403-1-6,14.421646384261862,14.052177084598933,13.971601216185698
4584405-1-1,13.776696377165516,13.673917187063347,13.654330569786094
4584406-1-4,13.9108207377686,13.278966982779822,13.294542665530656
4584406-1-1,13.9108207377686,13.591072986980375,13.733268310274845
4584406-1-3,14.22097566607244,13.51711799153514,13.434378792900434
4584407-1-1,12.89921982609012,13.21095408554648,13.262368339347836
4584407-1-2,13.458835614025542,13.110326581613231,13.147686303231772
4584408-1-2,13.04919250449746,13.40998127230536,13.465668406942301
4584408-1-1,13.997832114758229,13.600184877805205,13.52001640556425
4584409-1-1,13.74949861854558,13.575832300123048,13.559843230364875
4584410-1-2,11.695247021764184,13.284199887093791,13.299213274692221
4584410-1-1,14.137594057133388,14.163822889920773,14.176971475275959
4584411-1-1,14.914122846632385,13.833246986616235,13.787533567432128
4584411-1-2,13.592367006650065,13.620877481983264,13.676086530246524
4584412-1-1,12.89921982609012,13.46719817661165,13.385041518126046
4584414-1-1,13.122363377404328,12.982424483756612,12.991715986515242
4584415-1-1,13.836945859075856,14.016637293253655,14.095606661849343
4584415-1-2,13.743938761227865,13.728071481277937,13.719508267767575
4584416-1-1,13.75598451998358,14.0375325809442,14.077858518771077
4584416-1-2,12.89921982609012,13.52469137745789,13.519619974502367
4584417-1-2,13.675619557261449,13.812657528529932,13.814026695669993
4584418-1-1,12.542544882151386,12.444143350822618,12.472731506185486
4584419-1-1,13.74114612023376,14.173647554830401,14.207367558959902
4584420-1-1,13.997832114758229,13.715747161906444,13.740929765635261
4584421-1-1,14.000449000224725,14.09857182114509,14.11561860521721
4584421-1-2,13.873978502882888,13.841262116656013,13.874257216738203
4584422-1-1,14.07649772081629,13.97032247805783,13.953892387785336
4584424-1-1,14.523053618807952,14.05557004387793,14.066402259283436
4584427-1-1,14.458702693018894,14.37642813242782,14.418241561293792
4584428-1-1,13.304684934198283,13.059799738969625,13.066608077145748
4584428-1-6,14.246643412821015,14.107078886916444,14.067379064466824
4584428-1-3,14.000781407149953,13.774884841928456,13.78151400310526
4584428-1-7,13.770210845076074,13.581363824750998,13.57569615372834
4584429-1-1,13.773572771909272,13.705604803991433,13.710247181161641
4584430-1-3,14.208391483007112,14.448579129290465,14.387120730890556
4584431-1-1,14.22097566607244,14.067455073653448,14.151972934644872
4584431-1-2,14.50865773852422,13.804265852188701,13.783712694779895
4584432-1-3,14.426181494075546,14.09043201060326,14.094076322119129
4584432-1-1,14.226515874072362,14.271375595178515,14.26941404745288
4584432-1-4,13.997832114758229,13.926174208517226,13.915048574514902
4584433-1-2,13.997832114758229,13.852190463661039,13.837152483411305
4584433-1-1,13.997832114758229,13.70285740759515,13.750692770681011
4584434-1-1,13.743938761227865,14.003247434619832,14.010843247829332
4584435-1-1,12.611537753638338,12.592489775326591,12.539742495703052
4584435-1-2,14.077874822431763,13.874049507740954,13.845989499639424
4584437-1-1,13.997832114758229,13.71149453668515,13.42233998416692
4584437-2-1,13.592367006650065,13.71703501545225,13.66899461986754
4584438-1-1,15.89495209964411,14.207436517412322,14.195054584344312
4584438-1-3,15.147216728799762,14.380200056166624,14.394609042773235
4584441-1-1,13.304684934198283,13.800380679185857,13.795634391858217
4584441-1-3,13.997832114758229,13.666462173069903,13.682786351293945
4584442-1-2,13.652991628466498,13.387061122367829,13.420784354571275
4584443-1-1,12.89921982609012,12.993108313945093,13.016138483945328
4584444-1-1,13.592367006650065,13.5242109107399,13.533153622003319
4584444-1-2,13.83641031603546,13.871534431523498,13.878606594473673
4584447-1-1,15.16130839242683,14.979429261540977,14.966472037687176
4584448-1-1,14.14760007950506,13.8144834534024,13.816737633620377
4584449-1-1,15.45126571378068,15.52839601582878,15.597545532940565
4584449-1-2,14.421646384261862,14.17274616512175,14.165428887931071
4584450-1-1,12.793859310432293,12.690413416222002,12.693378748867254
4584452-1-2,13.56864023998032,13.608723479979295,13.613449820397323
4584452-1-1,13.458835614025542,13.601527067971375,13.541699532768034
4584453-1-1,14.50865773852422,13.859876386833143,13.848848568745066
4584454-1-1,13.458835614025542,13.677668976504426,13.681808241826365
4584455-1-1,14.389874202534251,14.621638838954462,14.587623282500566
4584457-1-3,14.907154205288318,14.781178849682513,14.739511256453063
4584458-1-1,13.90004562141882,13.849731983576326,13.831045409169882
4584459-1-1,13.56864023998032,13.689622542418158,13.772043982960367
4584459-1-2,12.206072645530174,11.96681705463268,12.033244691423942
4584460-1-1,14.399121851455911,13.965844152435126,13.978578873719853
4584460-1-2,13.77758676844185,13.9952066899597,14.023058525078078
4584460-1-3,14.10942314911079,14.405763494418643,14.404166570266627
4584461-1-2,14.632221588584953,14.348513116339296,14.391888392330852
4584461-1-1,14.064616257131249,14.098279756659998,14.047148301074172
4584463-1-3,13.458835614025542,13.299697810114562,13.329608869331743
4584463-1-1,13.710150042306449,13.588248583914254,13.582340280362933
4584464-1-2,13.67240973836206,14.472015231063812,14.457421480623077
4584465-1-1,13.709542079756886,13.762455372063583,13.753686748806551
4584465-1-2,12.066810578196666,12.26829651162719,12.287557121941292
4584466-1-1,13.955272500339431,13.527165224767195,13.502597816758504
4584467-1-1,13.664687668229693,13.329676448895356,13.329692149401401
4584468-1-1,13.527828485512494,14.00031272330003,13.97969999122072
4584468-1-2,13.122363377404328,13.594065879949481,13.639862809221206
4584471-1-1,14.851064740251044,14.852135200914503,14.844772218072496
4584472-1-1,14.22097566607244,14.11744840824866,14.298147437908044
4584473-1-1,13.710150042306449,13.522616596803607,13.601206098189017
4584473-1-2,14.540156405583591,14.437658602600912,14.408018854022414
4584474-1-2,13.56864023998032,13.820569631933207,13.825242022535438
4584474-1-1,13.895553304099348,14.220971242001038,14.207486895129984
4584474-1-3,13.973833415000485,13.87752070553903,13.867235416711605
4584475-1-2,13.122363377404328,12.712921804974684,12.712639319893496
4584476-1-2,14.690979295318174,14.218857384732958,14.23958727487362
4584476-1-1,10.819778284410283,11.172473877374733,11.196353468661309
4584476-1-3,14.417090544998729,14.466805550480647,14.495683174789695
4584477-1-1,13.56864023998032,13.925337073240687,13.928673653056967
4584477-1-2,13.389842710650834,13.372646754099774,13.355838966486527
4584477-1-6,13.592367006650065,13.854575844928315,13.823680162556514
4584478-1-3,14.15910026235435,14.298026630712407,14.355321587623408
4584480-1-2,14.73180128983843,13.44915505780177,13.480343479567123
4584480-1-1,14.73180128983843,14.252992768517835,14.284678952750442
4584482-1-2,15.497269131978,15.532644434547322,15.459115215317361
4584483-1-1,12.89921982609012,13.25096082347456,13.22984782302013
4584484-1-2,15.21422743908272,14.764882316206048,14.701421782136064
4584484-1-1,15.246618914953638,15.324836164722374,15.314112227715851
4584485-1-3,12.206072645530174,13.37296531100889,13.310016210583152
4584487-1-1,12.676076274775909,12.757638785290286,12.746068820961922
4584487-1-2,13.743938761227865,13.788053431569313,13.784316459291848
4584488-1-1,14.808762330974558,15.43480563391166,15.448871334142451
4584489-1-1,13.458835614025542,13.86581747221525,13.87616185620871
4584491-1-1,14.50865773852422,14.422361680716628,14.40173621697038
4584492-1-2,13.815510557964274,14.202866725660671,14.18759067152198
4584492-1-1,15.401338536499852,15.290554757092258,15.278296692788135
4584493-1-3,13.458835614025542,13.875247318461692,13.87647753433662
4584493-1-1,12.206072645530174,12.776759325273662,12.84102494705892
4584496-1-1,13.56864023998032,13.845580272958028,13.81570780421051
4584497-1-1,13.458835614025542,13.746268707421914,13.696209114472422
4584498-1-1,13.675619557261449,13.628037480602634,13.624964213451976
4584498-1-2,14.288558065533453,13.598756289782989,13.54141718881703
4584499-1-1,15.50499114730268,15.87367318059873,15.674285138004782
4584500-1-1,16.300417207752275,15.695341417306603,15.61177257052812
4584500-1-2,15.557437682641533,15.985058322514965,15.94320944425425
4584501-1-1,13.815510557964274,14.209781784710211,14.166766525815833
4584501-1-2,13.56864023998032,13.52792713101276,13.567804230754973
4584502-1-1,15.265561923979956,15.260353166698946,15.172423828772045
4584503-1-1,13.592367006650065,13.043905063659455,13.350982724061065
4584504-1-1,13.997832114758229,13.919079033654741,13.987124886272237
4584504-2-1,13.304684934198283,13.611858315981186,13.578119091667608
4584504-2-2,13.458835614025542,13.582888050919125,13.578518285694997
4584505-1-1,14.22097566607244,13.99546976228806,13.984382938309562
4584505-1-3,14.32893280757753,14.04331763358611,14.054545663405662
4584507-1-1,13.735745566932234,14.041043746642579,14.044096655548824
4584508-1-2,14.648419680899378,14.236761661803289,14.252879619174418
4584509-1-2,13.86893532290367,13.892854375490362,13.908985863291738
4584509-1-7,13.545013310266594,13.583876899092825,13.578640695978434
4584509-1-4,13.592367006650065,13.307267021930281,13.313227780177808
4584509-1-6,13.710150042306449,13.604288743488743,13.577359783343375
4584510-1-2,14.914122846632385,14.458195232941467,14.465318598165814
4584510-1-3,13.122363377404328,13.896758262635679,13.914827304379616
4584511-1-1,15.547166103122624,14.077583875282334,14.103966130236618
4584511-1-2,13.74071097170064,14.010274301802019,13.957091304310936
4584512-1-1,14.21532263442195,14.018400746517294,14.0516482654395
4584513-1-2,14.103100876206769,13.819211341523875,13.827330819522382
4584513-1-1,13.017002861746503,13.525975979443146,13.53326364645619
4584514-1-2,13.76976637819565,13.648311383466552,13.684523136420536
4584514-1-1,13.081541382884074,13.782715172081614,13.801632191457154
4584516-1-2,11.813030057420567,13.388843966012079,13.353863649551323
4584518-1-1,14.261292573057457,14.224964947479277,14.195442134530945
4584518-1-2,10.819778284410283,12.657730415775125,12.667686220138044
4584519-1-2,15.89495209964411,15.776691295916867,15.76613993922034
4584523-1-2,12.676076274775909,13.09998891024282,13.136984794615994
4584523-1-4,13.764217263576723,13.547304394398527,13.51109752182543
4584525-1-1,14.00602977609466,14.535375099486625,14.552247188949956
4584526-1-1,13.592367006650065,12.94670857972395,12.900147084716304
4584527-1-3,13.74414310599848,13.549198715627464,13.569075168743574
4584527-1-2,14.50865773852422,13.697324947753316,13.698354269607483
4584528-1-1,14.441181573399303,14.125542106652166,14.176281307914845
4584529-1-2,13.644388180600252,14.343117898842895,14.373021694734886
4584531-2-1,14.457364444136669,15.253539314972132,15.24991482339878
4584531-2-2,14.811843966742734,15.259491542035061,15.273888593937011
4584532-1-2,13.217673557208654,13.307131274540756,13.319563388747722
4584532-1-1,13.698976741708323,13.796383884132263,13.787857539925897
4584533-1-1,13.458835614025542,13.356881775687945,13.353250932144215
4584535-1-2,15.289451948170854,14.6515561567475,14.623361431900129
4584535-1-1,14.239302940865258,15.29344354493385,15.25125541697024
4584536-1-2,14.48333993053993,14.66750989867784,14.609464555568266
4584536-1-1,13.955272500339431,14.175105091996443,14.179579379714658
4584537-1-1,13.904629795188134,14.560452388471774,14.543913510178777
4584537-1-2,12.542544882151386,12.524094221666573,12.572788510471169
4584538-1-1,14.914122846632385,15.240619852935495,15.232513568722691
4584538-1-2,15.498818349924582,15.46790821375144,15.421089798468321
4584541-1-1,13.122363377404328,12.521836454940413,12.536051994646828
4584542-1-2,13.743938761227865,13.621834501721622,13.671692439180577
4584542-1-1,13.815510557964274,13.548053285529022,13.591295886268739
4584543-1-1,14.50865773852422,14.203068821146573,14.205283268076542
4584545-1-1,15.201804919084164,15.35549621363936,15.371474575841617
4584545-1-2,15.27412558066379,15.025732672024647,14.995079593410125
4584546-1-3,12.89921982609012,13.308438837019818,13.257288445200428
4584548-1-1,13.675619557261449,13.919264030297809,13.968111521664468
4584550-1-1,14.592539222504922,14.172393055567138,14.27045035735764
4584551-1-1,12.793859310432293,13.099050936337916,13.102622515380698
4584553-1-2,15.797660814996844,14.458156978114639,14.44370794089768
4584555-1-1,14.588700484659292,14.744429592584499,14.777392460950358
4584555-1-2,14.077874822431763,14.493736979408927,14.526689502971834
4584556-1-1,13.705829262835188,14.233969986144029,14.227382868749208
4584556-1-2,13.703967637230171,14.017306630115154,14.023555077040465
4584557-1-1,13.017002861746503,14.295377463397369,14.394996399227681
4584559-1-1,13.122363377404328,12.593338631366365,12.688134494499995
4584563-1-2,15.28184766521924,14.865638092804717,14.873672069744039
4584563-1-1,14.828883625718904,15.008363907774616,14.981325834185235
4584563-1-3,13.815510557964274,13.938470195746621,14.001508346270505
4588437-1-1,13.304684934198283,13.696529802701404,13.671811985522117
4588438-1-3,14.151982794585487,14.289708203668244,14.311756196341078
4588439-1-2,14.466098102366292,14.256958287545507,14.263047441195372
4588439-1-4,13.80490754415992,13.986456475525891,13.963468555098046
4588440-1-1,13.592367006650065,13.472926652447361,13.430975528887984
4588441-1-1,15.28184766521924,14.344841667203173,14.355391046272747
4588441-1-2,14.253765488895429,14.041836971345997,14.058983366199174
4588444-1-2,13.304684934198283,12.95158067262378,12.951606192208935
4588445-1-1,14.851064740251044,14.332299986792677,14.245803608995818
4588445-1-2,14.076335176246172,14.13077632462516,14.14530864294197
4588447-1-1,13.592367006650065,13.396966407544191,13.394371838780648
4588447-1-2,13.458835614025542,13.588793783935815,13.593818288550477
4588448-1-1,13.527828485512494,14.081764949615868,14.115081191709688
4588449-1-2,14.00072490576747,13.98304975625549,13.956463846951433
4588449-2-1,13.709542079756886,13.802391231094639,13.79227848293974
4588449-3-1,14.50865773852422,13.844032598623775,13.858858939951624
4588449-3-2,13.56864023998032,13.834089533576565,13.847230638968641
4588450-1-1,13.883792026464116,13.841494760372978,13.852753347016952
4588451-1-1,14.089254158427073,14.045081390825791,14.065724875797303
4588452-1-1,12.89921982609012,13.531796301150258,13.602824164048217
4588453-1-2,13.633188976170318,13.618173473808898,13.575514179983031
4588453-1-1,14.457364444136669,14.63274601865981,14.634601671357485
4588454-1-3,13.56864023998032,14.143121128676835,14.15882279753545
4588455-1-1,13.235692062711331,13.51854645270125,13.544608417498115
4588456-1-1,14.195657858088149,14.456212312461947,14.485227851537353
4588457-1-2,13.815510557964274,12.71111470227428,12.709432659281983
4588458-1-1,13.92318702723002,13.886574109900083,13.909991668340231
4588458-1-2,14.365556918922008,14.235227102119827,14.253678845902712
4588458-1-3,14.321752316855848,14.087693477953625,14.104877315566009
4588458-1-5,13.803651516681764,13.586132743533542,13.588486976029529
4588459-1-1,13.713241162645325,14.16166923482893,14.154135450676634
4588459-1-2,13.743938761227865,13.686236094544737,13.70488638280665
4588459-1-3,12.793859310432293,13.107643936012067,13.083490596136434
4588460-1-1,14.320244288772582,14.23890782724067,14.231927877018535
4588461-1-1,14.22097566607244,14.268395259516897,14.274046803062406
4588462-1-1,12.89921982609012,13.323333902897117,13.305041459991122
4588462-1-2,13.705829262835188,13.987622117018466,14.003587793731159
4588462-1-3,13.734068710492648,13.935138166252923,13.91372519254851
4588463-1-1,11.695247021764184,12.556959701880036,12.583757613046146
4588464-1-2,13.815510557964274,13.690707879278767,13.750014213700034
4588465-1-1,13.972046676084227,13.751284622874973,13.741791927231262
4588466-1-3,14.164201413727133,13.977884655085845,13.997834163927635
4588466-1-1,13.9108207377686,13.340448733596931,13.375552476806657
4588468-1-1,14.417017528634467,14.756783405077199,14.833004781813301
4588468-1-4,14.195657858088149,14.432355879768217,14.429311347185585
4588469-1-1,13.9108207377686,14.11516205862205,14.050997571870981
4588469-1-2,13.350826057039638,13.541731669233366,13.629407871101987
4588470-1-1,12.388394202324127,12.82715780561729,12.810696958898543
4588471-1-1,13.122363377404328,13.046157577112274,13.505303807385207
4588471-1-2,13.304684934198283,13.85320112190603,13.819681755527371
4588471-1-7,13.017002861746503,13.487535772223783,13.462130592100658
4588471-1-6,12.611537753638338,12.2898686065193,12.346794923459562
4588471-1-3,13.716926681708356,13.730208419430692,13.739853830480145
4588473-1-2,14.50865773852422,13.79684164095105,13.771403460346734
4588474-1-3,12.89921982609012,13.397030530175462,13.4138330453973
4588474-1-2,13.122363377404328,13.18526135813977,13.145826942387831
4588474-1-1,13.122363377404328,13.637148470509368,13.645651739020282
4588475-1-2,14.305112519742377,13.911586410720435,13.910367098918636
4588475-1-5,13.827577459182413,13.923785520362848,13.919135312120527
4588476-1-1,13.710150042306449,13.104220337657821,13.096334684433584
4588476-1-2,11.512925464970229,11.216966273683056,11.177242806005038
4588476-1-3,13.904629795188134,13.788553272668892,13.732101508520485
4588477-1-1,13.698976741708323,12.847455429547333,12.952635457352288
4588478-1-1,13.87371283651006,13.79035702694593,13.76594651593482
4588479-1-3,13.592367006650065,13.283448458199096,13.29344601860568
4588479-1-4,12.206072645530174,11.953079763965821,11.910888852592606
4588480-1-4,13.853009597580163,14.328053892564798,14.323087644760257
4588481-1-1,13.122363377404328,12.831342260580081,12.820793983152127
4588482-1-1,13.742351520045396,14.031588678971868,14.013039537995528
4588483-1-1,12.948009990259552,13.778895106355115,13.78629965339054
4588486-1-2,14.22097566607244,13.877005258002244,14.031757782269349
4588486-1-1,14.50865773852422,14.447245435979772,14.462770094918264
4588487-1-2,13.458835614025542,13.30561750724808,13.311597561475818
4588487-1-1,13.709542079756886,13.7994258038954,13.798378758406036
4588489-1-2,11.289781913656018,11.830228039673901,11.821906918555259
4588489-1-1,13.527828485512494,13.399494120169837,13.426339264085234
4588489-1-4,13.710150042306449,14.012842442706159,14.057349973287112
4588491-1-3,13.567049198665774,13.889445074582143,13.877163214181586
4588491-1-2,12.89921982609012,13.488051845080074,13.491317098555237
4588492-1-1,13.675619557261449,13.372640496146913,13.382382948542855
4588492-1-2,13.592367006650065,12.190892882953518,12.111505378986227
4588493-1-2,13.304684934198283,13.471514474663833,13.43510097169128
4588493-1-1,13.617059619240436,13.786890973002045,13.792325475499558
4588494-1-1,13.304684934198283,13.924398434393133,13.952018003188822
4588495-1-1,13.592367006650065,13.811614759163147,13.75243457648355
4588495-1-2,13.592367006650065,13.848408341983921,13.859775384176281
4588496-1-3,13.627975434117433,14.051513235337106,13.997547606838037
4588497-1-2,14.914122846632385,15.215754768232706,15.19614715890182
4588498-1-4,15.319587954740548,15.678474679936052,15.786617664038623
4588498-1-1,14.301018373745976,15.082514307520112,15.146923661776754
4588499-1-1,13.719232009442273,14.00065000551473,14.019485338101099
4588500-1-2,13.795307850646754,13.388032575798569,13.433466213985753
4588500-1-3,12.89921982609012,12.386994608712014,12.398251153201748
4588500-1-1,13.815510557964274,13.602912446473454,13.586532194021114
4588501-1-2,13.527828485512494,13.439485748365954,13.398110858140786
4588501-1-1,13.740377108265063,14.236815587853796,14.269885312616932
4588503-1-2,13.77468856344402,13.191507823253552,13.18029549143968
4588503-1-1,13.745037663211583,13.900178970730057,13.92215364156694
4588504-1-3,13.795307850646754,13.810699796290134,13.820823402276291
4588504-1-2,13.815510557964274,14.361591825531534,14.360101478622905
4588505-1-1,13.592367006650065,13.78969704329579,13.788981003537826
4588506-1-1,13.304684934198283,13.58528616967444,13.569904744583827
4588507-1-1,13.592367006650065,13.251286538782805,13.25493176833537
4588508-1-2,11.84939770159144,12.813715870959706,12.87777700962485
4588510-1-1,13.743938761227865,13.919255899910295,13.867265614585136
4588510-1-2,11.695247021764184,11.414983156732557,11.414577388486347
4588511-1-1,13.458835614025542,13.26549533352685,13.287272975032002
4588511-1-3,14.50865773852422,14.55553028397074,14.650974990678165
4588513-1-2,13.56864023998032,13.73049650499047,13.739238634694285
4588514-1-1,13.487006490992238,13.594566276615655,13.60677055863367
4588516-1-2,12.676076274775909,13.632403967767498,13.62110627580138
4588516-1-4,13.896168460981729,14.053478163329398,14.052649864555056
4588517-1-1,13.900811149477926,14.180543199029641,14.124533292893805
4588517-1-2,13.122363377404328,12.425310572347993,12.411834688771222
4588517-1-3,13.675619557261449,13.815342147858797,13.80596121261711
4588518-1-3,11.156250521031495,12.545860707020186,12.487636652193418
4588518-1-1,13.527828485512494,13.740963485402244,13.717008256766553
4588518-1-4,12.506177237980513,12.058565568606534,12.134297081513816
4588520-1-1,13.709097266109788,14.05051770429141,14.056627133416365
4588521-1-2,11.918390573078392,11.720375089459658,11.729947410657218
4588521-1-3,13.73153420698384,13.837975740026716,13.844716024618243
4588522-1-2,13.017002861746503,13.443726501756279,13.414604491705338
4588522-1-4,13.592367006650065,13.52211119705197,13.508038189250094
4588522-1-1,13.815510557964274,13.65214882703988,13.672383069722422
4588524-1-1,14.0687649921052,14.253871182625781,14.252165679295627
4588524-1-2,13.675619557261449,13.91727335562757,13.964608063600124
4588525-1-3,15.424948470398377,14.3615550547285,14.349650085339597
4588525-1-4,14.978661367769956,14.8501944270235,14.831303401547904
4588526-1-1,16.190416312537945,16.039023102453037,15.979629357807683
4588526-1-3,15.068273526459642,14.576929457020597,14.581618745650962
4588527-1-1,13.997832114758229,14.015761981055398,14.012457701916778
4588527-1-3,13.815510557964274,13.912352755297242,13.935217141093975
4588528-1-1,13.122363377404328,12.126975329282095,12.077983614202296
4588529-1-1,10.819778284410283,11.358375121389972,11.357606774410106
4588530-1-1,11.289781913656018,11.633063474369767,11.617010919558842
4588531-1-3,13.675619557261449,13.93072529741439,13.917049586364703
4588531-1-1,13.458835614025542,13.558013679219032,13.556814267897982
4588533-1-1,13.488163200218327,13.244911274788757,13.265277666728322
4588533-1-2,12.89921982609012,13.32902499681462,13.349097745555962
4588534-1-1,13.122363377404328,13.23837022013622,13.21802676288326
4588534-1-2,13.951972277982708,14.270035676057505,14.277613390701614
4588535-1-1,13.644388180600252,13.781859346548345,13.79847656532567
4588535-1-2,13.721199878493032,13.584678683775822,13.586223566204643
4588535-1-3,12.206072645530174,13.032491533154003,12.933223248942058
4588536-1-1,15.068273526459642,14.508632948374306,14.512571732589171
4588536-1-2,14.603967918328545,14.187256205337583,14.205811945017057
4588541-1-1,13.304684934198283,13.606624700448695,13.610542064218352
4588541-1-2,13.304684934198283,13.8669858406051,13.938892144130065
4588542-1-1,13.56864023998032,13.62335805755136,13.647629706142487
4588543-1-1,14.48333993053993,14.778550280829013,14.801194608774143
4588544-1-1,14.159013467807672,14.598836564119331,14.55988924340793
4588545-1-2,12.89921982609012,13.039377161326739,13.090273181899178
4588545-1-3,13.487006490992238,13.181870832066656,13.294970186166536
4588546-1-1,14.673819042623288,14.383545982309485,14.403957671966086
4588546-1-2,11.918390573078392,11.946051702504754,11.90883348919815
4588547-1-1,13.418013619505286,13.613563359019885,13.557761897760702
4588547-1-3,12.206072645530174,13.195814367939818,13.260577708680334
4588548-1-1,12.429216196844385,12.5050598267579,12.489065387072845
4588548-1-2,13.798486149092858,13.873083887563624,13.865398050994282
4588548-1-3,13.798486149092858,13.87108235233194,13.893679137651171
4588549-1-1,12.611537753638338,13.573756499316701,13.55065856564228
4588550-1-1,13.458835614025542,13.609409011060468,13.625425006520082
4588551-1-1,13.235692062711331,13.320042206901652,13.34194280829153
4588552-1-1,14.44180540926268,14.265320297190526,14.30215211933957
4588552-1-2,13.815510557964274,13.875187541583024,13.891041441138949
4588552-1-3,13.56864023998032,13.769007559098243,13.774397567499571
4588552-1-6,13.592367006650065,13.730126024674513,13.663872578513557
4588552-1-7,13.56864023998032,13.59411880817454,13.549545884049968
4588553-1-1,13.122363377404328,14.07149669395908,14.079735708482238
4588553-1-4,13.743938761227865,13.8312415353906,13.8410253013471
4588554-1-3,13.592367006650065,13.67094454659252,13.697159024066853
4588555-1-1,13.458835614025542,13.550762699131155,13.504574705566217
4588555-1-2,12.89921982609012,12.93489562227374,12.935541721811843
4588556-1-1,13.592367006650065,13.19090701561689,13.197441678287099
4588557-1-3,13.87287752644408,14.019625071616185,14.066853279541913
4588558-1-1,13.592367006650065,13.403809205917259,13.374605764720098
4588559-1-2,13.743938761227865,13.722171670725006,13.752739697347474
4588560-1-1,13.710150042306449,13.340179417664057,13.387310609149964
4588561-1-8,11.918390573078392,12.489974078715775,12.509971355128009
4588561-1-1,13.675619557261449,13.490266332321651,13.471264739778093
4588561-1-2,13.56864023998032,13.197079072719044,13.29531210319177
4588562-1-5,14.037221884133524,14.034775415473476,14.09864889661062
4588562-1-4,15.093164307566646,13.955395004087785,13.96767531847803
4588563-1-3,13.304684934198283,13.35711432322306,13.337974006956017
4588563-1-2,12.429216196844385,13.74771760597748,13.726047237538841
4588563-1-1,13.304684934198283,14.251623330555336,14.311389390168033
4588564-1-1,14.331323723241304,13.974555802439218,13.95953270362334
4588565-1-1,13.921970506524197,14.15304590660489,14.165932704754947
4588565-1-2,13.592367006650065,12.847366571045873,12.820538835114284
4588566-1-1,12.89921982609012,13.730397318140493,13.714232326251352
4588567-1-1,11.918390573078392,12.804257230397953,12.720066177739731
4588567-1-3,13.42984807715229,12.860518927137147,12.849576175438134
4588567-1-2,13.709542079756886,13.750675443052613,13.732674997325203
4588568-1-1,14.652758082497977,14.684196261279869,14.702685447599086
4588568-1-2,14.423009091686849,14.197658048327309,14.158827384345186
4588569-1-1,13.85857004742472,14.059857447423036,14.059543916988765
4588570-1-1,12.89921982609012,13.007613761016103,13.02430583891678
4588571-1-1,12.429216196844385,13.855972864296602,13.82140972071315
4588572-1-3,13.592367006650065,13.21301833957297,13.175337859101578
4588573-1-4,14.077874822431763,13.7927472937529,13.761607010707149
4588573-1-3,11.289781913656018,11.900683678534756,11.717208016775022
4588573-1-2,13.740556718550303,14.066393903382586,14.047230977989914
4588573-1-1,13.87691922527787,14.29414437535819,14.269349327464512
4588574-1-1,13.710150042306449,13.3666057104891,13.357817297979931
4588575-1-2,13.648682947653857,13.296700263443393,13.259711050894794
4588577-1-1,13.458835614025542,14.018707232715467,14.023581584833408
4588579-1-5,14.072638830828788,14.04217832701535,14.007664048772726
4588579-1-2,11.289781913656018,12.672864001735539,12.706139939613456
4588579-1-1,14.438705992285204,14.075746294902423,14.102830675315095
4588579-1-6,13.081541382884074,12.537226824923247,12.538703611333563
4588580-1-3,13.122363377404328,13.477448561834862,13.475712059511242
4588580-1-1,12.206072645530174,11.646397634484787,11.71473878250373
4588580-1-2,13.304684934198283,13.117201347219757,13.110512814779826
4588581-1-3,13.750972036826704,14.16070026452041,14.197377617057091
4588581-1-1,13.592367006650065,13.72496812739496,13.730745641244331
4588581-1-2,13.592367006650065,13.53059294520313,13.511827478706023
4588583-1-1,12.611537753638338,13.304779842912225,13.278848035436118
4588583-2-1,13.730182490686293,14.047528165615848,14.032457669589041
4588584-1-1,15.114793564821808,14.955156322900194,14.9464339030183
4588585-1-1,14.914122846632385,13.74430933815438,13.69062237912954
4588585-1-2,14.37584994118433,14.227995571787583,14.231279206867718
4588587-1-1,13.304684934198283,12.424253386604489,12.465788665158243
4588588-1-3,13.864300722133706,13.936437421594668,13.910787562682692
4588588-1-2,12.0435537160324,12.74465440695571,12.73710341480005
4588588-1-1,14.0623706358958,13.898012579361328,13.913325018669354
4588589-1-1,15.01948333729021,14.473112987360935,14.488960832752317
4588591-1-2,14.502639666198656,13.911434095175972,13.93012095847791
4588593-1-1,13.592367006650065,13.905879042219633,13.877351788549964
4588593-1-2,13.708429674433004,13.824982046739724,13.822471337104222
4588594-1-1,13.56864023998032,13.673211530195152,13.70090617656209
4588596-1-1,12.89921982609012,13.33622179085299,13.27794119064352
4588596-1-3,13.983845907994755,13.743698260227127,13.756818489520718
4588597-1-2,13.458835614025542,13.230323598741077,13.212722240653205
4588597-1-7,12.89921982609012,11.246654432226473,11.237286127696123
4588597-1-5,12.89921982609012,13.70448566378083,13.708138383603602
4588598-1-1,13.912334704778331,13.924287488767577,13.92502686354274
4588598-1-4,12.84792653170257,13.509612026427419,13.47955829357307
4588601-1-2,14.73180128983843,14.01760732000221,14.000224685922058
4588603-1-2,14.18985945586712,14.254745615659045,14.267694145915705
4588604-1-2,14.50865773852422,14.208063632157554,14.208868215291796
4588605-1-5,13.592367006650065,12.957739565368973,13.010670287798646
4588605-1-1,13.721199878493032,13.807066482502933,13.83926483869404
4588605-1-2,14.159013467807672,14.10961565972886,14.087185781950273
4588606-1-1,13.652991628466498,13.764348986045018,13.754308371311287
4588607-1-1,13.96473142764972,14.073007077371795,14.07274259716755
4588608-1-2,13.304684934198283,13.061749465045164,13.024933161487818
4588608-1-1,13.955272500339431,13.62610926713914,13.627926656618747
4588609-1-3,13.122363377404328,13.542400270114323,13.566684199602157
4588609-1-4,13.122363377404328,13.614233974244144,13.604189760192732
4588610-1-4,13.67191959423437,13.919714078331388,13.913451511220078
4588610-1-2,13.63846545616572,14.224260232952668,14.261772075954468
4588610-1-1,13.592367006650065,13.72932776026496,13.730411786383538
4588610-1-5,13.600139224562271,13.982940132169913,13.971435827670597
4588611-1-2,13.56864023998032,13.925538436356412,13.91890688575921
4588613-1-1,13.743938761227865,14.282204553988134,14.282271042198964
4588614-1-1,13.304684934198283,14.60741156287006,14.57250958301054
4588614-1-2,13.304684934198283,13.7960656598635,13.913717649960983
4588614-1-3,13.081541382884074,12.809122845325684,12.79948425391285
4588615-1-1,13.815510557964274,13.417469688713956,13.428691530000169
4588616-1-1,14.044503667206293,14.192177076063754,14.255297960382451
4588616-1-2,13.270783382522602,13.506829108655086,13.474873035832463
4588617-1-3,13.746288754024288,13.433477873064627,13.39205808224827
4588617-1-1,13.804378260738982,13.904337192474989,13.85990675604802
4588619-1-1,13.64688515419833,13.475220879215204,13.51414575658524
4588621-1-1,14.914122846632385,14.270669251777951,14.27344339094164
4588621-1-2,15.304662342117856,15.476699354070293,15.467702542867316
4588622-1-2,14.031060853340378,13.70170602106402,13.719885360088595
4588622-1-1,12.979262557802116,12.938290811919591,12.931328267330336
4588624-1-1,13.763649734141303,14.00303914468834,14.028279459395971
4588624-1-4,13.645602039642446,13.999494893936257,13.96812690995899
4588624-1-2,13.833557723770529,13.987165613326418,13.992186388935549
4588625-1-1,12.89921982609012,13.13129430311855,13.122490977116982
4588626-1-1,13.9982856577254,14.424524021576467,14.409043947554084
4588627-1-1,13.762461314906092,13.892591699748069,13.894787011674744
4588628-1-1,13.304684934198283,12.542030661919288,12.562463533164795
4588629-1-2,13.931702105653022,14.207616156378034,14.194849383328894
4588629-1-1,13.878370444420163,14.197195488096739,14.22181595234022
4588631-1-2,13.304684934198283,13.988765275807248,14.096157098931583
4588632-1-1,13.976674551200349,13.816990232387035,13.81446538357586
4588633-1-3,13.675619557261449,13.780720868962627,13.785411325205361
4588633-1-2,12.611537753638338,12.595306010769614,12.612100395019965
4588633-1-4,13.675619557261449,13.803098448087738,13.781749896596022
4588634-1-1,13.304684934198283,13.180053161161792,13.195805571984629
4588635-1-2,13.786009074704966,13.887671431339257,13.891690904509765
4588635-1-1,14.54219454035343,14.181753407607347,14.177601068514969
4588635-1-4,13.77981025588594,13.628524103739037,13.601227394323132
4588636-1-2,14.603967918328545,14.021359779821324,14.07038366661051
4588637-1-1,13.399995114002609,13.593502029579472,13.570328993024006
4588638-1-3,13.579867968099038,13.469121939718505,13.51878653568687
4588638-1-2,13.675619557261449,13.866884050053612,13.872371629729376
4588640-1-1,15.424948470398377,13.999931021230427,13.991503828038072
4588641-1-1,13.458835614025542,13.271435139769123,13.25542254079548
4588642-1-1,13.122363377404328,13.524024475278226,13.528572576259505
4588642-1-2,13.667571876990948,13.752495726814681,13.750856162597188
4588644-1-2,13.762332330310938,14.124872443311675,14.139270540716959
4588645-1-2,13.815510557964274,13.252652058893183,13.292492322294413
4588645-1-1,13.815510557964274,13.73685305061386,13.762725002852635
4588645-1-3,13.803651516681764,13.87770712037628,13.843193527127307
4588646-1-1,13.743938761227865,13.680213937798241,13.681644624577002
4588648-1-1,14.37968735722726,14.089666996011049,14.089238163751402
4588649-1-4,14.92517265534644,14.62686831092477,14.55229595212846
4588649-1-3,15.388457396388128,14.758696996032263,14.793426692172494
4588650-1-2,13.881495844531846,13.913969413362693,13.94345736246162
4588650-1-1,14.091786072278426,14.147589977168925,14.137031839642274
4588652-1-1,13.304684934198283,13.573212449504197,13.539840862486047
4588652-1-3,14.00878112168589,13.904376284882698,13.931257340640455
4591075-1-2,13.815510557964274,13.786739441605306,13.782083800242274
4591075-1-3,13.997832114758229,13.347386330019589,13.42300241779886
4591940-1-2,14.213085285397622,14.383971200048478,14.10304022511525
4591940-1-5,12.89921982609012,12.902311603735875,12.88144225668512
4591940-1-4,12.89921982609012,12.304808668008304,12.37456983153398
4591940-1-1,14.70134208235372,14.032919584112037,14.062339194595436
4591943-1-1,14.48333993053993,14.890212021509448,14.85880212910436
4593365-1-3,13.56864023998032,13.979540763109094,13.969901971788994
4593367-1-2,13.592367006650065,13.910507958895352,13.903456532187722
4593367-1-3,13.854430685080716,13.862580872193188,13.882985472663572
4593369-1-1,12.89921982609012,13.210417287040837,13.232166626847729
4593369-1-4,12.89921982609012,12.983388265472168,12.924833507322653
4593370-1-3,14.681209538785485,14.522976322264812,14.502352428967967
4593371-1-2,10.596634733096073,12.450554596832047,12.342343396213096
4593372-1-2,13.592367006650065,13.900289406785957,13.943214776330402
4593374-1-1,12.100712129872347,13.150906819048474,13.143044676132005
4593375-1-2,15.003353980360329,14.640428271673235,14.646346824143892
4593375-1-4,13.854731271117556,14.181083892168374,14.178060331314587
4593375-1-5,14.006898701263976,14.061383684476336,14.076334229115636
4593376-1-1,13.815510557964274,13.75480514205262,13.748242645872079
4593376-1-2,13.098241456625903,12.984006464084665,13.002580007118812
4593377-1-3,12.206072645530174,11.891206942771362,11.875535144700908
4593378-1-1,13.675619557261449,13.972200095996092,13.907872368788171
4593379-1-1,14.02837021079782,14.043811484094459,14.027446326962105
4593379-1-2,13.815510557964274,13.93463605805057,13.949020966850094
4593379-1-3,13.675619557261449,13.777016617483842,13.775732229035272
4593379-1-6,13.742351520045396,13.755965075284564,13.76772636414584
4593380-1-1,12.611537753638338,13.2040012646034,13.204775318369443
4593380-1-2,12.611537753638338,13.435892857610622,13.424921137039368
4593380-1-4,13.710150042306449,13.394589774170504,13.429713001094234
4593381-1-1,15.201804919084164,15.293421575931134,15.217017151930623
4593381-1-2,14.426091014867255,14.424152905857218,14.469223452651157
4593383-1-3,14.914122846632385,14.670297087578682,14.71329700421428
4593383-1-4,12.611537753638338,12.81459522855259,12.79101427179886
4593383-1-5,14.077874822431763,14.149916346715832,14.005096033986609
4593384-1-1,13.675619557261449,14.118439218854663,14.135519442422932
4593384-1-2,13.675619557261449,13.254279004634238,13.232961374389994
4593386-1-1,13.458835614025542,14.093557335055362,14.059662101757839
4593386-1-2,13.304684934198283,12.957610731236525,12.907916365629768
4593386-1-3,14.471993754152628,13.907073000599127,13.92934278932314
4593390-1-2,13.753053069974383,13.892370973585768,13.900275491350424
4593392-1-2,15.319587954740548,15.53119817669537,15.47871130700436
4593392-1-3,15.201804919084164,15.679804195645684,15.746369645336568
4593393-1-1,14.151982794585487,13.46461047221732,13.466384868079572
4593395-1-1,15.201804919084164,15.084355408787397,15.068240013729223
4593395-1-2,14.50865773852422,14.729239307254684,14.73522454697484
4593399-1-1,13.774615058138403,14.048179116755565,14.077034086358903
4593400-1-1,13.568330428821824,13.410021127545441,13.40528813162001
4593401-1-1,12.89921982609012,12.566538461851419,12.540782657511935
4593403-1-1,13.710150042306449,13.704193797652497,13.683121513745917
4593403-1-2,13.774615058138403,13.787354595321034,13.788186936240452
4593404-1-1,13.997832114758229,15.112306508353937,15.068736766513476
4593404-1-2,13.122363377404328,13.93010786349123,13.957150226608778
4593404-1-3,14.28160718982584,14.873928372524357,14.928831884276168
4593405-1-1,13.304684934198283,12.839265726652824,12.8209997291761
4593406-1-1,14.47613454681866,14.343654535450472,14.288258648433088
4593406-1-2,13.56864023998032,14.608664114302131,14.532080845894088
4593409-1-1,12.206072645530174,11.934299021219013,12.103516863469341
4593409-1-2,12.206072645530174,12.223084332489767,12.218747210613731
4593409-1-3,13.745037663211583,13.699660933528836,13.7133788278106
4593409-1-4,11.918390573078392,12.870507221560338,13.128559165302777
4593410-1-2,13.696964606361512,13.474466447783648,13.462446266331888
4593410-1-3,13.56864023998032,13.392168780471522,13.438249485214838
4593410-1-4,10.819778284410283,11.279812166043875,11.174461386531963
4593411-1-1,13.708429674433004,14.096466845929069,14.097056752574067
4593411-1-2,14.696933719993268,14.625340427749876,14.574161561592582
4593411-1-3,13.527828485512494,13.92169218311795,13.915860029465373
4593412-1-1,14.661378825541885,14.539234746041915,14.533134466619732
4593413-1-3,14.747018222813349,14.826803823306856,14.855083106657597
4593413-1-4,14.529277005318791,14.062592893428267,14.045712248439571
4593415-1-1,13.884611506943976,13.76719928371289,13.76163509348035
4593416-1-2,14.648419680899378,14.031509944036074,14.06023852606819
4593418-1-1,13.592367006650065,12.912148775791199,12.824554240967482
4593418-1-2,13.710150042306449,13.511941373173148,13.566838984095146
4593419-1-4,14.164201413727133,14.207772403194301,14.172372176752832
4593420-1-1,14.22097566607244,14.45832011924208,14.497725535722523
4593420-1-3,13.803651516681764,14.06607903614635,14.019499585983304
4593421-1-1,13.017002861746503,13.131339448226063,13.156158732869223
4593424-1-1,13.997832114758229,14.023675882381527,14.009827050596572
4593424-1-2,14.167019883037137,13.872457291869981,13.815147414628825
4593426-1-2,13.321214236149494,13.555947990139606,13.530543492102623
4593426-1-3,14.22097566607244,14.043882211674449,14.12745803153942
4593426-1-4,13.823688031104773,13.717551746259247,13.698266423343021
4593426-1-5,13.85381191835382,13.962943905636516,13.956234902404793
4593427-1-1,13.815510557964274,13.881917968708706,13.817988375023337
4593427-1-5,12.611537753638338,13.264015060669799,13.250457729551615
4593428-1-2,14.307078512417506,14.406893217976101,14.38469995225202
4593428-1-3,14.141122336299109,14.322506671198129,14.369962801729594
4593429-1-1,13.458835614025542,13.622532971594635,13.470868226798524
4593430-1-1,13.610943392223,13.847798041347344,13.865678988501204
4593431-1-4,13.592367006650065,13.216366007772148,13.213326740342108
4593431-1-5,13.56864023998032,13.811525696441093,13.831162152163447
4593432-1-1,13.675619557261449,14.005308989100385,13.986582400365544
4593432-1-3,14.06497145006339,13.775278715426408,13.776262471692098
4593433-1-3,13.675619557261449,13.91381626370787,13.917366400165028
4593434-1-3,13.92498125275136,14.160733055723597,14.209012114558599
4593434-1-4,13.743938761227865,13.993783918872584,13.977352269902005
4593434-1-5,13.867470336451946,13.838556581191936,13.856424280329586
4593434-1-6,12.89921982609012,13.45744778615005,13.622772288263873
4593435-1-4,13.997832114758229,13.68937468001093,13.693629072898897
4593435-1-5,13.875350519073825,14.286228580697511,14.324198329360375
4593435-1-7,13.6673971483408,14.206621272864519,14.26348044590597
4593436-1-1,13.527828485512494,13.268513641692188,13.220800845031995
4593437-1-1,13.122363377404328,12.703248822516501,13.143798275511546
4593438-1-4,13.122363377404328,13.033876762638984,13.080621505116621
4593438-1-5,13.675619557261449,13.549042730612637,13.56806614020753
4593439-1-1,13.96669484238793,13.961160707999237,13.993132702165228
4593439-1-2,14.116758478047892,13.868649273515427,13.822922930557382
4593440-1-1,13.458835614025542,13.046854977242383,12.981576238552119
4593440-1-2,13.458835614025542,12.971962740367054,12.980986882310633
4593441-1-1,13.913584528614058,14.09412793775927,14.091916058964951
4593441-1-4,12.834681304952548,12.88578482446187,12.860722722066194
4593442-2-1,15.220212333327034,14.39984128614979,14.337024213895335
4593442-3-1,13.955000615556028,14.244048788175359,14.26523075174858
4593444-1-1,14.07906209811021,13.925567676925425,13.936511965258306
4593445-1-1,12.429216196844385,12.519113586356548,12.478853854227172
4593446-1-1,13.74427445803498,14.26323580589549,14.269577690703576
4593446-1-2,13.835593844401403,13.830599005734467,13.844813373564039
4593449-1-1,15.068273526459642,15.044605559592263,14.932407747755766
4593449-1-2,14.73180128983843,14.36867422251561,14.448683934939234
4593449-1-3,13.8878312195439,14.341790239265343,14.315892409471601
4593449-1-4,15.068273526459642,14.16227736776597,14.126767139826164
4593450-1-1,13.745037663211583,13.920935113249056,13.913136827856311
4593450-1-2,14.12535350427346,14.02962618667753,14.017284656659069
4593450-1-3,12.736700896592344,12.651537128100113,12.665247200002653
4593451-1-1,14.628606316589035,14.153092411532207,14.162342930958722
4593451-1-2,13.764956989911724,14.07476051488131,14.123433931147934
4593451-1-4,13.56864023998032,13.71686644737327,13.695906271260078
4593451-1-5,13.853009597580163,13.903815341961291,13.871442955834638
4593452-1-1,13.675619557261449,13.611686792148797,13.650793533646858
4593452-1-2,14.403297222866392,14.927948516369371,14.8923443212183
4593452-1-4,14.580513175624649,14.83274495106541,14.880701722665318
4593453-1-1,14.099937337695382,14.021099310244125,14.019272493375688
4593453-1-2,13.775656259137971,13.885987068739631,13.8878389668438
4593454-1-1,14.161374978190018,14.075211273032602,14.066109856417924
4593454-1-2,13.995644410978436,13.863262121884684,13.876951520397627
4593455-1-1,13.641157170819495,13.404414209596082,13.37756590251321
4593455-1-2,13.458835614025542,13.680234287887608,13.59833882977245
4593456-1-1,15.135041725196198,14.745074409320022,14.800790782984519
4593456-1-2,14.19394699368452,14.264194848057027,14.242507816356671
4593457-1-1,13.592367006650065,13.601442790917888,13.57161527742913
4593458-1-1,13.644388180600252,13.956715143272808,13.988598675516762
4593459-1-2,14.038654109278484,13.98843910907734,13.99150663002846
4593459-1-3,13.538658544802653,13.915608113976374,13.938403498041707
4593459-1-6,13.815510557964274,13.720004388681014,13.707542192113369
4593460-1-2,13.769338535344216,13.696649204212907,13.706994457859217
4593460-1-10,13.017002861746503,13.16762772469324,13.218109142590993
4593461-1-2,13.304684934198283,11.7365521955614,11.76832350492944
4593468-1-2,13.794988858447622,13.988784311990402,13.990196674451823
4593469-1-1,13.743938761227865,13.946875195132073,13.979506728930895
4593469-1-2,13.743938761227865,14.051828098763476,14.05274272040702
4593470-1-1,11.84939770159144,11.830696287899197,11.81082590006111
4593471-1-1,13.633188976170318,13.776195205911032,13.78744473344948
4593471-1-2,13.007326544042746,13.338023867351662,13.362871526318434
4593473-1-1,14.161461568021162,14.115569395872754,14.118684360433196
4593473-1-2,11.512925464970229,12.651421782242833,12.678038735763906
4593473-1-3,11.512925464970229,10.859340884469638,10.897878679859117
4593475-1-2,14.527583020281018,14.505087696569277,14.399870294021916
4593476-1-1,15.761420707019589,15.969567850595874,15.975461467510735
4593476-1-2,14.72846242201773,15.266309176503452,15.364692840555806
4593476-1-3,14.120696754205175,14.455342460588762,14.441095973637697
4593477-1-1,13.710150042306449,13.560772674488504,13.506630963633409
4593477-1-2,13.825151373100612,13.767768866719853,13.828626143770894
4593478-1-1,14.123678388295984,14.181348599146686,14.186157549346675
4593479-1-1,13.7439441321898,13.874420934514635,13.898780793336114
4593479-1-2,13.710150042306449,12.505886789388386,12.577088131493516
4593482-1-1,13.56864023998032,14.088694939890784,14.001004972119256
4593482-1-2,13.745037663211583,13.514574310082978,13.532346453337047
4593483-1-1,13.458835614025542,13.534421837121778,13.571982305786104
4593483-1-2,11.512925464970229,12.050668606248518,12.085419767901676
4593484-1-1,15.60727002719233,14.811927974983846,14.816847909770809
4593485-1-1,13.675619557261449,14.029673084639587,14.071509839990727
4593485-1-3,13.262125319779487,13.737492452707196,13.738925212027006
4593485-1-5,14.077874822431763,13.748517784461782,13.750384503208936
4593486-1-1,16.198138327862626,16.058955974231782,15.983045966647756
4593487-1-1,15.89495209964411,15.928965793575026,15.858343138471515
4593488-1-2,14.478713862151148,14.485768620991426,14.523785860416071
4593489-1-1,13.77468856344402,13.832540145064971,13.822658751859038
4593490-1-1,13.911466892601958,14.059634946922971,14.029643208893674
4593490-1-2,13.909193050167202,13.84390918832441,13.887448527595756
4593491-1-1,15.60727002719233,15.563460759496055,15.475163948652673
4593491-1-2,15.89495209964411,15.531378823648106,15.529759035016411
4593492-1-1,14.570066405837816,14.21421763001277,14.228274218298242
4593492-1-5,14.22097566607244,14.190213880844581,14.241649283025296
4593495-1-1,13.997832114758229,14.086723157030933,14.08266384238801
4593495-1-2,13.304684934198283,12.931246801773913,12.927184348532506
4593496-1-1,14.309647725864744,14.187047151622965,14.159958258270297
4593496-1-2,13.458835614025542,13.274087436565386,13.265780128508892
4593497-1-1,13.955272500339431,14.125955795601413,14.113253551301137
4593497-1-2,13.772379976226832,13.778149246629583,13.774532730284806
4593498-1-1,13.828755764155083,13.8703956249129,13.851209968581122
4593498-1-2,13.633188976170318,13.587155214969094,13.596842488632712
4593499-1-2,14.550359386036313,14.402675124336488,14.406470923821008
4593500-1-1,13.815510557964274,13.757797506680584,13.819908007044127
4593500-1-2,14.22097566607244,13.99530846249562,13.989508903376707
4593500-1-3,13.710150042306449,13.723885357239425,13.780806379660943
4593502-1-1,11.407564949312402,12.602608241863786,12.74619648544802
4593504-1-1,15.60727002719233,15.61703795241489,15.638510733261533
4593505-1-2,16.38045991542581,15.56655243288558,15.45771251731924
4593506-1-1,12.89921982609012,13.165563083432861,13.192731247447892
4593506-1-2,14.684010591037046,14.707913524205013,14.683562130560125
4593507-1-1,14.914122846632385,16.10304629258168,16.099566235984224
4593507-1-2,15.363073066680286,15.232241746476275,15.349374607256236
4593508-1-1,15.89495209964411,15.391906124193243,15.323090237709017
4593508-1-2,15.150511624696614,15.255492775750282,15.276161281947818
4593509-1-3,13.641157170819495,13.475577434373804,13.5580889219696
4593510-1-1,13.122363377404328,13.132498082832168,13.129106072189733
4593510-1-2,13.458835614025542,13.395360386800599,13.354050689985211
4593510-1-3,14.077874822431763,13.588571110524335,13.57694548427216
4593511-1-1,13.633188976170318,13.922959452303775,13.931268463753911
4593511-1-2,13.633188976170318,13.748790331725424,13.756804491461576
4593512-1-1,13.896977750577216,14.022466729655008,14.002226112392743
4593513-1-1,13.743938761227865,13.900025656098661,13.923626427395144
4593513-1-3,13.743938761227865,13.67333499577637,13.63163733624381
4593514-1-2,13.745037663211583,13.983150736258851,13.965094361247411
4593517-1-2,13.89169965771178,14.621687870765662,14.743125960786196
4593518-1-1,14.844534530046037,14.408927523465268,14.376714548717766
4593518-1-2,13.743938761227865,13.733995954231917,13.754567025481606
4593519-1-1,13.017002861746503,12.30015207118539,12.243857721709322
4593519-1-2,13.743938761227865,13.673785856792625,13.715735454838477
4593520-1-1,14.280815666428456,14.276676896000595,14.299203232980258
4593520-1-2,13.73334526064868,13.829301460801847,13.838535900862214
4593521-1-1,13.98267871304424,13.407881727061085,13.662749333593826
4593521-1-2,13.764217263576723,13.24923921888222,13.209005635300406
4593521-1-3,13.745037663211583,13.895693379632759,13.891847627974153
4593521-1-4,13.719232009442273,13.575028451366956,13.578240155898023
4593522-1-1,14.6769930885547,14.59974964720128,14.619667622789377
4593522-1-2,14.403297222866392,13.848827973663369,13.826639628752972
4593522-1-4,14.2781187834991,14.07660837682505,14.050673679669197
4593523-1-2,13.675619557261449,13.38593035972278,13.427646301047714
4593523-1-3,13.70843857858757,13.497861505081945,13.461447821461766
4593524-1-1,13.592367006650065,13.84406498761334,13.804592995852586
4593524-1-2,13.670484785914017,14.30077760755546,14.322577199518463
4593525-1-1,13.710150042306449,13.55873355445931,13.578806293875846
4593526-1-1,13.743938761227865,13.761908747943552,13.751548090762963
4593526-1-3,14.435190609063872,13.965734908091584,13.981643794845178
4593527-1-1,13.836223983592992,13.86912135255994,13.865418138348213
4593528-1-1,13.745037663211583,13.559166619210142,13.549435300685456
4593529-1-1,13.592367006650065,14.055329175555077,14.029030857512133
4593529-1-3,13.708615184458989,13.642964718766613,13.66241857498962
4593531-1-2,13.304684934198283,13.108611427016509,13.071632837365629
4593532-1-1,13.815510557964274,13.33818847709124,13.29277326087154
4593532-1-2,15.203553389618282,14.936160564049985,14.995466216263619
4593533-1-1,14.54219454035343,14.78577825582706,14.810221751429067
4593533-1-3,13.733806142293425,13.993917949737842,13.993924282478973
4593534-1-1,12.89921982609012,13.802287312559086,13.810950452894227
4593534-1-2,12.89921982609012,13.626289610646674,13.622046574873186
4593535-1-1,13.592367006650065,13.708307980224237,13.806059337082742
4593536-1-1,14.50865773852422,13.60636025925402,13.625868136920156
4593536-1-2,13.971269408277632,14.02127457533495,13.993303071546354
4593539-1-1,13.91535589293399,14.088382824255932,14.10349177940995
4593541-1-1,15.075390994228506,14.509637695554268,14.521349704460011
4593542-1-1,15.5202586502027,14.612493658072571,14.498144280898591
4593543-1-1,14.73180128983843,14.50845056627519,14.571487986298797
4593543-1-2,15.201804919084164,14.670812335996004,14.65931734237887
4593544-1-1,13.710150042306449,13.966079999865991,13.935588843766087
4593546-1-3,12.765688433465597,13.1498533909481,13.169084886533465
4593546-1-4,13.997832114758229,13.764240287058572,13.808992497608914
4593547-1-1,13.745037663211583,14.389982306667752,14.351990769104408
4593547-1-2,13.776720871905466,13.760370372294187,13.755792079919537
4593548-1-1,14.914122846632385,14.673959187561831,14.672614463003276
4593549-1-1,13.733806142293425,13.882187644591262,13.932748586008818
4593550-1-1,14.914122846632385,15.2143328071437,15.181032236256325
4593550-1-2,14.50865773852422,14.559501284999206,14.591812651857948
4593551-1-1,13.56864023998032,13.804454498201107,13.769380612070966
4593551-1-2,13.017002861746503,13.576685558726659,13.657276874221136
4593551-1-3,13.56864023998032,13.676779411501828,13.678054655823242
4593552-1-3,14.457364444136669,14.45952770525343,14.446883875413823
4593553-1-1,16.081604576948074,15.162352504890213,15.146160302355511
4593553-1-2,15.068273526459642,14.989105922707227,14.96509850653886
4593554-1-1,13.775656259137971,13.850932849420191,13.81336807653991
4593554-1-2,13.775656259137971,13.82399587559535,13.713007187280002
4593555-1-1,13.806398607447075,13.89149033783875,13.871337996995766
4593556-1-1,14.50865773852422,14.349017962002664,14.365759826759593
4593556-1-2,14.50865773852422,14.76497582133921,14.71954824829831
4593557-1-1,13.862913391187384,14.048027401831567,14.05385613940285
4593557-1-2,13.96022629695925,13.86541389486894,13.86578501023252
4593559-1-1,14.472967152135023,13.982574448942179,13.96791977257316
4593560-1-1,13.743938761227865,14.172874405985317,14.192448104968836
4593560-1-2,13.743938761227865,13.530292683413595,13.517835216649168
4593560-1-3,13.592367006650065,13.958553813226825,13.978443480235578
4593561-1-1,12.815838217151068,12.680892884048232,12.703801579751302
4593562-1-1,13.527828485512494,13.46624451283587,13.479131782617248
4593562-1-2,13.675619557261449,14.246209805875388,14.300640670893081
4593563-1-1,13.567049198665774,13.043656191330841,12.99001590075924
4593564-1-1,13.815510557964274,13.763132221696544,13.787162051202142
4593565-1-1,13.709542079756886,13.678183234931767,13.68185076235054
4593566-1-1,12.994530005894443,13.21288249506104,13.222415441064049
4593566-1-2,14.055742762960064,13.773451317644682,13.789818785894163
4593566-1-3,13.304684934198283,13.180663927799314,13.185090474228128
4593566-1-5,14.102156844174646,14.157542842685444,14.11678771286421
4593567-1-1,13.743938761227865,13.938929656813293,13.940927576899234
4593567-1-2,13.815510557964274,13.7548566724975,13.741372023676908
4593569-1-1,14.185148813918802,14.161628008890338,14.144727100848698
4593569-1-2,13.95284433734498,14.19292074125291,14.190191965477505
4593570-1-1,13.592367006650065,13.321270786059582,13.313088017038632
4593572-1-1,14.115771434497915,14.09996303471742,14.073921469144311
4593573-1-1,13.80490754415992,13.912071938521835,13.87283238024007
4593574-1-1,14.256450027456449,14.0203923440744,14.028755131801976
4593576-1-1,13.592367006650065,13.63423247309614,13.632138370035152
4593576-1-2,13.675619557261449,13.724157043511118,13.741506812745044
4593577-1-1,14.283143253767296,14.007111280197881,13.994319152163095
4593578-1-1,13.633188976170318,14.058844910080829,14.036476814788292
4593579-1-1,14.41800334744587,14.15413059204762,14.150388680572798
4593579-1-2,13.769591938835198,13.806769555010046,13.809012431916674
4593583-1-1,15.319587954740548,15.056067179065204,15.051348711781566
4593583-1-2,14.953343559785663,14.850245302639347,14.832350535371628
4593586-1-1,13.56864023998032,13.836308308183376,13.88236934764126
4593587-1-1,13.86893544140082,14.207053290964724,14.185015354999825
4593588-1-1,13.77468856344402,13.410609044951336,13.37939356050664
4593588-1-3,13.56864023998032,13.426955925584116,13.437105147122391
4593588-1-4,13.56864023998032,13.244967702974634,13.243143349122324
4593589-1-1,15.068273526459642,14.618640485904757,14.652978576288303
4593590-1-1,13.997832114758229,13.71416887331875,13.719115492652202
4593590-1-2,13.675619557261449,13.647487903144173,13.659279750073885
4593591-1-1,13.592367006650065,13.797432509072326,13.762607902151284
4593591-1-2,13.304684934198283,13.42918176566699,13.432102354186823
4593591-1-4,12.611537753638338,13.237076726458113,13.273527005620634
4593591-1-6,13.675619557261449,13.945758678411533,13.87093757767917
4593591-1-7,13.709542079756886,13.548740066657526,13.503401823221807
4593594-1-2,13.997832114758229,13.456708623572004,13.41447899941892
4593594-1-5,12.89921982609012,13.320844500978994,13.334994173757652
4593595-1-1,13.261912471041846,13.769026480878672,13.746940546980513
4593597-1-1,13.71784590857049,13.748235646990103,13.727856012456291
4593599-1-1,13.997832114758229,13.480240394653826,13.463021547142468
4593602-1-1,13.687677186454389,13.558126637487401,13.561498994990394
4596225-1-1,13.9108207377686,14.220457170898202,14.152574623827745
4596226-1-1,14.51772203339906,15.080403610806973,15.119777159732656
4596226-1-2,14.603967918328545,14.266597147468591,14.269615180536222
4597356-1-2,15.486357067179055,14.986955248010807,14.908664554936303
4597356-1-5,14.48333993053993,14.600448663288446,14.572064767442333
4597357-1-1,13.997832114758229,13.478133379801731,13.483526839591391
4597357-2-1,13.641157170819495,13.740373270969885,13.754948057742064
4597357-2-2,13.081541382884074,13.332698966415286,13.35149418598029
4597359-1-1,11.512925464970229,12.48596753793478,12.510466527033127
4597359-1-2,12.89921982609012,13.109238207224692,13.122703836129881
4597361-1-1,14.588700484659292,15.309483606448627,15.360698168673384
4597362-1-1,13.74937075545973,14.405849419716102,14.37317223436571
4597362-1-2,15.14875574193108,14.659683839653216,14.71531437900053
4599032-1-1,14.22097566607244,13.023523621834729,12.969261636331357
4599034-1-1,14.670280397741756,14.055586917755273,14.042177647169396
4599035-1-2,13.304684934198283,13.017861656392597,13.038429621609998
4599036-1-1,14.077874822431763,13.518288909200274,13.527557736690666
4599036-1-3,14.039986521223314,13.784346914311687,13.789607566942166
4599037-1-1,13.94945856691716,13.894895051203545,13.885775173815537
4599039-1-1,12.206072645530174,12.56363203585452,12.563208096923383
4599039-1-2,14.301018373745976,14.341115691861003,14.365301794013222
4599040-1-1,13.815510557964274,13.616347158182986,13.673740211038057
4599041-1-3,13.807982291543482,13.850703151348853,13.831027075372063
4599041-1-2,13.966513431500802,13.942973693217459,13.947299031466903
4599042-1-2,13.56864023998032,13.462312153388709,13.486669905166014
4599043-1-1,13.458835614025542,14.072732941439932,14.076279509016786
4599044-1-2,13.743938761227865,14.42262915403645,14.461366449886645
4599044-1-1,12.765688433465597,13.25731106637569,13.26574809143526
4599045-1-3,13.592367006650065,13.868874331871801,13.874226302396144
4599047-1-1,14.50865773852422,13.873564857591157,13.924834378925302
4599048-1-4,13.304684934198283,13.053190302343676,13.064161886399509
4599048-1-1,13.592367006650065,13.943787365368088,13.92155029045765
4599048-1-2,13.9108207377686,13.791249115610796,13.565065127411119
4599049-1-1,13.017002861746503,12.849853247905882,12.863135963779696
4599049-2-1,12.611537753638338,13.498630442930725,13.530939655425065
4599050-1-2,13.304684934198283,12.822503443023674,12.814181700823301
4599051-1-2,14.077874822431763,14.29577433065122,14.301800280571003
4599051-1-1,13.922869113709922,14.288251939173703,14.257226544881215
4599053-1-1,14.588700484659292,14.709255824249183,14.744624277321618
4599054-1-2,15.355955670339991,15.116183280959497,15.199155778773024
4599055-1-2,13.56864023998032,14.372506997887127,14.402837654114329
4599056-1-1,13.592367006650065,14.180753351293067,14.208447501966655
4599057-1-1,13.806398607447075,13.978768676873896,13.989496331638007
4599057-1-2,14.023779529186278,14.384519687400271,14.344620438945332
4599058-1-1,13.8097047367537,14.184016628881528,14.186878209951681
4599059-1-3,14.856964491615964,15.485335113902854,15.533098322408952
4599059-1-4,14.845129975145433,15.102457977652518,15.101708431364969
4599060-1-1,13.652991628466498,12.582078766082692,12.563552765575821
4599061-1-1,13.806398607447075,13.83533158123343,13.829380876284791
4599061-1-2,11.695247021764184,11.565759167030452,11.646232635489238
4599062-1-1,16.12804598181149,14.852851600684867,14.853137622132625
4599062-1-2,15.11365653230746,14.842250174750278,14.852189361426161
4599063-1-2,15.90325094378112,14.707875805578473,14.677408770051382
4599063-1-3,15.42494837039837,15.089129663634097,15.052618589397023
4599063-1-1,14.22097566607244,14.150222630045455,14.170390826853406
4599064-1-1,14.365556918922008,13.777468313140114,13.87538301568066
4599065-1-1,16.150885441523247,15.547981256923565,15.549966829841763
4599065-1-2,15.413213281633578,14.956647963900625,15.051527965382927
4599065-1-3,14.808762330974558,14.941712458666634,14.90205394723589
4599066-1-1,14.346138809026444,13.925107463608033,13.903782631543933
4599067-1-2,15.28184766521924,14.36004285849663,14.34648245461544
4599067-1-3,14.73180128983843,14.535739033532753,14.527368229354265
4599070-1-1,14.451140377917646,14.1897395277529,14.220701174155652
4599070-1-2,14.399586666704058,13.96581601844162,13.962066900017838
4599072-1-2,13.830278658270617,13.802789634048484,13.794550429191727
4599072-1-1,13.815510557964274,13.572950539524957,13.545972682816728
4599073-1-2,15.791326189798491,15.39397208345566,15.38634344501077
4599073-1-1,16.11809565095832,15.473758653331917,15.461614865265426
4599074-1-2,13.997832114758229,14.865054350494022,14.854918553020559
4599074-1-4,13.56864023998032,13.037946167037761,13.076970115052639
4599074-1-1,13.997832114758229,15.124200596868004,15.196322963023562
4599075-1-1,14.569282360340654,13.998667898329332,14.013650155705992
4599075-1-2,14.50865773852422,14.258566986830926,14.287531293092384
4599076-1-1,13.830607030627002,13.904256686631443,13.88476273105037
4599076-1-5,13.458835614025542,13.227493557577514,13.201352430691369
4599077-1-1,13.304684934198283,12.452398799601967,12.38650788185093
4599081-1-4,13.304684934198283,13.414587879115961,13.362227980653262
4599082-1-1,13.710150042306449,13.51187738880055,13.491477718437439
4599083-1-4,13.815510557964274,13.742190231678116,13.76563341257348
4599083-1-2,13.997832114758229,13.353037805007483,13.376220682248464
4599083-1-3,11.695247021764184,11.13309570148526,11.135637104741754
4599084-1-1,14.50865773852422,14.55978030913499,14.552521381369509
4599084-1-2,14.50865773852422,14.309142566875495,14.222523188590769
4599084-1-6,13.592367006650065,13.339766197942426,13.437397252953424
4599088-1-3,14.50865773852422,14.281809745105562,14.219182278931747
4599088-1-4,13.675619557261449,13.713912455030082,13.748920649089587
4599088-1-5,13.56864023998032,13.619933793625483,13.644316902725766
4599089-1-3,14.077874822431763,15.0714391581483,15.060034912826255
4599091-1-1,13.56864023998032,13.564763196604511,13.553658217244744
4599092-1-1,14.22097566607244,13.368762262381143,13.367425307312105
4599093-1-1,13.304684934198283,13.595369379944518,13.52725792454333
4599094-1-2,12.206072645530174,13.491583583006301,13.432084085886693
4599095-1-1,14.100689500197936,13.88476468076562,13.901050575286831
4599095-1-2,13.519855871853444,13.77649672742051,13.806570854199348
4599096-1-1,13.774615058138403,13.87485692509455,13.86460111827944
4599099-1-1,13.122363377404328,13.579989905785936,13.585872480020502
4599100-1-1,12.206072645530174,13.466621269227442,13.444219346232916
4599102-1-2,13.56864023998032,13.121694897726659,12.996596424240357
4599104-1-1,13.696964606361512,13.696013445382054,13.756430937109194
4599105-1-1,13.675619557261449,14.06307881706487,14.063666285010955
4599105-1-2,13.715085620057224,13.849828758831826,13.872183670658899
4599107-1-1,14.73180128983843,14.58925994581855,14.579882597746241
4599107-1-2,15.424948470398377,15.091951375262688,15.112813624728798
4599108-1-2,13.997832114758229,13.779568701462294,13.841679227658778
4599108-1-1,14.151982794585487,13.997807590155327,13.932701099170359
4599108-1-3,14.72846242201773,15.083639530122642,15.043049193307676
4599110-1-1,13.592367006650065,13.829114297064175,13.738204231944602
4599113-1-4,13.751730149386743,14.029487006134433,14.013028512223611
4599113-1-3,13.122363377404328,13.401925505958271,13.407507016337673
4599114-1-1,13.710150042306449,13.538368635040696,13.514899026695543
4599114-1-4,13.304684934198283,12.786319232313323,12.83651121846387
4599114-1-2,9.903487552536127,12.733659907997895,12.754164480837469
4599114-1-5,13.652991628466498,13.686478287175449,13.653192745872866
4599115-1-1,13.56864023998032,12.773766872434676,12.898993333341162
4599116-1-3,13.675619557261449,14.127425299134904,14.115111439562602
4599117-1-3,15.424948470398377,13.6088480053293,13.604134445794237
4599117-1-2,13.997832114758229,14.188088397811235,14.195590100282915
4599118-1-1,13.806398607447075,13.670115118625489,13.668074744711404
4599118-1-5,14.201823002504064,13.891983559189612,13.904678615670738
4599119-1-2,14.063576451576528,14.044324659430718,14.034533382803703
4599119-1-3,13.745037663211583,13.883703516063724,13.918239097873776
4599120-1-1,14.2781187834991,14.29618035969563,14.327507887855626
4599121-1-1,13.458835614025542,13.818719242784015,13.818858755281006
4599122-1-2,13.743938761227865,13.840404891397904,13.88809275545584
4599122-1-1,13.304684934198283,13.759424632407415,13.805131441733794
4599123-1-1,14.144814305106877,14.562137242177663,14.57017947251274
4599123-1-2,14.077874822431763,13.742460760682183,13.759664733774343
4599124-1-1,13.963458900142932,13.911980717008094,13.894922238163774
4599124-1-2,13.783205317712182,14.274897592655917,14.226754241668816
4599125-1-3,15.109095498122754,14.991368557723957,14.94916911499929
4599125-1-1,13.458835614025542,13.741897741727508,13.747326653709392
4599125-1-4,15.600301385848264,14.818047407157932,14.875224757586887
4599126-1-1,14.588700484659292,14.66159811428647,14.671186347955096
4599127-1-1,14.73180128983843,14.501938222480142,14.523162671474646
4599128-1-1,14.22097566607244,13.462485252340752,13.479320560370493
4599129-1-2,13.743938761227865,13.900659309208727,13.94884711711741
4599129-1-1,14.73180128983843,13.997246441811466,13.99768319543772
4599130-1-1,14.628606316589035,14.081106105124173,14.06097801940785
4599132-1-3,14.52313573717099,14.610379994081713,14.611885812471652
4599132-1-5,14.675230938350037,16.326555718667453,16.334067441079696
4599133-1-2,13.741275039215292,14.06989379551139,14.088853469750042
4599133-1-5,13.641157170819495,13.866049044660734,13.842857800368987
4599134-1-2,14.22097566607244,14.368233197179926,14.36195365094969
4599139-1-5,11.512925464970229,12.582421177901733,12.007975825997217
4599140-1-1,13.850877701801563,13.802731067931731,13.762806513784842
4599140-1-2,13.01477816672439,12.857403144172434,12.88902935093831
4599141-1-1,14.2781187834991,14.45527662183271,14.47216809652809
4599141-1-2,14.914122846632385,13.96232924469818,13.966767717260742
4599142-1-1,15.2624295409006,14.869620326951903,14.8449467334878
4599143-1-3,14.143526425786495,13.767096118636632,13.73722428355529
4599143-1-2,13.815510557964274,14.101699059445338,14.104683271682552
4599145-1-1,14.808762330974558,14.208613314179773,14.24748297237748
4599146-1-1,13.304684934198283,13.18542371183547,13.222282138962314
4599146-1-4,14.0687649921052,14.031246489137237,14.036759446703465
4599148-1-1,13.744858788945931,13.936533767220697,13.92341703794869
4599150-1-1,14.914122846632385,13.868299660302762,13.862778545837159
4599151-1-1,13.949351527664868,13.867399050374246,13.878341093289828
4599152-1-1,14.588700484659292,14.602787332997854,14.576468220205271
4599153-1-3,13.56864023998032,13.78753698995696,13.764640045738677
4599153-1-4,12.89921982609012,13.032233587863667,13.073950176970195
4599153-1-1,13.527828485512494,13.199468353534641,13.19959818527711
4599153-1-2,13.527828485512494,13.771204094589535,13.773054122864695
4599154-1-1,14.24077829336862,14.04781730600228,14.047429992659392
4599155-1-2,13.815510557964274,13.743068693559795,13.745841378967881
4599155-1-1,13.93644683913469,13.814520543355465,13.794498560347844
4599157-1-2,13.592367006650065,13.737013683162713,13.747944899482825
4599159-1-4,14.213085285397622,13.557357451997836,13.496426471285144
4599159-1-2,13.304684934198283,13.173724226723694,13.206502873755674
4599163-1-2,13.769338535344216,14.053127976044099,14.052482466105683
4599164-1-1,14.076369362872898,13.831225639554898,13.835510953802597
4599165-1-2,14.426181494075546,14.104437153311235,14.077257173197298
4599166-1-1,13.997832114758229,13.722274290334008,13.644029782337356
4599166-1-2,13.652991628466498,13.611483678242985,13.608199052414237
4599167-1-2,11.695247021764184,13.14065097628871,13.098766240334989
4599167-1-1,13.775656259137971,13.939833389827726,13.909503369644469
4599169-1-1,13.199324418540456,12.983574053842379,12.952296336318417
4599169-1-2,12.388394202324127,11.88629020364073,11.897546580336735
4599170-1-1,11.512925464970229,12.019870070956383,11.974710154148106
4599171-1-1,13.56864023998032,13.466531796127969,13.476252710002306
4599171-1-3,13.304684934198283,13.097556782652243,13.20922631777159
4599172-1-2,13.74949861854558,14.156040798337969,14.14652841696967
4599172-1-1,14.50865773852422,14.823775929658101,14.845271292776767
4599173-1-1,14.22097566607244,14.736105630008613,14.750884711566876
4599173-1-2,14.28595846350468,14.814169426893853,14.749598021818361
4599174-1-3,14.467945633799191,14.307599083174049,14.308033710162848
4599174-1-5,14.628512737292876,14.17161010449122,14.17834083355171
4599175-1-1,14.50865773852422,12.91419758164868,13.008244250451023
4599175-1-3,13.815510557964274,14.005108753171617,14.006652512852115
4599175-1-2,13.815510557964274,14.055156437364479,14.239025143815322
4599175-1-4,13.081541382884074,12.581494366908691,12.62525818566475
4599176-1-1,14.151982794585487,14.31236089439318,14.34792993533895
4599176-1-4,13.872090304408536,14.20280553377468,14.191276073669815
4599176-1-5,13.925858689760002,13.975973629347699,13.974877907581906
4599177-1-1,14.229274468887134,14.394782629796858,14.398034454692205
4599177-1-2,13.743938761227865,13.595507090524128,13.580060003894406
4599177-1-3,13.743938761227865,14.259778830399533,14.284506921911946
4599178-1-1,13.815510557964274,14.021241047553673,13.980385774874664
4599178-1-3,13.458835614025542,13.717233161175981,13.705534484509693
4599179-1-1,13.625651036969508,13.926264927148353,13.962717747237162
4599179-1-2,13.625651036969508,13.805282038616275,13.78820592627961
4599181-1-1,13.710150042306449,13.587189683410964,13.571039916679768
4599181-1-2,13.709542079756886,13.787676849719249,13.787498259423385
4599183-1-1,14.22097566607244,14.009818447071474,14.01991082294762
4599183-1-2,13.56864023998032,13.792562140095015,13.80072859096441
4599184-1-1,16.300417207752275,15.874632588918857,15.938045520910858
4599185-1-1,13.709542079756886,13.788430391090374,13.75692400877855
4599185-1-2,13.710150042306449,13.916618194672433,13.894527580670454
4599186-1-1,13.458835614025542,13.401002508190746,13.439013296530232
4599187-1-1,13.304684934198283,13.641434400436266,13.619826122534311
4599189-1-1,16.588099280204055,13.985931157104778,13.996631946899653
4599190-1-3,13.928839243271277,13.866636627262483,13.900815911854805
4599190-1-1,13.928839243271277,13.68871630754794,13.642034222492757
4599191-1-1,14.500289509862109,14.925761760980578,14.908705598058836
4599191-1-2,15.068273526459642,14.535046021398333,14.561220459516205
4599192-1-1,14.669925886120344,14.886721780787386,14.886622390422248
4599192-1-2,15.542731506054755,14.968977351319843,14.99231527293828
4599193-1-1,13.73153420698384,14.005785990782236,14.014659332819534
4599194-1-2,12.676076274775909,12.776999023380432,12.73420439788947
4599194-1-4,13.698361946018602,13.745327788991089,13.745609084256591
4599194-1-3,13.919009279057684,13.75293928068716,13.811458970407482
4599194-1-1,14.077874822431763,13.919365517510641,13.944317218552916
4599195-1-1,13.743938761227865,13.895447105619034,13.89721445179891
4599195-1-2,11.407564949312402,12.013184241234695,12.078084347752064
4599196-1-1,15.031905882288768,14.419029525486701,14.347074623459141
4599197-1-1,14.527583020281018,14.435469719071433,14.380421190130306
4599198-1-1,13.64461391261178,13.907363530784064,13.829891334716024
4599200-1-1,13.743938761227865,13.924507796312952,13.798253767441869
4599200-1-2,13.743938761227865,13.594390183018978,13.613780665417055
4599202-1-1,13.38472764187182,13.445261828871871,13.473590290341294
4599203-1-1,13.774615058138403,13.667799677874495,13.966362635151576
4599204-1-2,13.743938761227865,13.66269376755051,13.663623538784277
4599205-1-2,13.678221757974791,13.722418798813834,13.730120805133271
4599205-1-1,13.813719955792632,14.003619118983003,14.00816433107194
4599207-1-1,13.90004562141882,13.951448870333266,13.944636414685338
4599207-1-2,13.832039880407288,13.347425347505354,13.409475499038384
4599209-1-1,13.527828485512494,14.249171024476695,14.232635050562383
4599210-1-1,13.86893532290367,14.140076826556138,14.137499993256933
4599210-1-2,13.815510557964274,13.921832116021665,13.9148124822581
4599211-1-5,13.304684934198283,13.207761899904279,13.205275206489832
4599211-1-3,14.22097566607244,13.761705402625498,13.744092385602391
4599211-1-1,13.122363377404328,13.290650698179476,13.280961231392164
4599211-1-2,13.122363377404328,13.041420785338024,13.034275153497743
4599211-1-4,13.592367006650065,12.900166674648101,12.88790874189169
4599212-1-1,14.50865773852422,13.964257780503205,13.86981095446706
4599213-1-1,13.592367006650065,13.570496490310893,13.607602843709465
4599213-1-2,13.592367006650065,13.535909451145706,13.486720491455486
4599214-1-1,13.677675058805244,13.51974214588722,13.557875134483051
4599214-1-2,13.710150042306449,13.733939527296473,13.790822101313461
4599215-1-1,14.15546075731246,14.11196903869045,14.130255551459745
4599216-1-1,15.60727002719233,15.726486637875768,15.788852154462834
4599216-1-4,14.260992216309516,14.483262150119307,14.497141651390736
4599216-1-2,15.201804919084164,15.241451150931596,15.287294710510556
4599216-1-3,15.399630662414085,14.78111294570395,14.778122006219911
4599217-1-4,14.50865773852422,14.686661487387383,14.657026036306327
4599218-1-1,14.491850599021395,15.218761168275392,15.19620502265815
4599218-1-2,10.308952660644293,10.836178317160133,10.93067669287216
4599219-1-1,13.815510557964274,13.52775175406588,13.480822203122973
4599219-1-3,13.774615058138403,13.935280571327494,13.955557845966768
4599220-1-1,13.997832114758229,13.894621549225477,13.85474473553692
4599220-1-2,13.592367006650065,13.465313019542144,13.388354180613014
4599221-1-1,12.611537753638338,12.925728820494815,12.939156011547421
4599221-1-2,14.166754141231312,13.526522123312965,13.529803321335434
4599222-1-2,14.22097566607244,13.37373863405938,13.396667385195729
4599222-1-3,14.2781187834991,14.440250754717905,14.313751391396492
4599223-1-1,13.592367006650065,13.357922233631397,13.4277717422625
4599224-1-2,13.304684934198283,13.528459453865619,13.539061161205485
4599227-1-2,14.329258532500669,14.238617693856495,14.28135303447194
4599227-1-1,13.997832114758229,14.0134614909762,14.101632965213232
4599228-1-1,12.611537753638338,13.408266075983374,13.39622200746746
4599228-1-2,13.122363377404328,13.59721502111091,13.559178714145363
4599229-1-2,14.690979295318174,14.354474885791134,14.353996060102782
4599230-1-3,14.914122846632385,14.984461947330141,15.026540432644769
4599231-1-1,13.91436773518364,13.950710627527926,13.936409692419353
4599231-1-2,13.805460222110773,13.918535430617046,13.934465255009641
4599233-1-2,15.50499114730268,14.251860421770864,14.263072406099127
4599233-1-3,13.122363377404328,13.427510346175401,13.35015325915229
4599234-1-2,11.524854035835505,12.034335387272277,12.074010398607427
4599235-1-1,13.675619557261449,13.268804070845269,13.202516554203681
4599235-1-2,13.743938761227865,13.866776617551935,13.853059029094839
4599236-1-1,14.399586666704058,14.141850884342714,14.098879490291209
4599237-1-3,13.9108207377686,13.830618586311495,13.820726549725855
4599237-1-1,13.743938761227865,14.077123405983736,14.046958528462504
4599237-1-2,13.699298389412355,13.432138906222894,13.41841108655283
4599238-1-2,12.971540487669746,13.925223724854238,13.929708157231557
4599239-1-3,14.50865773852422,14.447003975919355,14.443090461100843
4599239-1-2,14.403297222866392,14.410720147137212,14.39310127063689
4599239-1-5,13.592367006650065,13.285592108152134,13.310356980905963
4599239-1-4,13.710150042306449,13.80320044775829,13.692697204689091
4599240-1-1,16.11809565095832,14.45975819759668,14.378776949102008
4599240-1-2,15.60727002719233,15.058582554640799,15.063391784317355
4599241-1-2,11.918390573078392,12.737498108796327,12.722658714406952
4599242-1-1,14.50865773852422,14.15351215057801,14.13353258407341
4599243-1-2,13.122363377404328,13.137977811338684,13.199171182857521
4599244-1-5,14.839159778218807,15.076528548360942,15.06103787680585
4599244-1-3,13.304684934198283,14.3260047040507,14.33566469492739
4599244-1-4,15.557145698420973,15.240701532778525,15.19893227744372
4599245-1-2,14.22097566607244,13.807146877681486,13.925365184688825
4599245-1-5,13.644388180600252,13.808411254666733,13.905080029833385
4599247-1-1,13.688664979675988,13.822336646510237,13.850331954617975
4599247-1-2,13.997832114758229,13.914426448128292,13.899598055954781
4599247-1-4,15.03928598958639,14.592056833502093,14.508694378838381
4599248-1-1,13.675619557261449,14.136050166084754,14.11603812140934
4599249-1-4,14.39111836068086,14.441930464079624,14.436075272268761
4599249-1-1,13.815510557964274,14.43045756367514,14.418593809092537
4599249-1-2,13.815510557964274,14.00649607718262,13.996583517646119
4599249-1-3,14.5284603658204,14.27589023249356,14.291258286085347
4599250-1-2,15.201804919084164,14.337288399219927,14.357710113395893
4599250-1-1,15.201804919084164,14.66618525381266,14.631340925331868
4599250-2-1,13.304684934198283,13.549646552401509,13.478727333395371
4599251-1-1,12.611537753638338,12.73758545149311,12.77593091005755
4599251-1-2,14.16713711772859,13.993414961597244,14.004876132936035
4599252-1-1,14.2781187834991,13.867608729004822,13.874948496377822
4599253-1-1,13.122363377404328,13.025586436599433,12.982352689518324
4599256-1-1,14.80937945532896,14.24167243545312,14.349711949443918
4599257-1-2,12.994530005894443,13.876533528943312,13.900944148015443
4599257-1-4,14.28551418721001,14.00440616767316,14.00523018172032
4599257-1-1,14.346138809026444,14.22031547675703,14.234338576598864
4599257-1-3,14.1579175596911,14.24218281097631,14.227980574064189
4599257-1-6,13.304684934198283,12.59131321586597,12.659141800496453
4599258-1-1,13.997832114758229,13.572680043486931,13.578636978441084
4599269-1-4,13.895553304099348,13.956813900660462,13.974370892876632
4599269-1-1,14.024419983061858,14.208748112139311,14.204203238948404
4599269-1-2,13.769581468888362,14.096672127905132,14.083707558704186
4602072-1-1,12.84792653170257,13.167608893485271,13.220742090337025
4602072-1-2,13.434738031958677,13.809475755977408,13.852293746072247
4602072-1-3,14.914122846632385,14.6308752973571,14.583848334855055
4604672-1-1,13.56864023998032,13.080837237307184,13.023344007646902
4607523-1-3,13.592367006650065,13.595238597307844,13.542864534020543
4607523-1-1,13.823688031104773,13.844612719426987,13.817927839696393
4607523-1-2,13.592367006650065,13.440653697284153,13.434042709975838
4607524-1-1,12.89921982609012,12.73109873491519,12.715546204436189
4607525-1-2,13.895553304099348,13.971102849188469,13.983401658255383
4607525-1-1,11.695247021764184,11.973505877515246,11.98360682310025
4607526-1-4,13.769338535344216,14.04592372069699,14.035778166208765
4607527-1-1,13.936505873166276,14.030985805106765,14.04646459929531
4607527-1-2,13.895553304099348,14.157876833644723,14.150279091767906
4607529-1-1,15.005891383428624,14.65601607651734,14.718697191365
4607530-1-2,13.876804132452556,13.87789174335275,13.877445049808037
4607531-1-1,13.527828485512494,13.657804313412194,13.6431499303989
4607532-1-2,14.758118630623336,14.117512804532353,14.13160959331597
4607537-1-2,13.122363377404328,14.06816077865713,13.99050376089946
4607538-1-1,14.167488827273594,14.148870314303531,14.14017307199448
4607539-1-6,13.592367006650065,13.42377515452771,13.438813672740878
4607539-1-2,12.89921982609012,12.928185097393753,12.952204159761559
4607539-1-3,13.652991628466498,13.563315861069858,13.580665949984887
4607539-1-7,13.997832114758229,13.574992914424103,13.57744474662207
4607540-1-1,13.017002861746503,13.882433727543367,13.92230229679281
4607542-1-3,13.675619557261449,13.755651886409069,13.774429607317755
4607542-1-6,13.067555162916376,14.029071267019832,14.03559403378447
4607542-1-1,13.458835614025542,13.650123926535795,13.662822785902051
4607545-1-1,15.89495209964411,14.639382969103742,14.611221360213184
4607546-1-5,14.0687649921052,14.274654936586979,14.24384815450073
4607546-1-3,13.775552187808952,13.949123781405108,13.967155492508297
4607546-2-1,13.794886779866038,13.993330603913245,14.043802211650162
4607546-2-2,13.304684934198283,13.225782080978705,13.20764668142488
4607547-1-1,11.156250521031495,12.031560011188223,12.041673943863985
4607547-1-2,14.174264401991998,14.551897228062268,14.555459220887062
4607548-1-1,15.201804919084164,14.512891929549218,14.533562438090172
4607548-1-3,14.077874822431763,14.328137306302711,14.190329200636702
4607549-1-1,13.304684934198283,12.89091178458856,13.11826702887876
4607549-1-2,13.304684934198283,13.596940905775671,13.564585617019814
4607549-1-3,14.301018373745976,13.897653395871204,13.892811599304009
4607549-1-6,12.206072645530174,12.634784032829673,12.707782694469651
4607549-1-5,13.675619557261449,13.614277153418662,13.639664643077612
4607549-1-4,13.122363377404328,13.402370394126821,13.405267866702143
4607550-1-2,12.611537753638338,12.86363941045961,12.866625712841836
4607550-1-1,13.458835614025542,13.58430669147069,13.536950167807401
4607550-1-4,13.675619557261449,13.504971017783458,13.501788787983246
4607551-1-2,13.997832114758229,14.130076769395881,14.121635434413838
4607551-1-1,14.17039159381162,13.960856667092154,13.980033397597435
4607552-1-1,13.458835614025542,13.507735529242792,13.521919155151476
4607553-1-1,15.272185677011011,14.653702413377882,14.716410399131087
4607554-1-1,13.304684934198283,13.47930327595935,13.477661072330369
4607555-1-1,13.67240973836206,14.091542965982605,14.092868935891488
4607556-1-2,13.592367006650065,13.528484827159016,13.56386847273926
4607559-1-1,13.696965732219487,13.689871219622253,13.677018944196213
4607560-1-1,13.592367006650065,13.44704276700754,13.388600035130734
4607563-1-1,13.592367006650065,13.89048378412237,13.937432349390827
4607563-1-2,13.748658228702734,13.927870983025345,13.94039974749906
4607564-1-1,13.217673557208654,13.051187186108523,13.087970681078291
4607564-2-1,13.815510557964274,13.856180231718547,13.824830120304755
4607564-2-2,15.28184766521924,14.655521849241834,14.63990003389774
4607565-1-2,14.28551418721001,14.339992615589352,14.311097119559172
4607565-1-1,14.52112964001954,14.774879516219789,14.761111281009484
4607566-1-3,14.448553836578409,14.134182549251156,14.223498491332148
4607566-1-2,14.246860007296462,13.81429151293754,13.800456612310315
4607566-1-4,13.86100416349777,13.936305932818316,13.939855809367712
4607567-1-1,14.22706815246254,14.187084541049245,14.131561418572755
4607567-1-2,14.914122846632385,15.03448856689718,14.981589735054357
4607568-1-2,13.775656259137971,14.179178467803556,14.240149165670575
4607569-1-1,14.020490138650812,14.490470668477814,14.526034247704676
4607570-1-1,14.22097566607244,13.817569129657786,13.858760407045533
4607571-1-2,15.687312734865866,14.407616989472608,14.389152265723096
4607571-1-1,14.88309070873136,14.509704737323126,14.593514981008827
4607573-1-1,12.89921982609012,11.870678012074775,11.888160100540963
4607574-1-2,13.592367006650065,13.312776562821691,13.316200248146764
4607574-1-1,14.2781187834991,13.467879917377386,13.401119835126577
4607575-1-1,14.519020484322652,14.010945933679192,14.025529743549706
4607577-1-1,13.743938761227865,13.154745571444568,13.25534129896504
4607578-1-1,13.458835614025542,13.447747387461877,13.467906248205503
4607578-1-2,13.458835614025542,13.813230414440547,13.834517905907163
4607579-1-4,13.962492784284144,14.07177615213483,14.098194104905467
4607580-1-1,13.815510557964274,13.924439678280603,13.978492601223806
4607580-1-2,13.815510557964274,14.024872712801464,14.028040365558478
4607581-1-1,12.611537753638338,12.905296151571797,12.917592099845203
4607581-1-3,13.503140906242788,13.971276067263483,14.003964929640418
4607581-1-2,14.131447943922051,14.300551552062878,14.170359100606758
4607584-1-2,13.458835614025542,13.145057020234841,13.168263335315077
4607585-1-1,13.458835614025542,13.518136674929217,13.502461110218418
4607586-1-1,14.151982794585487,13.509146891808154,13.47551767532194
4607586-1-2,14.062275025856556,14.027943757119635,14.015906834121251
4607587-1-1,10.596634733096073,10.916312489676812,10.995744869602357
4607588-1-1,14.588700484659292,15.02681707857109,15.032563159313595
4607588-1-3,13.774813230151969,13.832729330019589,13.837879195461229
4607588-1-6,14.588700484659292,14.284515510054371,14.275385701735697
4607588-1-4,14.071091095668471,13.972559370628298,13.974952020219009
4607589-1-1,13.675619557261449,13.785127098873053,13.766325555337382
4607590-1-1,13.815510557964274,13.917478205920087,13.958006099381063
4607590-1-3,12.89921982609012,13.267668348445312,13.233545998988436
4607591-1-1,13.745037663211583,13.936194076567263,13.929130242030373
4607591-1-2,14.108180171927094,13.770094799896574,13.776462231288628
4607592-1-1,13.710150042306449,13.459464706940846,13.4430135755758
4607592-1-6,13.592367006650065,13.400649837164702,13.415609289311552
4607592-1-2,13.675619557261449,13.743679074033276,13.703643659947522
4607592-1-5,14.22097566607244,14.071569261643306,14.00291251079769
4607592-1-4,14.143526425786495,13.710966472939168,13.719478951970787
4607592-1-7,13.304684934198283,13.612414107531409,13.649812790420325
4607592-1-3,12.429216196844385,13.54069586073209,13.59128487268433
4607596-1-3,13.592367006650065,13.856830436692073,13.819502855124608
4607596-1-5,13.592367006650065,13.949070712077194,13.93688280067949
4607596-1-2,13.815510557964274,13.949318328757716,14.09500445750327
4607599-1-1,15.997809409895844,15.643470924657853,15.719789226520657
4607600-1-1,13.652991628466498,13.423786871410314,13.434029263530816
4607601-1-2,15.319587954740548,14.59001601845256,14.521638704035782
4607601-1-1,12.206072645530174,12.063913038326104,12.063080828620693
4607603-1-2,14.477275940635382,14.76767251234768,14.75975908181328
4607603-1-1,14.077874822431763,13.88628252073013,13.886754504737093
4607604-1-1,10.819778284410283,11.625007275421732,11.660809878402683
4607604-1-5,13.920707497744296,13.912525347434611,13.928760228947697
4607604-1-3,12.611537753638338,12.991322807573075,12.984955776198738
4607604-1-2,12.206072645530174,13.24227112045265,13.227549112025669
4607606-1-2,15.355955670339991,15.498322051696668,15.639344124067572
4607606-1-1,14.50865773852422,15.10017864672428,15.021501329419559
4607607-1-2,14.50865773852422,14.435705812168548,14.45381839571733
4607608-1-5,13.56864023998032,13.285079644248558,13.397930038111452
4607608-1-3,15.727519130713365,16.24780964033968,16.103171567917904
4607609-1-1,15.64649074034561,15.715078217877304,15.685332193691362
4607610-1-1,17.216707939626428,15.701125218463243,15.745331159146069
4607611-1-1,13.710150042306449,13.478629943118086,13.504649494896698
4607614-1-2,15.150511624696614,15.230490501329296,15.269705429516327
4607615-1-1,13.997832114758229,13.750602110882873,13.73533263561515
4607615-1-5,11.918390573078392,12.589163274002159,12.539223939512226
4607615-1-8,12.611537753638338,12.888345914418878,12.95300448936793
4607615-1-9,13.592367006650065,13.25812281001018,13.258733002757138
4607616-1-2,14.26467352133816,14.142814633890326,14.186805788083241
4607619-1-2,13.56864023998032,13.502134174913854,13.528145847784378
4607619-1-6,12.206072645530174,12.417216967261966,12.460105515797915
4607619-1-1,13.56864023998032,13.55647792971559,13.55221263787278
4607620-1-2,15.359075726247667,14.92657295983707,14.960256587896502
4607620-1-3,14.588700484659292,14.880834766155084,15.052405400342666
4607622-1-3,14.577094938987951,13.999327918956531,13.968242844948005
4607623-1-4,14.0623706358958,13.981687445603695,14.196833534431349
4607623-1-3,13.122363377404328,14.549340965208838,14.61729899674657
4607624-1-1,13.872090304408536,13.994879522509178,14.009090891251141
4607625-1-1,15.140992779687409,14.373411639654881,14.396622685957624
4607626-1-1,15.83041357850654,15.277978589775561,15.293329602933433
4607627-1-1,14.914122846632385,15.181990262217665,15.137461507550693
4607628-1-2,12.388394202324127,12.643794833363241,12.626278653120785
4607628-1-1,14.51281576941977,14.672637977162118,14.808546719190206
4607629-1-2,13.745037663211583,13.957857160849711,13.93580842886229
4607630-1-1,16.11809565095832,15.25960245917572,15.293848209135609
4607633-1-1,13.337474757021274,13.39132485492325,13.382337100185268
4607633-1-3,13.743247680652605,13.81104488929701,13.75626029309727
4607636-1-1,13.740556718550303,13.727294282855803,13.756948664708153
4607637-1-1,13.9108207377686,14.0350628101219,14.03984328032212
4607639-1-1,13.675619557261449,14.56580670433708,14.597544632408153
4607642-1-1,15.068273526459642,15.455298740359352,15.397743099969553
4607643-1-1,13.815510557964274,14.0769378617478,14.058768330541865
4607644-1-1,14.602451655746847,13.944001314961655,13.99919663241658
4607644-1-2,14.37123937282669,14.164340087795514,14.128618926628208
4607646-1-1,13.864300722133706,13.897913438612717,13.926928138707584
4607646-1-5,13.641157170819495,13.431944551595032,13.437793982681292
4607647-1-1,14.811843966742734,14.906011912427097,14.912651861849337
4607648-1-2,13.912334704778331,14.283962121620423,14.29765624223339
4607650-1-1,12.611537753638338,12.485300571359433,12.475769769888068
4607651-1-1,13.592367006650065,13.664457916474575,13.647406990642082
4607652-1-1,14.508657801024215,15.334024731026961,15.292366014167891
4607653-1-1,15.967272761223736,14.872504130411063,14.8032408180378
4607654-1-4,13.592367006650065,13.405039024899683,13.481638090895007
4607654-1-1,10.596634733096073,12.710724911430432,12.729119110932512
4607654-1-3,13.527828485512494,13.463248361761535,13.465170603729149
4607655-1-1,13.458835614025542,13.312419149618462,13.275402444554224
4607656-1-1,14.162640089059476,14.637408932761007,14.686346181475983
4607656-2-2,12.611537753638338,13.150476921765346,13.196649192695656
4607656-2-1,13.304684934198283,13.034466660057326,13.01917827913532
4607657-1-1,13.652991628466498,13.690409386223239,13.678146406565288
4607659-1-2,13.710150042306449,13.34167983202619,13.384154680841618
4607659-1-1,13.304684934198283,13.177481231357708,13.17305396904938
4607660-1-1,13.710150042306449,13.590957409587048,13.641982380221727
4607661-1-1,11.512925464970229,12.560460124050257,12.5725495527021
4607662-1-3,12.994530005894443,13.09036483616413,13.296490080325817
4607662-1-1,13.592367006650065,13.970612491658455,13.977160966093262
4607663-1-1,13.710653249010049,13.903779691505381,13.887975770587296
4607665-1-1,13.90004562141882,14.047555146069364,14.045687250049566
4607666-1-2,13.633188976170318,13.494451749955205,13.49232874393631
4607666-1-1,13.592367006650065,14.005993761810108,13.984267852291078
4607667-1-1,13.815510557964274,14.013955570573863,14.005774765085485
4607668-1-3,13.824514215616208,14.21082416158818,14.243658615132327
4607670-1-1,13.774615058138403,14.26137785112757,14.265449932197484
4607671-1-1,14.50865773852422,13.411512829255864,13.439042152984449
4607671-1-2,14.648419680899378,13.110839682293838,13.063883352795903
4607672-1-1,13.844664727382124,14.324624652813112,14.30552081548586
4607672-1-2,13.633188976170318,13.810260741502592,13.811147497129632
4607672-1-5,13.764217263576723,13.669337978699446,13.671906649883672
4607672-1-4,13.633188976170318,13.960733447325056,13.976559440392114
4607672-2-1,13.710150042306449,13.771789736102274,13.772291460089344
4607672-2-2,13.702715040498036,13.877217190761213,13.89087799395375
4607673-1-2,13.76258751520538,13.964614951632432,13.939834734883547
4607673-1-1,13.713241162645325,14.001483118628853,13.986354694074008
4607674-1-1,12.0435537160324,13.215871110842224,13.203834995860307
4607675-1-1,13.696964606361512,13.61243006818033,13.628326946936907
4607676-1-1,13.592367006650065,13.757294091844729,13.735154075623637
4607677-1-1,13.527828485512494,13.750202034210599,13.679677880468082
4607678-1-1,13.802931775757417,13.893097682619763,13.875986531500967
4607679-1-1,12.742566016044742,12.856758269510703,12.741315990934858
4607680-1-2,14.82650519498632,14.565961468569466,14.544416826488153
4607681-1-2,14.127275331438415,14.05656027727673,14.054858082581871
4607681-1-1,14.54144754118592,14.293779938352916,14.298564681039556
4607682-1-1,14.233964939016449,14.111655687861454,14.081957500281412
4607682-1-2,13.834931739970427,13.855299118702154,13.878242913822948
4607683-1-2,13.122363377404328,13.100732138715907,13.094737888599234
4607683-1-1,14.822860081649669,14.25034824952106,14.270409884983541
4607684-1-1,13.997832114758229,13.791198304613214,13.870699374406348
4607685-1-2,14.525187060967234,14.060749125893873,14.012555037669111
4607685-1-1,13.9108207377686,13.971213146586097,13.939302504562193
4607685-1-3,13.675619557261449,13.869167555863932,13.882690607871766
4607685-1-4,13.815510557964274,13.656839805208785,13.656387268066082
4607686-1-2,11.918390573078392,13.413237755064443,13.45197043240377
4607687-1-1,10.126631103850338,11.706515627431708,11.784744382452972
4607688-1-1,14.53172299109691,14.691950076784659,14.732483629048874
4607689-1-1,14.237504968023648,14.31593981258489,14.261692865027541
4607690-1-1,13.997832114758229,13.904054121975133,13.900439348944786
4607690-1-2,12.611537753638338,12.608428796798888,12.640256764339618
4607690-1-5,13.826536980415222,14.084993480723135,13.97707694019962
4607692-1-1,12.89921982609012,13.518471900515458,13.512102586745176
4607693-1-1,13.816221305323518,13.602077677834608,13.61489835058112
4607693-1-3,14.387362252367105,14.104077919816218,14.179306202966428
4607696-1-2,14.074664578955858,13.829977560981487,13.813662838162026
4607696-1-1,13.864300722133706,13.838234193204576,13.786626254199888
4607696-1-4,12.429216196844385,13.323339298482265,13.291513142233747
4607698-1-2,13.743938761227865,13.57110434412105,13.569050407556595
4607698-1-1,13.743938761227865,13.66981875099653,13.653126068996336
4607699-1-2,14.851064740251044,15.04619349315754,15.116861042726372
4607699-1-3,13.675619557261449,13.248596554815453,13.224011512319322
4607700-1-1,15.648092021712584,15.76521935932383,15.838064747303246
4607701-1-4,11.982929094215963,12.658547960645269,12.658462745204256
4607701-1-3,12.676076274775909,12.95694683579945,13.018123958687962
4607701-1-2,13.815510557964274,13.437383943444576,13.383106411298423
4607702-1-3,14.00475259208556,14.10316397991368,14.096597350862085
4607702-1-2,13.853929687916336,14.225646579400024,14.226583678591174
4607702-1-1,12.89921982609012,12.991806906834778,12.950223393583277
4607704-1-2,13.675619557261449,13.859864218815616,13.826167104722026
4607705-1-1,13.710150042306449,13.98576310766919,13.947584683557363
4607705-1-2,13.644388180600252,13.629252985980388,13.645122069811592
4607707-1-1,13.74949861854558,13.586447252358246,13.556956031579446
4607708-1-1,12.948009990259552,13.253157340164297,13.211481328558042
4607708-1-2,13.91032334136024,13.904894224747746,13.852315870583878
4607709-1-1,15.026955352315015,15.049317186532724,15.027142644808315
4607709-1-2,14.485411757183108,14.70485683081638,14.735259744196137
4607710-1-3,13.675619557261449,13.7620149979357,13.750237552562172
4607710-1-2,13.675619557261449,13.918922525028131,13.917145463976881
4607710-1-1,14.403297222866392,13.735865871369217,13.724131477685427
4607711-1-1,13.743938761227865,13.96777484367825,13.942652419369018
4607712-1-1,14.188597780613822,14.199871941973022,14.19097727843314
4607713-1-1,13.774615058138403,13.895555775887177,13.907163756658932
4607715-1-1,14.0687649921052,14.18646727192068,14.241014114972911
4607715-1-2,12.206072645530174,12.963482937613874,12.895731123229048
4607717-1-1,16.11809565095832,16.09219855835826,16.073232317778483
4607717-1-2,16.11809565095832,16.34008829388387,16.2952752811751
4607718-1-1,13.592367006650065,12.951381680039619,12.896980315626811
4607719-1-1,13.639025137746575,13.47619636796479,13.531470705137
4607720-1-1,11.512925464970229,11.634680663233548,11.623430303156276
4607721-1-5,13.708429674433004,13.657685263074178,13.619146506155289
4607721-1-7,13.815510557964274,13.836604505344354,13.812333862981852
4607722-1-2,12.611537753638338,13.394930324900665,13.332910775563594
4607722-1-1,13.592367006650065,13.89489828043393,13.912392005974386
4607723-1-2,13.997832114758229,13.375927208793515,13.320880332611488
4607723-1-1,13.694607307935511,13.722772574607811,13.737344372036347
4607724-1-1,13.815510557964274,13.74479076605095,13.778325100217636
4607725-1-2,13.56864023998032,13.581748922490801,13.586159455206543
4607726-1-1,12.611537753638338,12.933597531395174,12.91805175799401
4607730-1-1,13.710150042306449,13.560672231856374,13.575879161591201
4607730-1-5,13.675619557261449,13.489640267082025,13.554141199891829
4607731-1-1,14.810304382143013,15.043768798819533,15.044342078892443
4607732-1-1,13.633188976170318,13.654040627821942,13.768583523530822
4607733-1-1,13.710150042306449,13.99478611352237,13.963697171290544
4607734-1-1,11.512925464970229,13.039318768604758,13.04311669960035
4607734-1-2,13.743938761227865,13.832241960141134,13.876900654159805
4607735-1-1,13.304684934198283,13.079999052811782,13.095671704913958
4607736-1-1,13.815510557964274,13.748460164589103,13.745657587174689
4607736-1-3,14.0687649921052,13.833791076805637,13.82481501919652
4607737-1-1,16.012735135300492,15.41550275779402,15.345843226474774
4607739-1-3,14.4582412306996,14.233539399576621,14.300045582775232
4607739-1-1,13.592367006650065,13.100303934860895,13.053881025005982
4607739-1-2,13.73153420698384,13.647411329813728,13.645877015531099
4607739-1-4,14.129921948001796,13.680522674602694,13.752635843586576
4607740-1-3,13.876804132452556,14.133869907190926,14.124095916532942
4607740-1-1,13.997832114758229,13.778598110088863,13.720763444334494
4607740-1-2,13.122363377404328,13.487580621196862,13.449021708418863
4607741-1-2,13.798703418461452,14.157639095192069,14.219014358237116
4607742-1-1,13.774615058138403,13.882218748953655,13.86502154831416
4607743-1-3,13.710150042306449,13.417258627619152,13.426265863921707
4607743-1-1,14.83760170872464,14.12499565859569,14.124022791423121
4607743-1-2,12.765688433465597,12.607352020151808,12.613890814054193
4607744-1-1,13.592367006650065,13.731450369128446,13.746417593843766
4607745-1-1,13.997832114758229,13.895011204024915,13.86528429710573
4607746-1-1,13.122363377404328,12.777680739830686,12.86020902292654
4607747-1-2,13.769338535344216,13.88569802767756,13.863180671955119
4607747-1-1,14.450675478062877,14.632696299018058,14.63341544034615
4607748-1-1,13.94496828948682,13.957476093536824,13.920785313152004
4607748-1-2,13.56864023998032,13.470289317621605,13.463376530906464
4607749-1-1,13.592367006650065,13.574564103233168,13.542697328050316
4609875-1-1,14.326062744349672,14.665467071542562,14.667380800605084
4609876-1-2,13.270783382522602,13.223233856396236,13.243892636595278
4609925-1-1,14.101850010755516,14.000286127220905,14.027627532792176
4609925-1-2,13.74414310599848,13.751378931576868,13.755689329359882
4609926-1-1,13.794749531550345,13.777751149040375,13.78028522267668
4609926-1-4,14.02580744309265,14.04574990850378,14.031150921961418
4610159-1-2,13.038981768465275,12.459396416876698,12.384654029659165
4610161-1-1,14.115383549523122,14.211304907379283,14.227531896943962
4610161-1-2,13.901401401140314,14.089788052423282,14.120060393114246
4612200-1-3,13.671447689225811,14.60388138808756,14.570144853165612
4612200-1-1,13.671447689225811,14.79779882223589,14.763242490522346
4612203-1-4,13.56864023998032,13.446174104994135,13.50048384887234
4612204-1-1,13.815510557964274,14.612632326192687,14.676583065680177
4612205-1-3,13.815510557964274,13.820523921925965,13.816583740977924
4612205-1-4,13.9108207377686,13.830320785767817,13.837595322756798
4612206-1-2,13.997832114758229,13.487913751739317,13.497520026030873
4612206-1-3,13.815510557964274,12.916435394432614,12.892056876328901
4612206-1-4,14.37066555420304,13.969795639059608,13.969879390756581
4612208-1-1,15.053884789007542,14.41312050097288,14.427699333033978
4612208-1-3,14.811843966742734,14.299821393006505,14.285164892408844
4612208-1-4,14.684360250191103,14.601810110957857,14.64009035671867
4612208-1-2,12.429216196844385,12.465098414412195,12.453187328762752
4612209-1-1,12.611537753638338,12.411011490188377,12.402440577532163
4612210-1-1,12.89921982609012,13.573363786254921,13.613855112289329
4612210-1-3,13.675619557261449,13.89391887892074,13.886242742280157
4612212-1-1,13.969089645892575,13.77522256095716,13.792380912245845
4612212-1-4,13.815510557964274,13.629024777703162,13.595477776589615
4612213-1-1,13.934773941808842,13.914676904037298,13.889261114035314
4612216-1-1,15.501909511534503,14.917809704995966,14.869390510757105
4612216-1-2,14.990569326392166,14.469533133527412,14.490394065447902
4612217-1-1,13.815510557964274,13.548791182307047,13.55898244889915
4612218-1-2,13.769338535344216,13.857828782420595,13.791815382026439
4612218-1-1,12.206072645530174,12.674993141623354,12.646774671874399
4612218-1-4,14.24077829336862,13.703180202846172,13.684741817907481
4612219-1-1,14.151982794585487,14.213553332468562,14.246308447085909
4612219-1-3,13.751730149386743,14.120857354028693,14.166519255068675
4612220-1-1,13.592367006650065,13.690383016382107,13.57424468746497
4612220-1-2,14.49658515728995,14.408269459241549,14.344298539005601
4612220-1-5,12.206072645530174,12.955244931238877,12.98821530227838
4612220-1-3,14.776519651651135,14.594615186162436,14.639491463952075
4612221-1-1,13.997832114758229,14.071723654790116,14.089101333916693
4612221-1-2,12.611537753638338,13.27887236612466,13.328176534968337
4612222-1-1,13.931702105653022,13.935620285911654,13.91928409488922
4612223-1-1,14.914122846632385,13.802292863369114,13.75247955454607
4612223-1-2,14.50865773852422,14.237189294722016,14.206515702846557
4612223-1-3,13.983845907994755,14.24953553106881,14.257600357106558
4612224-1-1,15.23861889220688,14.830963388442402,14.787253927398082
4612224-1-2,14.178214987963432,13.896088702775232,13.9088136424515
4612225-1-2,13.764217263576723,13.734161605943395,13.742290979083483
4612225-1-4,13.527828485512494,13.201853885133739,13.188141626089227
4612226-1-1,13.592367006650065,13.677640238085283,13.79284957313156
4612227-1-1,13.7658415358373,14.21577259901914,14.224898044875832
4612228-1-1,11.695247021764184,12.613883497756904,12.654189949019237
4612228-1-2,13.56864023998032,13.485003982722793,13.446419396993283
4612230-1-1,14.28551418721001,13.990064049978546,13.9681070375986
4612230-1-3,13.9108207377686,13.197296484707975,13.18906949982613
4612230-1-2,13.592367006650065,13.577174831661672,13.714114741128718
4612231-1-2,13.743938761227865,14.371140446592245,14.394040734430089
4612231-1-1,14.03062193758122,14.723186909647948,14.708305637820672
4612232-1-2,13.687677186454389,13.846113604944572,13.856959223631195
4612232-1-1,14.349003891930316,14.860550475023842,14.925833194618379
4612232-1-3,11.512925464970229,11.947965173757547,11.811793966575953
4612233-1-3,12.206072645530174,13.588676235452017,13.593527292051379
4612233-1-2,14.007406446714848,14.134025737145704,14.134555126392971
4612233-1-1,13.743938761227865,13.910721294853163,13.895911506137963
4612234-1-2,13.458835614025542,13.685771038522901,13.741103719982004
4612234-1-3,14.885951998237116,14.204594403588509,14.21875516311488
4612234-1-4,11.002099841204238,12.433576726026205,12.480030473176651
4612235-1-3,13.743938761227865,13.771483906805903,13.774144198825192
4612235-1-1,13.839877934744385,14.042723224703732,14.050505527921375
4612236-1-2,12.89921982609012,11.545020488340144,11.479314971569151
4612237-1-1,15.60727002719233,14.956462137603591,14.949685653839461
4612238-1-1,13.904629795188134,14.241039275235607,14.155603815913134
4612240-1-1,14.931744502567357,14.645989949936245,14.600920086086496
4612240-1-3,12.89921982609012,12.089438723817814,12.07140744562482
4612240-1-2,13.973833415000485,14.213484867106178,14.22374909179922
4612242-1-2,14.99416555430592,14.635658940298624,14.630400857283723
4612243-1-1,13.67240973836206,13.776303533218956,13.772007436377546
4612244-1-1,13.97101061268988,13.913319791914871,13.937556258815615
4612245-1-2,14.914122846632385,14.569533215383332,14.608167860931172
4612245-1-1,15.230554352613066,14.957594274017698,14.940450342139012
4612246-1-2,14.780591454007862,14.368375105530685,14.387432098992393
4612246-1-1,14.22097566607244,13.665181564323515,13.692326763405678
4612247-1-1,11.512925464970229,12.872229770947657,12.82740978516132
4612247-1-2,12.254862809699606,13.100317617136673,13.085842518775223
4612247-1-3,12.206072645530174,11.792403503507996,11.857619908060435
4612249-1-1,13.741275039215292,13.92627039411999,13.93894258792966
4612250-1-1,13.741275039215292,13.861404077333294,13.86782623743347
4612251-1-1,13.997832114758229,13.887907389702105,13.869944754477945
4612253-1-1,14.301018373745976,14.426193658909403,14.355924445790357
4612253-1-3,14.50865773852422,14.557380133643225,14.524318334578982
4612256-1-3,13.122363377404328,13.434265174724361,13.496317675059275
4612256-1-2,12.611537753638338,12.862886040911901,12.912293456419917
4612256-1-1,12.611537753638338,12.901440667280687,12.916009045347431
4612257-1-2,12.89921982609012,13.644332225975436,13.562019075739977
4612258-1-1,14.764591080403354,14.40232397145406,14.433177738701302
4612260-1-1,13.667590427887651,13.923685899787502,13.97739287757311
4612260-1-2,13.743938761227865,14.545677733036968,14.577050355335395
4612261-1-1,13.122363377404328,11.954548671929782,12.014478249923075
4612264-1-2,13.815510557964274,13.789467201755022,13.717421078766135
4612266-1-1,13.592367006650065,13.327148368781275,13.352247905183201
4612266-1-2,13.592367006650065,13.384486097610784,13.34556989066414
4612267-1-2,13.769338535344216,13.362090119906728,13.416569295065388
4612268-1-2,15.33611725669176,14.168992368916792,14.156881320297394
4612269-1-2,13.675619557261449,13.054324196455362,13.064625774498985
4612269-1-3,13.304684934198283,13.7186635334524,13.677573540427488
4612270-1-1,15.89495209964411,15.42127231986198,15.414415216128134
4612271-1-3,13.763888196282124,13.72132058861925,13.725233514278045
4612273-1-2,13.815510557964274,13.702885988944189,13.667180592915866
4612273-1-1,14.73180128983843,14.196663304856063,14.21404957379977
4612276-1-2,13.9368428431318,13.54214846226708,13.572724782668
4612276-1-1,13.592367006650065,13.388286771150105,13.3291135753368
4612276-1-4,14.008194901793775,13.433348161248459,13.497978179589811
4612277-1-1,14.288558065533453,14.8707119457574,14.874591561703168
4612277-1-2,15.577955610919435,14.758776259117566,14.796817361576116
4612278-1-2,12.611537753638338,12.438160892913167,12.463182977063568
4612278-1-1,13.997832114758229,13.877617757742145,13.834717276430471
4612279-1-2,13.592367006650065,13.895900866603114,13.858007638409
4612280-1-1,15.319587954740548,15.221155747862914,15.21686912437705
4612281-1-1,13.9108207377686,12.932574809944953,12.901122942738503
4612281-1-4,14.077874822431763,13.910855909886395,13.851747955990902
4612281-1-2,13.98795937256165,14.099435563816284,14.062979828725906
4612282-1-1,15.137266397946592,15.568931407736478,15.552417955964463
4612284-1-2,13.918067146289369,13.984793731087452,14.00311270954521
4612284-1-1,14.495910144601108,14.014860308356184,14.01054762105763
4612285-1-1,14.466098102366292,14.438797256800479,14.41471863965995
4612286-1-3,13.997832114758229,13.730099534677441,13.717728364618107
4612286-1-1,13.973833415000485,14.22527674255728,14.22168156017577
4612286-1-2,15.068273526459642,14.294571730701282,14.309817547195522
4612289-1-1,11.512925464970229,12.68032544460426,12.643854789070842
4612290-1-2,13.592367006650065,12.950005270340869,13.949714433958944
4612290-1-3,13.815510557964274,14.825607777150415,14.897346520338568
4612290-1-1,15.687312734865866,15.335447414801873,15.22179853767757
4612293-1-2,12.611537753638338,12.841428070026067,12.83207879609361
4612293-1-1,13.710150042306449,13.506430262452529,13.49535881379401
4612294-1-1,13.592367006650065,13.548186091064524,13.543684554818912
4612296-1-2,16.34123920227253,16.148930078071743,16.145051746796206
4612297-1-1,15.28184766521924,15.320228893227398,15.251572034033146
4612297-1-2,15.674409304055931,15.867031058429856,15.884307386311034
4612300-1-1,13.487006490992238,13.537463026529828,13.566202235167696
4612300-1-2,14.084171112974127,13.966976363599427,13.918939318090757
4612301-1-1,13.122363377404328,13.234194260519635,13.192633981378078
4612301-1-2,12.89921982609012,12.47332157797516,12.527784663870648
4612301-1-3,14.363561226977763,14.023738657687979,14.026987192759332
4612301-1-5,14.190432348521368,13.960121880006392,13.984329346536189
4612302-1-3,14.301018373745976,14.397264695786978,14.46456694285267
4612302-1-4,15.201804919084164,15.161012779090953,15.041343800977538
4612303-1-1,15.272185677011011,15.956057774576154,15.888112162670094
4612303-1-2,16.603603466740022,16.069040605208023,16.02071011648944
4612304-1-2,13.710939730420696,13.676944984269149,13.648222817414888
4612304-2-3,13.592367006650065,13.315717041421737,13.348789306240647
4612305-1-1,16.99356438831222,15.764974182737978,15.812358938413205
4612306-1-1,16.588099280204055,15.783593975507998,15.694166590451877
4612306-1-2,14.92791619616198,15.749387998636166,15.822626844372811
4612307-1-1,13.997832114758229,13.713496007633,13.703865123157092
4612308-1-1,14.023637421083391,14.80544546778888,14.78561571834193
4612308-1-2,13.997832114758229,13.812143602065442,13.77661435274134
4612309-1-1,14.419279927373005,14.039657880480911,14.050698901282855
4612309-1-2,13.973937758996914,13.857877873282511,13.863491869816322
4612310-1-1,13.706302999138188,14.3017694867819,14.322082012608167
4612310-1-2,13.73153420698384,14.193635348755056,14.196322638148121
4612311-1-1,15.5202586502027,15.458127833723374,15.535102935035937
4612313-1-1,16.198138327862626,16.140062389115652,16.09394021009114
4612315-1-1,14.143526425786495,14.226763878495301,14.199507948078123
4612316-1-1,13.991320124365224,14.08341164838836,14.082881376278584
4612318-1-2,13.304684934198283,13.497786077278285,13.514209482392374
4612318-1-1,14.151982794585487,13.775741363390097,13.787192384369286
4612320-1-1,12.429216196844385,12.16267748649624,12.119190005410207
4612321-1-4,15.201804919084164,13.993446153786554,13.99378098449427
4612321-1-3,12.206072645530174,13.721661412176926,13.72302651729493
4612322-1-1,14.04662227892766,14.13042330439437,14.096687426756551
4612322-1-2,13.806398607447075,13.604291809631482,13.597498768360222
4612323-1-1,13.122363377404328,12.820894822760287,12.805724155702201
4612323-1-3,13.592367006650065,13.186684171494434,13.242641122073474
4612323-1-2,14.077874822431763,13.669233531657554,13.668409379556927
4612324-1-2,14.312642854598264,13.899681081360379,13.917274728164115
4612325-1-1,13.90004562141882,13.775232886801176,13.762803220704434
4612326-1-1,13.815510557964274,13.774458138205217,13.750404559592743
4612327-1-2,13.304684934198283,13.17147156327488,13.190569169527242
4612329-1-2,14.053117803921223,14.104441010444132,14.118241972956268
4612330-1-1,14.914122846632385,14.424028599817877,14.490871438335516
4612331-1-2,14.233043225960769,13.910728158187654,13.865226347110525
4612333-1-1,14.22097566607244,13.822680076567428,13.855803362001868
4612335-1-1,13.980099674395625,13.992471213678051,14.039462048071144
4612335-1-4,13.818007438162862,13.642265149765974,13.648422101781827
4612335-1-2,13.650528229141244,13.535672713486175,13.54446517709277
4612335-1-3,13.718531830658463,13.715716357899984,13.741958312531876
4612336-1-1,13.369223455335854,12.859454894858839,12.914974745128884
4612337-1-2,14.0687649921052,14.153981843518235,14.19572087761409
4612337-1-3,14.10684420529408,14.347171844988308,14.355763486340042
4612337-1-1,13.56864023998032,13.459073485585222,13.494422012096102
4612338-1-1,14.091027180497154,13.956494853148603,13.961006345926691
4612338-1-2,13.799764931151138,13.831470696109271,13.834705492013462
4612339-1-2,13.38472764187182,13.2120850058725,13.207523265492965
4612339-1-6,13.122363377404328,12.566262266390401,12.639771124104223
4612339-1-1,13.304684934198283,13.47559603904609,13.440879438749985
4612340-1-2,13.872090304408536,13.811114846857699,13.799890558396827
4612340-1-1,13.98795937256165,13.873207948448828,13.839785666113842
4612341-1-1,14.143526425786495,13.882674862571013,13.919397015415562
4612342-1-2,13.997832114758229,13.418856819780144,13.35735323437363
4612342-1-3,10.819778284410283,12.665294590979514,12.667422697807668
4612344-1-1,14.730800789504846,14.56497695291832,14.594734907040692
4612345-1-3,14.914122846632385,13.65928200633549,13.699510142230503
4612345-1-2,13.815510557964274,13.984367996276253,14.025085693056418
4612346-1-1,13.742154274375746,13.997105765949378,13.917812679921905
4612346-1-2,13.997832114758229,13.693465094595357,13.67673043743522
4612347-1-2,13.592367006650065,13.732215404099652,13.680151221665225
4612347-1-3,15.319587954740548,14.806381363105498,14.797736237741569
4612348-1-1,14.020082723693047,14.386254445784564,14.384002769103194
4612348-1-3,13.608374066723934,13.899525656476763,13.869807897290888
4612348-1-2,13.833023003520571,13.81926645341401,13.79379024474628
4612349-1-2,14.274333793890102,14.13341870370979,14.14353373087567
4612350-1-1,14.989024129032304,15.522411358618207,15.552786837395857
4612350-1-2,15.538277155705378,16.50016552498334,16.522632234495877
4612351-1-1,13.93945501744868,14.092401830182043,14.081932564586232
4612352-1-2,13.828215815766509,13.995259728700185,13.998808447405576
4612352-1-1,13.80743100611233,13.87679217057002,13.854366817035404
4612354-1-1,14.991598184507614,15.222841433080259,15.238708457934115
4612354-1-2,15.016980232072092,14.618558379103693,14.570933131524317
4612356-1-1,14.808762330974558,14.753310521931706,14.790385178594128
4612358-1-1,14.914122846632385,13.70125891507769,13.772277792396094
4612359-1-2,12.206072645530174,12.475591896724449,12.461965570819677
4612361-1-1,15.159245282926236,15.918042138281013,16.05403511361851
4612362-1-2,13.815510557964274,13.735191043465795,13.738289837802936
4612363-1-1,13.884611506943976,14.011301338131476,14.055045844196261
4612364-1-1,13.743938761227865,14.094957751680369,14.078494031210514
4612364-1-2,13.743938761227865,13.992179680634704,14.000074561497549
4612366-1-3,13.751730149386743,13.470840371547483,13.419645310680371
4612366-1-4,12.468436909997664,12.275588258062495,12.18557219316563
4612366-1-2,13.219187524218386,13.472174192473956,13.528091202376642
4612367-1-1,14.50865773852422,13.72341525749332,13.811805394070817
4612368-1-1,13.803651516681764,13.89415996903904,13.902548408743593
4612373-1-1,15.399630662414085,15.183447022081678,15.226377207547753
4614163-1-1,13.821492629641822,13.811728778220504,13.850212409564223
4615333-1-3,13.815510557964274,13.641250124285309,13.676050780732142
4615334-1-1,14.954944841152638,14.748677516545225,14.683910964664804
4615334-1-2,15.19553530607057,14.99512952918743,14.96180156626002
4615335-1-3,13.592367006650065,13.891954705710297,13.830027384260129
4615339-1-1,13.815510557964274,13.866963517294092,13.853209971886503
4615339-1-2,13.592367006650065,13.302329993120614,13.300372009380535
4615340-1-3,14.914122846632385,14.529219512077228,14.495279947818938
4615341-1-1,15.068273526459642,14.833796576260875,14.842337197679875
4615341-1-2,14.339548537874265,14.475480957586264,14.463098177512448
4615342-1-1,14.603967918328545,14.277471347356391,14.265468153904784
4615343-1-1,13.865185449694453,13.858812311222207,13.845693623640669
4615343-1-2,13.743938761227865,13.889003620789873,13.871389829199455
4615344-1-1,13.806398607447075,13.629974147996213,13.642709115287865
4615344-1-4,13.743938761227865,13.819461635829665,13.862528303169439
4615344-1-5,13.652991628466498,13.741541842462153,13.717178137468125
4615345-1-1,12.611537753638338,12.713056301608166,12.683805744051844
4615348-1-2,14.22097566607244,13.853579283168955,13.80276702361376
4615349-1-1,14.702872148318958,14.207130075107832,14.228195282256683
4615349-1-2,13.633188976170318,13.994361637853478,13.9986167323163
4615349-1-3,13.592367006650065,13.877116870439567,13.884179283296497
4615351-1-1,14.115615150414612,14.214748516111992,14.298725206118718
4615352-1-1,14.50865773852422,13.695270604898232,13.631450526908269
4615353-1-1,13.997832114758229,13.698999174096468,13.711864261796773
4615353-1-2,13.743938761227865,13.81021357052288,13.796972625057501
4615353-1-3,14.880221294956703,14.42276169509188,14.327265102675726
4615354-1-1,15.23055429188432,14.418347333008418,14.484008474587062
4615354-1-2,12.89921982609012,13.209015618937233,13.152329407932232
4615355-1-1,13.973833415000485,14.163979793938884,14.169094451513173
4615356-1-2,12.89921982609012,13.195502803589852,13.220124409049454
4615357-1-1,13.592367006650065,12.918429540846583,12.956967600593604
4615357-1-3,14.261797660592691,13.89458659267819,13.90729194609227
4615359-1-1,15.2624295409006,14.646972090568202,14.631443566842222
4615362-1-1,14.301018373745976,14.094885016542886,13.98090535459335
4615362-1-4,14.50865773852422,13.207445180494545,13.065863267850268
4615364-1-1,14.22097566607244,13.63706408623742,13.608559680974858
4615364-1-2,13.122363377404328,13.084031181888665,13.01808996716228
4615366-1-1,13.997832114758229,13.757871560228137,13.72280117660055
4615366-1-2,14.825291632925769,14.417468136825859,14.465735446010253
4615368-1-1,14.78211410371202,14.194234621730443,14.218558329755622
4615368-1-3,13.743938761227865,13.567250182933762,13.557568049091815
4615369-1-3,14.298451003947669,14.498263763349351,14.558876798358552
4615370-1-1,13.592367006650065,14.06026672608041,14.093197789285808
4615372-1-2,11.918390573078392,12.332972071683121,12.366198812189129
4615372-1-3,13.95950494394373,13.718552960921091,13.74455828101766
4615372-2-1,13.845069360205818,14.240881171200067,14.212427720137741
4615372-2-2,13.96473142764972,13.98670275412036,14.031916663653597
4615373-1-1,13.122363377404328,13.42335243839552,13.439831817087613
4615374-1-1,13.815510557964274,14.107080531024348,14.103454518235386
4615376-1-1,13.815510557964274,13.28652783802022,13.274976498230759
4615377-1-1,13.764217263576723,13.765939968434187,13.872763455520793
4615378-1-1,12.89921982609012,13.54228826314714,13.529091369478273
4615378-1-2,13.56864023998032,13.626721150298565,13.615297951790154
4615379-1-1,15.497269131978,15.154647504361145,15.174239839363043
4615379-1-2,15.822045328836024,15.953446216328397,15.907945533409283
4615380-1-1,13.815510557964274,13.705312748986724,13.757116955201234
4615381-1-1,13.783205317712182,13.696294943430392,13.630689796930579
4615381-1-4,13.751730149386743,13.76075263034595,13.813190326440642
4615381-1-5,13.864300722133706,13.888706210455354,13.916944064803928
4615383-1-1,13.83367784146146,13.892362061933582,13.879354480267505
4615384-1-1,13.741454555613943,13.735829211513808,13.762329183973748
4615386-1-4,13.98795937256165,14.287314729826313,14.270953642341873
4615387-1-2,13.57088797497294,13.655859038898505,13.644743207987254
4615388-2-1,13.815510557964274,13.524703613474225,13.502613168641401
4615388-2-2,13.675619557261449,13.916844355181018,13.938035557375624
4615389-1-1,13.652991628466498,13.581629510802552,13.575563347820717
4615390-1-1,13.766971034256898,13.626484918110783,13.695805267458498
4615391-1-1,15.201804919084164,15.15709962503105,15.143282636089907
4615391-1-2,14.22097566607244,13.29184406171474,13.272124384062266
4615392-1-1,14.63382091824293,14.312301619010059,14.323570996093258
4615392-1-2,14.845129975145433,13.743995660842781,13.773313526850734
4615393-1-1,13.958166894492964,14.201364123580827,14.193971869291587
4615393-1-2,13.743938761227865,13.828332370194943,13.842626077221146
4615394-1-1,13.304684934198283,12.734452386896818,12.692902181277423
4615394-2-2,13.815510557964274,13.74807521877917,13.88146122804601
4615395-1-3,14.218669258357815,14.058092045603926,14.04296869087753
4615396-1-1,13.743938761227865,13.967590805075298,13.965283502896108
4615397-1-1,14.893059905474228,14.435382169305477,14.428643193189014
4615398-1-1,14.12535350427346,14.174316103251922,14.18790532884746
4615398-1-2,14.50865773852422,13.742148687059297,13.75631769069069
4615399-1-2,14.269765830241871,14.021290260514387,14.042275209468977
4615403-1-1,14.69375315294882,14.440708584823312,14.428600592250222
4615404-1-1,13.122363377404328,13.4665958172758,13.483740111955123
4615405-1-1,13.815510557964274,13.563799029410877,13.592442537906296
4615406-1-1,14.914122846632385,14.260901235819645,14.282169506239526
4615407-1-1,13.997832114758229,13.558492322320449,13.55406158832474
4615408-1-1,13.775680779368288,13.862769116835468,13.856071687050727
4615408-1-3,13.751988053839902,13.91221821374641,13.951169952960331
4615408-1-4,14.007406446714848,13.815398036519834,13.854026204811827
4615409-1-1,15.28184766521924,14.52516091342862,14.53237330362654
4615409-1-2,14.041431349175111,14.667497431421223,14.691585099499283
4615412-1-1,13.458835614025542,14.987614695717394,15.04840262304663
4615413-1-2,15.201804919084164,14.748104621846656,14.809687872283895
4615414-1-1,11.512925464970229,13.453005238574534,13.43123746962528
4615414-1-2,14.1579175596911,14.324820427885738,14.348547701982985
4615416-1-2,15.201804919084164,15.355422255256844,15.457703625301729
4615417-1-3,14.08136439984506,13.921443147730002,13.927951388761775
4615419-1-1,16.158917677478573,15.15868445459571,15.14951135077449
4615419-1-2,15.424948470398377,14.717069392050925,14.700754003290447
4615420-1-2,13.764518599749366,13.967098171964137,13.991165993648963
4615420-1-3,14.22097566607244,14.118105165745787,14.107753838177556
4615421-1-3,14.962913010801817,15.487257766434865,15.415094574441634
4615422-1-1,13.304684934198283,13.567878063700647,13.521396012362311
4615422-1-4,13.686540176667314,13.612167534158434,13.617341266750364
4615423-1-2,14.151982794585487,13.53319116675055,13.492286356132828
4615424-1-1,14.353879945435873,14.059322426328796,14.145074561282337
4615425-1-1,13.304684934198283,14.020358703897976,13.999504160737432
4615425-1-2,13.304684934198283,13.649664201102958,13.659124154189403
4615425-1-3,13.527828485512494,13.571327877661979,13.569183987429303
4615425-1-5,13.884725588105498,13.971680947712095,14.032320331031949
4615426-1-1,13.122363377404328,13.42818574179584,13.430011395150176
4615427-1-1,14.62675672426312,14.098099118373856,14.105743872161424
4615427-1-2,14.178910538070731,14.00283324453736,13.976882482835768
4615428-1-1,13.815510557964274,13.447121688089755,13.417018941795988
4615429-1-2,13.493926933836812,12.22955467828023,12.167976549354355
4615430-1-1,14.50865773852422,13.419267490447329,13.415468121726672
4615430-1-2,13.997832114758229,14.004197959327243,13.703446532117953
4615431-1-1,12.765688433465597,12.939342232049823,12.979150766357384
4615432-1-1,13.458835614025542,12.849744122592694,12.917048302788965
4615433-1-1,13.937728190688524,13.771317666458044,13.791720705512638
4615433-1-3,14.77102200299171,13.986810149105628,14.005391738273486
4615433-1-4,13.641157170819495,13.394730803471969,13.410716760407343
4615434-1-1,13.527828485512494,13.40973602040319,13.441771820334191
4615435-1-1,13.815510557964274,14.232832565684843,14.227156121568951
4615435-1-2,13.304684934198283,12.711666494960102,12.696434897365053
4615436-1-2,13.76408850528773,14.00519042046694,14.01218774452969
4615438-1-1,10.819778284410283,11.260353649021924,11.47579048542856
4615440-1-1,14.28551418721001,14.194395481404635,14.194029273962832
4615441-1-1,13.728811495835645,13.818533450280746,13.83099040400292
4615442-1-1,13.633188976170318,14.262074440561898,14.226604339514823
4615442-1-2,14.261797660592691,14.612119546492464,14.640293275292024
4615442-1-3,14.43653499641974,14.070621658241722,14.070024765924497
4615443-1-1,13.592367006650065,13.786938306688276,13.809336859177632
4615443-1-2,11.918390573078392,12.800336623211104,12.799225560341563
4615444-1-1,13.745574027085103,13.758265920004469,13.742348700236139
4615444-1-2,13.645602039642446,13.47912993144286,13.449638816913069
4615445-1-3,13.592367006650065,13.173068338893131,13.153170838940666
4615446-1-1,13.592367006650065,13.652083048132315,13.646061037490366
4615447-1-1,13.8878312195439,14.132316121533298,13.870568522478615
4615447-1-2,13.772081000036938,13.81317650660816,13.781709130289235
4615448-1-1,14.13411773185532,13.948124750030384,13.989797480838853
4615449-1-1,13.592367006650065,13.743559807412137,13.7411581519035
4615449-1-4,13.304684934198283,13.156796169180664,13.232136787095664
4615450-1-1,12.611537753638338,12.70684444716355,12.583835226233298
4615453-1-2,15.424948470398377,15.256942859077906,15.317115540184838
4615455-1-1,15.319587954740548,14.830656042160966,14.768426653050074
4615455-1-4,13.122363377404328,12.844833165054467,12.854335876876236
4615456-1-1,14.22097566607244,13.874648783902652,13.853235624423306
4615456-1-2,12.429216196844385,11.500027684152698,11.488796157434942
4615457-1-1,15.49571751023068,14.868366795344038,14.935210150644988
4615457-1-2,13.592367006650065,14.54393967585883,14.487301620111362
4615458-1-2,15.366612858049722,15.304821012216081,15.315686545926608
4615459-1-1,13.812048885784792,13.925121352123993,13.938548146362507
4615461-1-1,15.026955352315015,14.62337988353064,14.57087530563896
4615463-1-2,13.655341805811451,13.36802842708826,13.386816667500165
4615464-1-1,13.458835614025542,13.21441165391626,13.236187281288244
4615465-1-1,15.068273526459642,15.452340618465348,15.379109693556856
4615466-1-1,16.324432111074792,15.557601125464013,15.59744605495998
4615467-1-1,14.577094938987951,14.902622188117899,14.933384024468944
4615469-1-1,12.100712129872347,13.002055846108846,12.97613770663441
4615470-1-1,13.777216030768331,14.362622431726395,14.346142782535534
4615470-1-2,13.743937687032016,14.359063359821828,14.363213389909694
4615472-1-1,15.28184766521924,14.458688369977798,14.525339451851544
4615473-1-1,13.458835614025542,13.406199419620998,13.386143497789408
4615473-1-4,13.192904433168628,13.167541831020015,13.415253486492054
4615474-1-1,14.22097566607244,13.758898811300226,13.704063123369298
4615474-1-2,14.08426465237767,13.625621604524703,13.644406728336582
4615476-1-1,12.816743632546425,12.38253644073465,12.381871502373693
4615477-1-1,15.097832328701186,14.960717220117697,14.966048717911187
4615477-1-2,14.782494404153947,15.084580948099369,15.0727581766903
4615478-1-1,13.997832114758229,12.750435337614363,12.686711393821003
4615478-1-3,13.723782255571036,13.955573995109223,13.936361777409651
4615481-1-5,15.178621562306546,14.208507569252676,14.220961076938668
4615481-1-7,14.50865773852422,14.083443602803458,14.101966440889058
4615482-1-1,13.710150042306449,13.653273897205795,13.680641433770296
4615483-1-2,13.709542079756886,14.019353393588865,14.02422307474329
4615484-1-1,15.418259448690533,15.12124949191598,15.123528473059437
4615484-1-2,14.99416555430592,15.055417232254236,15.106683859653524
4615485-1-1,13.815510557964274,13.386562734533516,13.416544052979432
4615486-1-1,13.844259991493177,13.683163573582112,13.654777886537156
4615486-1-2,13.56864023998032,13.656283425405123,13.635077644605216
4615488-1-1,13.592367006650065,13.921310726927702,13.888478389632768
4615489-1-2,14.914122846632385,14.651236223219769,14.614298298292852
4615490-1-1,15.103515041887537,15.391301063969543,15.355256429481733
4615490-1-2,14.626440774180605,14.663073586592859,14.70353895487478
4615492-1-1,14.50865773852422,14.180415735033074,14.155954156599266
4615492-1-2,14.226515791199434,14.75389795803006,14.646119608451976
4615493-1-2,13.541073712262516,13.519600384289703,13.540266373833969
4615494-1-1,14.176009244572263,14.666668763993316,14.664417185405506
4615494-1-2,13.948729401750496,14.125437143650032,14.032491630174718
4615495-1-1,14.21532263442195,14.204000080572126,14.265077602033783
4615496-1-1,15.687312734865866,14.952852957491304,14.987815171907544
4615496-1-2,14.50865773852422,14.536025899078934,14.510700377894299
4615497-1-1,14.73180128983843,14.890536993385393,14.865046941844241
4615497-1-2,14.50865773852422,13.841431904118604,13.75997289443243
4615498-1-1,14.13750537566507,14.201509099408005,14.198947553066423
4615499-1-1,13.652991628466498,13.796797617803957,13.872401633920312
4615499-1-2,13.698976741708323,14.800823784762866,14.697380239975082
4615500-1-1,13.304684934198283,14.672294002838576,14.52985029128878
4615500-1-2,13.569610019527447,13.24915139798432,13.2869252792836
4615500-1-3,13.815510557964274,13.271653150752364,6.557913444800466
4615501-1-1,14.606691478795584,14.725225764325351,14.796570959572572
4615501-1-2,13.928134530734,14.110297510118945,14.141282952547796
4615502-1-1,13.903979205951885,14.098338167774536,14.073414358466431
4615503-1-1,14.914122846632385,13.982110774993822,14.059270377653437
4615504-1-1,13.774615058138403,13.99573759733374,13.966309632018321
4615506-1-1,14.119221694564278,14.133673218077497,14.133284083260882
4615507-1-1,14.95607835847907,14.036553485721893,14.031296456526945
4615507-1-3,13.675619557261449,13.680916603866839,13.670477315626798
4615509-1-1,14.28551418721001,14.220299984682233,14.218046372004846
4615510-1-1,15.1083180759907,15.049579269485859,15.00587101221707
4615512-1-1,13.815510557964274,13.038184990028602,13.074303608044778
4615514-1-2,13.764217263576723,13.29211045660523,13.279320687275952
4615515-1-1,13.988623175672918,14.166805542872277,14.155036478693006
4615515-1-2,13.38472764187182,13.421877696619386,13.481554873181757
4615515-1-4,13.815510557964274,13.500609613875874,13.457911772637075
4615516-1-1,13.997832114758229,13.521386469884128,13.513227338703055
4615516-1-2,13.675619557261449,13.856778781992508,13.897458355035429
4615516-1-4,13.675619557261449,13.576086884414169,13.531370763733346
4615517-1-1,14.334304351379442,14.137517343183465,14.156506754669193
4615518-1-1,13.710150042306449,14.033057748266996,14.028149371774383
4615519-1-1,13.710150042306449,13.680893717185612,13.66694473030523
4615520-1-1,12.206072645530174,12.471805089609743,12.54089873439242
4615520-1-2,13.592367006650065,13.715446434978489,13.728844084389381
4615521-1-1,13.788066837983417,13.884799264968025,13.903476507285738
4615522-1-1,13.484224848030362,13.52338169771405,13.574783643756572
4615523-1-1,14.074055518937962,14.036057265599128,14.029475214178357
4615524-1-1,14.753040825463664,14.723355707478694,14.757899483422847
4615524-1-2,14.210393875890787,14.760806419997717,14.743004092558062
4615526-1-1,13.592367006650065,13.881966922279046,13.839692251610304
4615526-1-2,13.304684934198283,13.157137337005757,13.109843403971514
4615527-1-1,13.122363377404328,13.146986210637975,13.125505658341993
4615528-1-1,13.742351520045396,14.205480763305054,14.199399166329663
4615529-1-1,14.084720090036958,14.078494609446546,14.067366586185507
4615529-1-2,13.874655850818868,13.717768284460444,13.7065493233786
4615530-1-1,13.081541382884074,12.66623396386572,12.690470252188264
4615531-1-2,13.458835614025542,13.447410298926762,13.370485892904716
4615532-1-1,13.90004562141882,13.87689371948224,13.863628019913813
4615533-1-1,13.930326195245753,14.0854493263166,14.113762268687442
4615533-1-2,13.997571559983449,13.713732241306852,13.65101500761958
4615533-1-3,13.97240970728651,14.053333047774508,14.081730556845145
4615534-1-1,13.458835614025542,13.021582031947926,13.05178750637422
4615536-1-2,13.458835614025542,13.221837413060568,13.233778386886883
4615537-1-1,14.0687649921052,14.24272059838494,14.243793879153344
4615538-1-1,14.50865773852422,14.287162027668039,14.27938306928821
4615539-1-1,15.201804919084164,14.633908894229746,14.670846132506146
4615540-1-1,14.603967918328545,15.053962634421689,15.091263529812236
4615540-1-2,15.031905882288768,15.586005056557875,15.517975181781358
4618385-1-1,13.592367006650065,13.28387520130405,13.270925089648301
4618386-1-3,13.592367006650065,13.500627903321506,13.493676202447991
4618387-1-1,12.994530005894443,12.785575101869483,12.801365191885292
4618388-1-2,13.74414310599848,14.208852783768066,14.253805082484712
4619312-1-1,14.690979295318174,13.861422772969561,13.8329336103446
4619312-1-4,14.78692062060525,14.497104131324962,14.428314575723736
4619312-1-3,15.590462908875947,14.34913278236676,14.278582534569754
4619313-1-4,13.95950494394373,13.81103563448548,13.822612224339204
4619313-1-2,13.458835614025542,13.434636542085917,13.41473724835408
4619313-1-3,13.743938761227865,14.038697453501918,14.06586247045697
4619313-1-5,13.815510557964274,14.287206633476956,14.317673901244147
4619314-1-1,13.815510557964274,14.148564123209503,14.19992437655498
4619314-1-2,14.297813242797028,14.57340192561996,14.58549125064673
4619315-1-1,13.990760817798476,14.288267353145477,14.25478432650812
4619316-1-1,11.289781913656018,12.793980602044579,12.900755822910153
4619316-1-2,14.0687649921052,14.338420202796767,14.279502406326117
4619317-1-1,13.9361437502848,13.622025218674517,13.708833774718308
4619318-1-2,14.22097566607244,14.392124437004238,14.428264628743039
4619320-1-1,14.503477657541143,14.701073248392316,14.688380896405583
4620775-1-3,15.028443078884674,14.56645321563168,14.572894737235993
4620775-1-5,15.189226136877304,14.164741262656982,14.19068135838373
4620776-1-2,15.428508824808,14.848426814277943,14.767797696030236
4620776-1-1,12.206072645530174,13.552894959141302,13.543636768727488
4620778-1-1,13.770439379162992,13.803604844392407,13.805154796870228
4620778-1-2,11.512925464970229,12.921058292852612,12.871617082584791
4620778-1-3,13.743938761227865,13.910450464399315,13.89254586189875
4620779-1-1,13.796255806806547,14.381338992763876,14.345383676201612
4620780-1-1,13.94496828948682,13.916149039069829,13.93381981692127
4620781-1-1,13.38472764187182,13.46850527077103,13.456882927551979
4620782-1-1,14.238517160501994,13.823295303326397,13.8124875050856
4620783-1-1,11.918390573078392,13.225699047421221,13.120726381508268
4620783-1-4,13.592367006650065,13.683049476281736,13.711165437588924
4620783-1-2,14.978661367769956,14.290104899707961,14.309625164480025
4620784-1-1,14.688197617537355,14.296263318509455,14.302310544909533
4620785-1-2,13.908502598413095,13.757882028746048,13.756877531622711
4620786-1-2,14.355894959699963,14.721878479965419,14.709299550521349
4620787-1-1,13.9108207377686,13.65154561125349,13.67928823880583
4620788-1-3,13.592367006650065,13.701004799435145,13.728393996413079
4620788-1-4,13.743938761227865,14.055434005984067,14.034065590970853
4620788-1-7,14.131447943922051,13.930503517141481,13.891270137849967
4620789-1-2,13.815110477942934,13.809531446808624,13.824592470320242
4620789-1-3,13.815510557964274,13.6160182214974,13.61287093653431
4620789-1-5,13.592367006650065,13.551865715632761,13.578755745572142
4620790-1-1,14.648419680899378,14.830513140985117,14.846972016041816
4620791-1-1,13.743938761227865,13.944656113245165,13.925228715796564
4620791-1-2,12.611537753638338,13.477435183502696,13.453372306997757
4620792-1-1,13.592367006650065,13.67522375518886,13.634609579766444
4620792-1-3,13.815510557964274,13.879675981346784,13.963435826404101
4620792-1-4,13.592367006650065,13.063958935718178,13.058657375687245
4620792-2-1,13.997832114758229,13.80956458385439,13.790205861720002
4620793-1-1,14.914122846632385,14.25731999335946,14.34896437276667
4620793-1-3,13.089070584363022,13.110558796371143,13.117727406036476
4620793-1-4,13.882657860769903,13.612455975415722,13.602282262235821
4620793-1-5,12.206072645530174,13.114244718457556,13.132429657648009
4620794-1-1,14.055742762960064,13.909679758495752,13.8982647858345
4620794-1-2,13.743938761227865,14.029285764712748,14.037404831367963
4620794-1-3,14.14052047750702,14.14648075094525,14.151445731145492
4620795-1-1,14.648419680899378,14.080752855151115,14.118194608510997
4620795-1-2,13.633188976170318,13.395353756153341,13.354596407161148
4620796-1-2,13.675619557261449,13.761055154536002,13.752932017370867
4620797-1-1,13.592367006650065,13.857372259989779,13.903333017802028
4620798-1-1,14.166167429577444,14.337983457885878,14.340820529892298
4620798-1-2,14.343389960873363,14.429562793780974,14.438797322609243
4620798-1-5,13.710150042306449,13.505688995322213,13.488892839655977
4620799-1-3,13.689087555053224,13.739735556898161,13.807410755508995
4620800-1-1,14.50865773852422,13.872095817288553,13.892039441155358
4620800-1-2,11.982929094215963,12.065442896562978,11.98634083868863
4620801-1-1,13.122363377404328,13.81817102255631,13.830561134332472
4620801-1-2,13.38472764187182,13.417261197980965,13.478800073927708
4620802-1-1,12.89921982609012,13.374646644791254,13.347283286376204
4620802-1-2,12.89921982609012,13.496906301322477,13.484099767036454
4620804-1-1,14.50865773852422,13.710675954413958,13.716914416439227
4620804-1-2,13.777735414471527,13.505213523496133,13.506381311864699
4620805-1-1,13.709542079756886,13.856946820883007,13.86510882710719
4620806-1-1,13.56864023998032,13.485930685799968,13.48880013415573
4620806-1-3,13.592367006650065,13.48700899123126,13.52207691052228
4620807-1-1,13.710150042306449,13.328525353870072,13.333466019124693
4620807-1-2,12.89921982609012,12.701345710769328,12.692198585225919
4620807-1-3,13.676248490630767,13.657982231530791,13.678483181464866
4620808-1-1,14.172166564223687,14.119828833369647,14.135104036094987
4620808-1-2,13.876490528401614,13.916335501620246,13.931588230063626
4620809-1-1,14.04916744992872,14.476588909219203,14.521000201168652
4620809-1-2,13.774615058138403,14.068294331727548,14.077742533941596
4620810-1-1,12.388394202324127,13.310159611904961,13.324043547752497
4620811-1-1,13.304684934198283,13.484793693292875,13.589498464483684
4620812-1-1,13.592367006650065,13.639296304346306,13.60063309456092
4620812-1-2,11.918390573078392,13.16876248326382,13.145779135337449
4620813-1-1,14.914122846632385,13.721782686650874,13.747771132953932
4620813-1-2,12.765688433465597,13.863820942442953,13.832296032303551
4620813-1-3,13.304684934198283,14.044777782921589,14.030345546679198
4620814-1-1,12.962194625251508,13.240484701807425,13.250144483524881
4620815-1-1,13.817508560626948,14.510898401902912,14.536176237663488
4620816-1-1,14.426181494075546,14.35696840043733,14.381484322341972
4620817-1-1,15.464169183551656,15.43188252572711,15.490147356937289
4620818-1-1,13.88962437831518,13.778374011602398,13.790258947709155
4620819-1-3,14.498186417604291,14.306467234242868,14.304144079701883
4620820-1-1,14.513811124491262,14.237965551873096,14.216802720482665
4620820-1-2,13.743938761227865,13.734488237519225,13.707526459672753
4620821-1-3,14.99416555430592,15.066769855192195,15.096450821402073
4620822-1-2,13.74414310599848,13.241359635615689,13.190776537875873
4620824-1-1,14.58484695410184,14.806310246235745,14.808940487497601
4620824-1-3,14.137594057133388,13.93013709356119,13.96452553760339
4620826-1-1,12.206072645530174,12.236669128211545,12.301377437672361
4620826-1-3,13.743938761227865,14.100052178017743,14.032349377317953
4620827-1-1,14.103725769522145,14.619868575575836,14.632932491235252
4620827-1-2,14.346138809026444,14.915458500169859,15.046045193691574
4620828-1-1,14.529277005318791,14.893226857700864,14.927958157623303
4620828-1-3,14.261797660592691,14.350133286624564,14.351992488669277
4620829-1-2,13.592367006650065,13.378104129039508,13.369365652582072
4620830-1-2,15.25652981877341,13.881927387659637,13.875760443932883
4620830-1-3,14.46174084057053,14.125563226477732,14.010194007977853
4620831-1-2,13.76496540470198,14.032547833439596,14.004138482071934
4620831-1-3,14.28595846350468,13.885281751374714,13.89125358411257
4620832-1-3,13.895553304099348,13.918756806633972,13.935049804760524
4620833-1-1,13.997832114758229,13.15693083445924,13.237970859163148
4620833-1-2,13.710150042306449,13.323679401396117,13.334976206147916
4620833-1-3,13.592367006650065,13.361480100551793,13.33888134726658
4620835-1-2,13.122363377404328,13.16230379115671,13.140863215310048
4620836-1-1,15.064456751833514,14.311324087861095,14.307687356247822
4620836-1-3,14.603967918328545,13.934604216911932,14.005366239941349
4620838-1-1,14.0416185110945,13.939600674393766,13.888306303578476
4620839-1-2,13.997832114758229,13.7206495247056,13.717383224634732
4620839-1-3,13.9108207377686,13.544785165608983,13.57084046186725
4620841-1-1,12.542544882151386,12.692648294996172,12.656622340089315
4620841-1-2,13.997832114758229,13.679249803674177,13.67857977546201
4620842-1-1,14.613843201361195,14.809400969663859,14.71299021480735
4620842-1-2,13.72078186531352,14.048932787805176,14.069913125117635
4620842-1-4,12.948009990259552,12.821683143452729,12.75323155347771
4620842-1-5,13.675619557261449,13.800216706559773,13.82331546567674
4620843-1-2,12.765688433465597,12.903554851510453,12.90058643338346
4620843-1-3,12.765688433465597,12.814357545644606,12.772082831437748
4620844-1-1,14.301018373745976,14.381277652253022,14.302322812502583
4620844-1-2,13.997832114758229,13.292076441758946,13.2516502337656
4620844-1-3,13.880049157226845,13.861197240345252,13.857707865562348
4620845-1-1,13.743938761227865,13.87115350538499,13.865465820479692
4620845-1-3,13.769338535344216,13.585280531265372,13.565660921051068
4620845-1-4,13.997832114758229,13.649185080075936,13.722149089380752
4620846-1-1,12.611537753638338,13.076953798196621,12.999438953271275
4620846-2-1,13.217673557208654,13.621969572902175,13.639468891194285
4620847-1-1,14.266586177324491,13.682999533222754,13.648796858988831
4620847-1-2,10.819778284410283,11.000676456930233,11.04561862347123
4620848-1-1,13.995644410978436,14.096233612974114,14.080999240730177
4620848-1-2,14.14052047750702,14.299340005467421,14.262007599171953
4620849-1-1,13.84534729487937,14.142330511820255,14.136016370676552
4620849-1-2,12.206072645530174,12.891537927199856,12.813946090139344
4620852-1-1,14.73180128983843,13.747579365493896,13.665843081574987
4620853-1-2,13.85043775223872,13.999516633855906,13.9997136646584
4620854-1-1,13.821492629641822,14.084703870994236,14.082796573053702
4620854-1-2,13.688812904918317,13.799386164122453,13.801297999210622
4620855-1-1,14.156646456361036,14.305891575809897,14.270436638968144
4620855-1-2,13.823809340117812,14.145459892864295,14.155874620083432
4620855-1-3,13.675619557261449,13.656003574347514,13.663614403949168
4620857-1-1,14.260730451327412,14.075616039178675,14.096935797892508
4620857-1-2,12.206072645530174,12.977594788271206,13.020418084247252
4620859-1-1,13.774615058138403,13.877572490580391,13.905401938742504
4620860-1-1,11.002099841204238,12.603502942839734,12.573543537202896
4620860-1-2,13.998606294170663,13.682186567219382,13.673543272611997
4620861-1-1,14.799459938312244,14.37581952892851,14.374160177769078
4620861-1-2,12.611537753638338,12.78030404235201,12.761781717456367
4620862-1-1,14.151982794585487,14.03972648053747,14.039791643409151
4620862-1-2,12.89921982609012,13.149639965671064,13.07844644487838
4620862-1-3,13.675619557261449,13.839896903873797,13.80804515399691
4620863-1-1,13.652991628466498,13.828937094829797,13.81222640105112
4620863-1-2,13.806398607447075,13.93183651976657,13.924611402058668
4620864-1-1,12.429216196844385,12.926184875447925,12.929395529934087
4620864-1-2,12.429216196844385,12.70934747458573,12.705841212515422
4620865-1-1,13.592367006650065,13.300532240073679,13.235543926426239
4620865-1-2,13.815510557964274,13.82346666658102,13.830558705776365
4620866-1-2,13.592367006650065,13.794861035564498,13.810511924138318
4620866-1-4,14.06497145006339,13.763731119531359,13.788700081449674
4620867-1-1,13.833206064879953,14.137151432095301,14.123422880372834
4620867-1-5,13.675619557261449,13.910597182910246,13.863262196404557
4620868-1-1,13.86400293970568,14.099518446768474,14.096097427342961
4620869-1-2,14.613713120133388,13.951986901000993,13.97819393421535
4620870-1-1,13.806406680643216,14.191954534251662,14.16591808159135
4620872-1-1,11.512925464970229,12.597974581752368,12.606674678184504
4620873-1-1,12.611537753638338,12.200114904204725,12.201685692208118
4620874-1-1,13.415032991367148,13.44633353941002,13.436792856785845
4620874-1-3,11.512925464970229,13.588840988250604,13.591923892198094
4620874-1-4,13.458835614025542,13.42777746213069,13.408597614161073
4620874-1-5,13.710150042306449,13.419380652740251,13.440667208321882
4620875-1-2,13.710150042306449,13.603531343664152,13.613164117605704
4620876-1-1,13.806398607447075,13.898662441604108,13.909045516863701
4620878-1-4,13.592367006650065,13.056140539560094,13.083464958313467
4620879-1-1,13.592367006650065,13.09915479464836,13.137007911679927
4620879-1-2,13.815510557964274,12.949539873293853,12.927869584300064
4620880-1-3,12.542544882151386,13.256813827996016,13.284178366049836
4620880-1-4,13.609398641427406,13.81480955453085,13.791654286520398
4620880-1-5,14.143526425786495,14.106340871006912,14.1419077395499
4620881-1-2,13.122363377404328,12.441127695172382,12.410961680344135
4620881-1-4,13.710150042306449,12.879338862303367,12.871715035368585
4620884-1-1,15.60727002719233,14.86327318350878,14.870881083204328
4620887-1-1,13.997832114758229,13.527065359499273,13.54882556320776
4620887-1-3,13.7596923045316,14.298336621231476,14.268305285219219
4620888-1-1,12.206072645530174,13.075551352338286,13.078891882395332
4620890-1-1,10.691944912900398,11.694832929050166,11.746551689791456
4620891-1-1,16.454567887579532,15.311413105025288,15.329904815689352
4620892-1-1,14.008057469670002,14.243846316294231,14.272215028089347
4620894-1-1,13.675620707409212,13.850655257856657,13.872994074747066
4620894-1-2,13.675619557261449,13.66482339836294,13.621053564146733
4620896-1-1,15.612119416540564,15.04484113695772,15.04618690149611
4620898-1-3,10.596634733096073,11.905425824097499,11.833990432749246
4620900-1-2,13.737549016494562,13.99827462403916,13.967224975069577
4620901-1-1,13.997832114758229,13.574733398163087,13.56526994629325
4620901-1-2,12.793859310432293,12.881573275070622,12.86395161941833
4620902-1-1,16.34454038736013,15.540201397371845,15.467183544759884
4620903-1-1,14.914122846632385,15.339121439793457,15.25703232048375
4620903-1-2,15.103364846270912,14.910990214625206,14.9488664552875
4620904-1-1,15.687312734865866,15.391891040616786,15.379322162213802
4620905-1-1,13.592367006650065,13.779598537689784,13.779181998585354
4620908-1-1,15.648092021712584,15.184355466048311,15.19311593073599
4620909-1-1,13.304684934198283,13.158561417334134,13.095221014546846
4620909-1-2,12.89921982609012,12.52988006980172,12.489856170315038
4620910-1-1,15.232172496120931,14.424643627978213,14.41035489537953
4620911-1-1,13.997832114758229,13.522754730671666,13.51400990637542
4620912-1-2,13.696964606361512,13.843006981608113,13.855917389438487
4620912-1-3,13.444446876573442,13.818169166732252,13.812093135379856
4620913-1-3,14.22097566607244,14.046043781928226,14.04110234930414
4620913-2-3,14.329258532500669,14.134209180836779,14.087361054201374
4620913-2-5,13.9108207377686,14.195279055668689,14.1964423391129
4620914-1-1,11.512925464970229,12.260600501581411,12.156788941359132
4620914-1-2,10.819778284410283,12.082983199259546,12.097075657596719
4620915-1-1,13.592367006650065,13.728133908968955,13.723834129592083
4620916-1-1,13.567049198665774,13.479773677755782,13.48530489165256
4620917-1-1,13.743938761227865,13.926886712886063,13.955008254926009
4620917-1-2,13.743938761227865,13.873632769394575,13.879258677366105
4620917-1-3,13.675619557261449,13.757720437977,13.772698661541014
4620918-1-2,13.675619557261449,13.741976653805413,13.746773751331377
4620919-1-1,13.122363377404328,12.823506607816082,12.811018348933496
4620921-1-1,13.592367006650065,13.722048516098656,13.716128026604995
4620922-1-1,13.99911826647707,14.129100997541569,14.130743152652116
4620923-1-1,14.20634313078812,13.948713886466093,13.954320956934795
4620924-1-1,13.56864023998032,13.959870221036077,13.959322721443671
4620925-1-1,13.845069360205818,13.506240470469965,13.515601812561282
4620926-1-1,14.22097566607244,13.61385774357754,13.574626235728859
4620926-1-2,13.122363377404328,13.15556957222885,13.131472558837665
4620926-1-6,13.304684934198283,13.00064318305674,13.054136642785213
4620927-1-1,14.22097566607244,14.143529492572965,14.198013830315094
4620927-1-2,13.081541382884074,13.290690430005473,13.313091763561443
4620928-1-1,13.652991628466498,14.00406093340707,14.018819464795325
4620929-1-1,12.206072645530174,13.876349357629294,13.852974475206532
4620930-1-1,14.914122846632385,14.132870876582675,13.991944971186353
4620933-1-1,14.925172737764022,14.841105978780087,14.85020050677113
4620933-1-2,14.925172737764022,14.73326033276102,14.798320148477838
4620934-1-1,12.206072645530174,13.506857941719215,13.4589786728142
4620936-1-1,13.815510557964274,14.087599183547075,14.085334830766046
4620936-1-2,14.99416555430592,15.116799013174681,14.986826664858519
4620936-1-4,13.122363377404328,12.997145222114366,13.069039399498335
4620937-1-1,13.304684934198283,13.177199642761977,13.20833850877877
4620938-1-1,13.776200960860931,13.690361023328862,13.706968001137396
4620939-1-1,13.76070234347632,14.216187002786985,14.179070355378867
4620941-1-1,14.077874822431763,13.859610690637773,13.874244201916316
4620942-1-1,13.880049040039344,14.34295163928721,14.345785502764908
4620942-1-2,13.846501768285377,13.93320327057771,13.942683739863156
4620943-1-1,13.774615058138403,14.27682328675797,14.28994174691069
4620943-1-2,13.743938761227865,14.00127253258824,13.997576254753685
4620944-1-1,14.023779529186278,14.006170524921481,14.000663477296227
4620945-1-1,14.370219110806868,13.965066819847134,13.960307518047989
4620946-1-3,13.675619557261449,13.780173179823588,13.793495387549918
4620947-1-1,11.982929094215963,12.993247919326494,12.928231233099579
4620947-1-2,13.815510557964274,13.756395594137096,13.758224171157115
4620947-2-1,14.457364444136669,14.652544648874455,14.68849228883853
4620947-2-2,14.012893947059728,14.09095290873703,14.093988774151853
4620948-1-1,14.50865773852422,14.826151592895348,14.766911773751135
4620949-1-1,15.201804919084164,14.953776510169128,14.985698623523433
4620952-1-2,12.971540487669746,12.676406570245458,12.743791022056094
4620954-1-1,13.815510557964274,13.5477613448762,13.56216177037678
4623776-1-1,13.853009597580163,13.850240800653406,13.851724715747373
4625438-1-2,15.256372054850049,14.774184159777299,14.751638603848743
4625438-1-3,14.941521793793472,14.734549995216817,14.773321246527729
4625439-1-1,13.122363377404328,14.168011959417253,14.177854608565964
4627304-1-1,15.50499114730268,15.915886121303709,15.907279056975671
4627306-1-1,15.957926898805498,15.701067384269171,15.679596315222746
4627307-1-1,16.213405830762646,16.451549952840804,16.403784524862356
4627307-1-2,16.687190145112435,15.711423594934843,15.73487499347595
4627307-1-4,13.770766298074816,14.048978432902182,13.950323667747814
4627308-1-1,11.589886506106357,12.431053590098792,12.425607491478964
4627309-1-1,14.13750537566507,14.111088613907533,14.078643840265785
4627310-1-2,15.204301799282751,15.081001930724227,15.122008733727402
4627310-1-4,13.997832114758229,14.112283958612903,14.129901508580957
4627311-1-1,14.588700484659292,15.068605429055882,15.040164959416362
4627311-1-3,13.5233741630649,13.317938650133806,13.355201666050338
4627312-1-1,15.37977671687807,15.062715643937649,15.065976692202154
4627313-1-1,13.815510557964274,13.742515871684004,13.748818553882261
4627314-1-1,14.50865773852422,14.153451788741204,14.051168147227479
4627314-1-2,13.122363377404328,12.776241106093194,12.996676834405104
4627314-1-3,14.73180128983843,14.449583640344683,14.415979752924644
4627314-1-4,14.845129975145433,15.039389964735175,15.068608502895048
4627315-1-3,15.74370819106097,14.480463893340396,14.50369992553335
4627315-1-4,13.815510557964274,13.354387638534952,13.240293404236251
4627316-1-2,15.319587954740548,14.78886105061738,14.79376598323285
4627317-1-2,13.304684934198283,13.204727556101798,13.251422201046266
4627317-1-3,13.776720871905466,14.131154421768908,14.09545709541062
4627317-1-4,13.304684934198283,13.417794528846764,13.377765730252545
4627320-1-1,13.764217263576723,13.620889352556496,13.645336346915686
4627320-1-2,11.407564949312402,13.175780366939227,13.210530034488716
4627321-1-1,13.815510557964274,13.106626802612512,12.767119054077082
4627321-1-3,13.98227537964109,13.573170574501418,13.603216336226803
4627321-1-4,12.89921982609012,13.821465360743035,13.77091740472169
4627321-1-5,14.80789769802794,14.368923671254462,14.3745802538797
4627322-1-1,14.22097566607244,13.856924637372552,13.82646495837102
4627323-1-1,13.769338535344216,13.896543568409228,13.94228919832638
4627323-1-2,11.918390573078392,13.220373420731205,13.225953550063279
4627324-1-1,13.652991628466498,13.138322709215096,13.081147088532857
4627325-1-1,16.430470360390714,15.247868183859012,15.165813937994097
4627326-1-1,16.128804703810136,16.063771989075118,16.054795994849776
4627326-1-2,14.911452618076504,15.346379980034307,15.314061448083585
4627327-1-1,13.458835614025542,13.700375294645932,13.717484720550571
4627327-1-2,14.331250660870822,13.927894550047743,13.914119011327339
4627328-1-1,13.864977635833068,13.939715260157683,13.928207435979658
4627328-1-2,12.206072645530174,12.952069805348277,13.032564392513043
4627329-1-1,14.22097566607244,13.987360460553285,14.029083785429183
4627329-1-2,12.206072645530174,13.198504630282413,13.228027037465411
4627329-1-3,13.652991628466498,13.562332332750954,13.58770668121541
4627330-1-1,14.22097566607244,13.911677174456551,13.907246852158163
4627330-1-2,14.50865773852422,14.013384914396184,14.015316156661207
4627331-1-1,13.854731271117556,13.630735199807702,13.64814573871062
4627331-1-2,13.897090544956695,13.59092273202893,13.58098253047168
4627332-1-1,11.512925464970229,12.77375405397948,12.700494617691158
4627333-1-1,14.403297222866392,13.246552775330853,13.237445275711547
4627334-1-1,16.51798966932429,15.903898794989288,15.835680105304931
4627335-1-1,12.89921982609012,13.076831096625726,13.107612290811554
4627336-1-2,14.854844510874385,14.749995211592111,14.60970968605422
4627337-1-1,13.623138665316818,13.654075627308197,13.675179366243512
4627338-1-1,14.879071237342163,14.634909555419398,14.683508872978901
4627338-1-2,14.859901233814718,14.549326660056028,14.584058948782484
4627338-1-3,14.6077486034326,14.0363154216828,13.982367119438917
4627339-1-1,13.743938761227865,13.84093834730225,13.870954168070615
4627340-1-1,15.73732317983077,16.314544423662497,16.329753298089067
4627340-1-2,15.819240255436505,16.046201507900236,16.019400033768118
4627340-1-4,12.89921982609012,12.23731830388782,12.436174278369972
4627342-1-1,12.206072645530174,12.813678681439383,12.762671507929317
4627342-1-3,14.264460751416433,14.90301733645136,14.922853063791335
4627342-1-4,14.229274468887134,14.430290295203449,14.376794074308172
4627343-1-1,14.254840153172347,14.25738176390692,14.236015466743082
4627344-1-2,12.4130868149145,13.62046936973256,13.630087522302174
4627346-1-1,12.611537753638338,12.622520101371181,12.588352929362033
4627346-1-2,11.695247021764184,13.138737739119772,13.127744001394094
4627347-1-1,13.862394143863124,14.064978714208033,14.065264516157747
4627348-1-1,15.123843377614453,15.035510167716005,14.93024777707283
4627349-1-2,11.289781913656018,12.41421740845085,12.361478953916865
4627349-1-3,13.997591252419893,14.039286546137053,14.05392170311321
4627350-1-1,14.346138809026444,14.135554484794302,14.170464346580877
4627350-1-2,13.592367006650065,13.31985783015561,13.304383153430221
4627350-1-5,12.89921982609012,13.301682254379243,13.278671020607991
4627351-1-1,14.83465873542851,15.648283658002242,15.675065462457743
4627352-1-1,13.304684934198283,12.899812397186691,12.89144187650179
4627352-1-2,11.982929094215963,10.938984576045888,10.809691762768994
4627353-1-1,15.483217378522353,15.819201462077327,15.844375658130607
4627354-1-1,14.279244574196415,14.314332504642424,14.336110311345895
4627354-1-2,14.495234739306945,14.708523844331008,14.71546551172868
4627355-1-1,15.84365880525656,15.790483320461055,15.743408170340006
4627355-1-2,14.914122846632385,15.737355268747189,15.692632992569957
4627356-1-1,13.122363377404328,13.886778164215919,13.902152625930505
4627356-1-2,13.122363377404328,13.650019196484426,13.668125747410377
4627359-1-1,13.815510557964274,13.349189590012347,13.34775153419533
4627361-1-1,16.300417207752275,15.712587877570094,15.697567162711639
4627362-1-1,14.22097566607244,14.391038585256009,14.414385181437057
4627363-1-1,14.77102200299171,14.680782552620704,14.673938640494102
4627364-1-1,12.206072645530174,13.06479680317463,13.089138655715601
4627365-1-1,14.489304988767962,14.740977597794021,14.748035497529898
4627366-1-1,13.997832114758229,13.280911227899088,13.29384093487888
4627366-1-2,14.137594057133388,14.02232240837422,14.085356388931606
4627366-1-5,12.676076274775909,12.714751930930305,12.735349572594385
4627367-1-1,13.304684934198283,13.357130077483324,13.425522886847478
4627367-1-2,13.644388180600252,13.701151893643495,13.615007089222903
4627368-1-2,14.073154178473482,14.116136885814837,14.135202605092173
4627368-1-4,13.94496828948682,13.946241439555426,13.956633481940491
4627369-1-1,13.592367006650065,13.522004922296771,13.546776342392665
4627369-1-2,13.592367006650065,13.468761756230618,13.448992670755722
4627369-1-3,13.592367006650065,13.258405268795173,13.2743033833589
4627374-1-1,13.592367006650065,13.64284928198965,13.643873762405168
4627374-1-2,12.206072645530174,13.406495838829263,13.38870410085858
4627374-1-3,13.69145788570939,13.714300303737652,13.684504515510145
4627375-1-1,13.592367006650065,13.532281198493846,13.55433238802547
4627375-1-2,13.771335356578687,13.874203367325276,13.844231653834651
4627375-1-5,13.696964606361512,13.945581921981532,13.94969618678589
4627377-1-2,13.304684934198283,13.323416060569407,13.346233227076908
4627378-1-1,14.151982794585487,14.847504042836649,14.920567937080566
4627379-1-1,13.38472764187182,12.683363157052321,12.543436061405803
4627381-1-1,13.710150042306449,13.565791389688414,13.571045493054003
4627382-1-1,14.055742762960064,14.24435851341905,14.269043381993583
4627382-1-2,12.611537753638338,12.937027736562452,12.908235120543017
4627383-1-1,14.53740717205312,14.20886923025709,14.19302589968895
4627383-1-2,14.259127458774785,14.20406351433848,14.19530498099716
4627384-1-1,15.761420707019589,13.896083739873447,13.92934978436054
4627386-1-1,13.743938761227865,13.998481545833775,13.989735016042589
4627387-1-1,14.580358091473151,14.573473397090403,14.519158875575442
4627387-1-2,15.068273526459642,14.953365108511914,14.958435255513695
4627388-1-1,13.9108207377686,14.235913039143853,14.219767219579587
4627388-1-2,11.002099841204238,11.796244068677362,11.757696264069903
4627388-1-6,13.592367006650065,13.97717101405897,13.995174358255472
4627389-1-2,10.819778284410283,11.677622788657587,11.58932683681753
4627390-1-1,14.50865773852422,14.318058968036233,14.323554262629475
4627390-1-2,13.592367006650065,13.465907655800782,13.49079259845834
4627390-1-3,14.460867052834724,14.2736041631003,14.261567144417569
4627391-1-1,13.815510557964274,13.865445901402442,13.842333945593545
4627391-1-2,13.458835614025542,13.380615970802856,13.353450722680114
4627391-1-3,13.675619557261449,13.527355222661349,13.549632616065793
4627392-1-2,14.403297222866392,14.35769020463336,14.414222679576774
4627393-1-1,14.238517160501994,14.216425820251532,14.212345954453484
4627393-1-2,14.288558065533453,14.21436573404117,14.218324402208102
4627393-1-3,13.86893532290367,13.980589747966274,13.958150781394085
4627393-1-4,13.86100416349777,13.987228209818081,13.97861578212049
4627394-1-2,14.489644820575514,14.394943666608112,14.367354207243652
4627395-1-1,13.592367006650065,13.496256111625454,13.524057382836618
4627396-1-1,13.633188976170318,14.272015299046727,14.29963635955497
4627396-1-3,13.9108207377686,14.044573209252363,14.024148938727357
4627401-1-1,13.743938761227865,14.130442764021923,14.13348015554743
4627401-1-2,13.9108207377686,13.439160498182254,13.466850001562806
4627402-1-2,14.251533564520368,14.777403352766505,14.804943121682358
4627402-1-3,13.803651516681764,13.801831596277902,13.87719879597808
4627402-1-4,14.161374978190018,13.93691876698567,13.924074845856003
4627403-1-2,13.836826072132514,13.909452508161065,13.915878020564792
4627406-1-1,14.753562781619944,15.279491471808733,15.27775862009806
4627406-1-2,14.516956582661228,14.443488054571567,14.431094470304837
4627407-1-2,14.303067580379446,14.44301124614417,14.44995631237562
4627409-1-1,14.26019637922572,14.135374595352497,14.150780779159522
4627410-1-2,16.561723220160832,16.093545478870382,15.939408300515703
4627410-1-5,13.876804132452556,13.814020628994063,13.852123267571109
4627411-1-1,14.938233501300202,15.160825086606325,15.15296690441494
4627411-1-2,13.592367006650065,13.462001661238135,13.50620070515378
4627412-1-2,12.206072645530174,13.251631390523718,13.235167208454872
4627414-1-1,13.710150042306449,13.666455506878803,13.674342421484834
4627414-1-2,13.728001966474908,14.06921450670783,14.09391792991821
4627415-1-1,13.72151445812855,13.854175143285303,13.876246858320457
4627416-1-1,16.190416312537945,16.150667801559468,16.115446407446065
4627416-1-2,12.206072645530174,12.885285255603792,12.956645612467208
4627417-1-1,13.675619557261449,13.872673207403121,13.878390693663194
4627417-1-2,13.527828485512494,13.453592578875757,13.474846487208909
4627418-1-1,12.765688433465597,13.107762909828427,13.117253129262538
4627419-1-1,13.710150042306449,13.804927699782192,13.819553036634867
4627419-1-2,13.764217263576723,13.945945830245845,13.980538914310879
4627420-1-2,12.793859310432293,12.726329300723604,12.798489948449859
4627420-1-3,13.777162259146914,13.65794172351631,13.657494653559363
4627420-1-4,13.013292305584168,13.1908729102644,13.40420542387842
4627422-1-1,14.143526425786495,14.255333478897052,14.244754795597029
4627423-1-1,13.592367006650065,13.185619418496156,13.186647391354823
4627423-1-2,13.903562070908237,13.792727244547843,13.779365687168617
4627424-1-1,14.346138809026444,14.253696264401116,14.242926026558514
4627424-1-2,14.648419680899378,14.53554586741337,14.477328300135179
4627424-1-3,14.346138809026444,14.14734824581771,14.158160813635234
4627425-1-1,15.222424247103229,15.856957065477008,15.91957354457055
4627425-1-2,14.077874822431763,13.475653212745451,13.381359820354717
4627426-1-1,12.89921982609012,13.119615132456556,13.088053472804296
4627428-1-1,13.675619557261449,13.952329742628832,13.933186064395656
4627430-1-1,13.710150042306449,13.727296148629577,13.745927874697648
4627431-1-1,14.403297222866392,13.853402914642166,13.869775878479825
4627431-1-4,13.815510557964274,13.570213086613698,13.57512355066135
4627432-1-1,13.888695380932589,14.158674941462227,14.142527139649731
4627433-1-1,14.233043225960769,14.281925957876373,14.292705073935819
4627434-1-1,17.034386382832476,16.536356272751814,16.55293225687854
4627434-1-2,17.08634614707964,16.084174441002755,16.11763929382912
4627435-1-1,12.206072645530174,12.818020354045883,12.771247442723645
4627435-1-3,13.864184167722456,13.779616889442202,13.801975530799684
4627435-1-4,13.710150042306449,13.502184588330241,13.476560160479734
4627436-1-1,17.24949776244942,16.203331478504893,16.241892577239817
4627436-1-3,15.494163570524046,15.680954839335955,15.812029478315868
4627436-1-5,13.743247680652605,13.89899935280528,13.871461883968845
4627437-1-1,13.458835614025542,12.424162989493652,12.403873273563008
4627438-1-1,14.467835744003963,14.95049832739035,14.906857602260837
4627438-1-2,16.43679175270272,15.995535541095984,15.961637706113203
4627439-1-3,13.56864023998032,13.393654014467215,13.421971399535762
4627439-1-4,13.815510557964274,13.917958744423172,13.886141525459786
4627439-1-5,13.740556718550303,13.903338712854985,13.862637826893156
4627440-1-1,15.89495209964411,15.51188608658741,15.600598687130702
4627440-1-3,16.18263420334589,15.866821181865301,15.999513855462745
4627441-1-1,13.696964606361512,14.052391530037736,14.04270786436499
4627441-1-2,11.512925464970229,12.394894552727884,12.425621225505235
4627441-2-1,13.675619557261449,14.047483114758867,14.02454815110881
4627442-1-1,13.74414310599848,13.97324090173647,13.907660845980109
4627442-1-3,13.741454555613943,13.719657675126083,13.739564358515343
4627443-1-1,13.675619557261449,13.848341081247224,13.83192515967549
4627445-1-1,11.695247021764184,12.323905837937776,12.37227279094846
4627445-1-3,14.151982794585487,14.029889472356674,14.010743360373446
4627445-1-5,13.652991628466498,13.589897083667205,13.569610331526642
4627446-1-1,17.216707939626428,16.038168438157957,16.018602339560882
4627446-1-2,15.50499114730268,15.0492352431563,15.031224507474446
4627447-1-1,13.706365110703477,13.888005349326368,13.929957175156735
4627447-1-2,13.592367006650065,13.448634799094224,13.443951608631385
4627448-1-1,12.429216196844385,13.094998162267114,13.110714539163528
4627449-1-2,13.650528229141244,13.515304951105403,13.54614980376029
4627450-1-1,13.304684934198283,11.683640083026509,11.676463060483973
4627450-1-2,14.73180128983843,16.017666030362335,16.07124127452553
4627451-1-1,13.743938761227865,13.979095768081612,13.980307334745168
4627453-1-1,13.710150042306449,13.93608473926134,13.939761157072061
4627453-1-2,12.89921982609012,12.787398978731847,12.79450402902208
4627454-1-1,13.710150042306449,13.761814069248079,13.73044404337952
4627455-1-1,13.710150042306449,13.636673832743805,13.616294099842873
4627455-1-2,13.592367006650065,13.657682566373223,13.684197139380936
4627455-1-3,13.592367006650065,13.678130802239291,13.703734867480566
4627459-1-1,15.201804919084164,14.955701805833463,15.043908395981626
4627459-1-2,13.592367006650065,14.018471532082224,13.930067560780452
4627463-1-2,12.89921982609012,12.393048648174803,12.404030281620276
4627464-1-1,14.22097566607244,14.235129360384425,14.164490799479836
4627465-1-1,14.22097566607244,13.516887189112413,13.567325041087221
4627465-1-2,11.512925464970229,12.05446092821635,12.182805464183001
4627465-1-3,14.042548615833455,13.906877622665673,13.910297533470331
4627465-1-4,13.997832114758229,13.91908779328023,13.958878571124005
4627466-1-1,15.424948470398377,14.220940677005832,14.196257290729116
4627467-1-1,13.815510557964274,13.876504400238717,13.89258322696427
4627467-1-2,14.157830662427088,14.081280047860398,14.089392113097247
4627468-1-2,14.50865773852422,14.524676472893088,14.533200698219446
4627469-1-3,13.235692062711331,13.179130756290549,13.164963832090011
4627469-1-4,14.914122846632385,13.695420687976874,13.664675087589156
4627469-1-5,14.491850599021395,14.379246636336099,14.401699610503968
4627469-1-6,15.123843377614453,14.757084456455047,14.749354178927375
4627470-1-1,13.56864023998032,13.674165098408125,13.688538138232419
4627470-1-2,13.730182490686293,14.032958976460222,14.047342145818059
4627471-1-1,14.99416555430592,15.22573047919088,15.1926665966908
4627471-1-2,15.837058121225208,15.342110350129717,15.290312892833322
4627472-1-2,12.611537753638338,13.2269540183563,13.168798074905549
4627475-1-1,15.117063690629074,15.627649597331393,15.677787625015148
4627476-1-1,13.217673557208654,13.602159335564707,13.553806083937756
4627477-1-1,13.675619557261449,13.909882923184156,13.897643128536538
4627478-1-1,13.592367006650065,13.405482614112866,13.428501100339812
4627478-1-2,12.429216196844385,11.983580550146408,12.045778798069035
4627478-1-3,13.710150042306449,14.266246358161778,14.254463233717539
4627480-1-1,13.9465777450517,13.735580163465517,13.797222705608423
4627481-1-2,10.819778284410283,12.129071229029925,12.11409212416789
4627482-1-1,14.550758914542854,14.228189863440914,14.215866695005966
4627483-1-1,13.304684934198283,13.271352145112896,13.198194387210354
4627483-1-2,12.388394202324127,12.323938986985121,12.373963571915525
4627484-1-1,15.557437682641533,15.157492765487245,15.110890656545727
4627484-1-2,14.82103248454198,14.852751578863966,14.839326156297016
4627486-1-2,14.510738883938023,15.202237598309214,15.245377261481936
4627487-1-1,13.675619557261449,13.85539762028217,13.865087906005854
4627488-1-1,13.696964606361512,13.565099744559797,13.548217297139967
4627489-1-1,13.9108207377686,13.632256925805857,13.631275389140992
4627492-1-1,15.89495209964411,15.527443152481851,15.507594828577325
4627492-1-2,14.914122846632385,14.822765159113322,14.848299408167
4627500-1-1,13.815510557964274,13.548002005864326,13.534192369652063
4627502-1-2,13.304684934198283,13.357355381165,13.37345997622227
4630072-1-2,14.914122846632385,14.45691614686031,14.438599331820354
4630072-1-3,14.472967152135023,14.444817493833952,14.47105151839192
4630073-1-1,15.429936011909414,14.762439904482559,14.795345827378688
4630073-1-2,13.983845907994755,14.170305460893237,14.218449370345395
4630074-1-1,15.28184766521924,15.119126436834424,15.096446561637485
4630074-1-2,15.28184766521924,14.776050199232788,14.754821227993908
4630075-1-2,14.023779529186278,14.015843576652507,14.026960435054253
4630075-1-3,13.995157186157885,13.824565386362746,13.804097055802211
4630076-1-1,14.764591080403354,14.469207934427473,14.44351769586602
4630076-1-2,13.592367006650065,12.951723020651961,12.944123311163791
4630077-1-1,13.38472764187182,13.747135080142652,13.752543770775745
4630077-1-2,14.218669258357815,14.10214877530453,14.115727895116489
4630077-1-4,14.822494738009595,14.074692021009353,14.081365360802037
4630078-1-1,13.675619557261449,13.629974659126074,13.70504911653959
4630078-1-2,13.689087555053224,13.514298706241611,13.502124101813704
4630079-1-1,13.592367006650065,13.334251342362762,13.364261324155454
4630079-1-2,14.50865773852422,13.755972231134463,13.776720802723112
4630080-1-1,14.372863430293544,14.460511235498547,14.464716281442515
4630081-1-1,13.592367006650065,14.04164792531747,14.046087509021127
4630082-1-1,14.914122846632385,14.624757366050321,14.597755868096643
4630083-1-1,13.645602039642446,13.91846668856977,13.890008913481328
4630086-1-1,13.831314453429185,13.683960412686009,13.66910063466864
4630087-1-1,13.815510557964274,13.43089979915123,13.469813535408397
4632025-1-1,14.086461695638311,14.082075013788982,14.073523017060253
4632025-1-2,11.918390573078392,12.56486448991728,12.562966715067718
4632026-1-1,13.592367006650065,13.486421859002212,13.51851092720812
4632026-1-2,13.592367006650065,13.580307384646577,13.749815390111504
4632026-1-3,13.876804132452556,13.811030263425812,13.808036566426022
4632027-1-1,13.73347803859452,13.712044836803411,13.717097395817195
4632028-1-2,13.56864023998032,13.780547095164279,13.762386503969557
4632028-1-3,13.122363377404328,13.675733887265288,13.667320925725196
4632029-1-1,13.815510557964274,13.924319309617019,13.881305787217524
4632029-2-1,13.633188976170318,14.416975314063514,14.458466104318019
4632030-1-2,13.743938761227865,13.950077119892843,13.990140729849294
4632030-1-1,12.542544882151386,12.731329154329938,12.648558879210249
4632030-1-3,12.89921982609012,13.6829888329904,13.597589069947341
4632031-1-2,14.50865773852422,14.936944837503042,14.838695643111706
4632033-1-1,11.918390573078392,13.073707930572493,13.07831909788297
4632034-1-3,13.652991628466498,13.738130432249026,13.718699895879908
4632034-1-1,14.085444274783251,14.075977680533079,14.115405031094818
4632034-1-2,12.611537753638338,13.477665308808493,13.454879721298234
4632035-1-1,13.808414880582998,14.166985103545551,14.18067547882965
4632035-1-2,13.527828485512494,13.338080035060496,13.362722246902404
4632036-1-2,14.090613816563623,13.296047393517776,13.330084199456929
4632036-1-3,13.468471450593224,13.732257873676165,13.712546427553484
4632036-1-1,14.571418547655224,13.945954240541726,13.94116178710696
4632037-1-2,13.675619557261449,13.747429842201838,13.7119770064996
4632038-1-1,13.764217263576723,13.48262801626908,13.510773866791004
4632039-1-5,12.429216196844385,12.426411122893667,12.433413974432167
4632040-2-1,13.56864023998032,13.884570717653032,13.86744413113676
4632041-1-3,13.857931313784327,13.98527869415369,13.989305128622242
4632041-1-2,13.997832114758229,13.249436981463758,13.234102488094182
4632043-1-2,13.675619557261449,13.725980070855101,13.700247351238865
4632043-1-1,14.098590305949402,14.169568625730491,14.167136242340263
4632044-1-1,13.304684934198283,13.354833319655366,13.33496494258932
4632045-1-1,14.114874135189892,14.01297587257499,14.025346338877414
4632045-1-2,13.592367006650065,12.890708218851206,12.925909444627482
4632046-1-1,13.82645049800261,14.188857901438245,14.174258518209347
4632046-1-2,13.081541382884074,12.91415812217816,12.912282645889064
4632047-1-2,13.815510557964274,12.924906715298011,12.85223953544338
4632047-1-6,13.815510557964274,13.495224091180182,13.451841797667594
4632047-1-5,14.196143893799809,13.880396081879686,13.880531088023817
4632047-1-4,12.206072645530174,11.678135476919852,11.675444489992659
4632047-1-3,14.119221694564278,13.92234581486021,13.929482742715999
4632048-1-1,13.606321685626698,14.021983012419806,13.96955321084749
4632048-1-2,13.669212300346976,13.663108984991855,13.614420276911074
4632049-1-2,13.674190051659098,13.804013395074438,13.812480878178134
4632050-1-2,13.77468856344402,13.109651827861702,13.069133644466241
4632050-1-1,13.592367006650065,13.898520462728518,13.872677611320041
4632050-1-3,11.982929094215963,12.449730786583435,12.483303275310405
4632051-1-1,13.815510557964274,13.538910892682216,13.710963580990576
4632051-1-2,14.151982794585487,13.872568661232956,13.872140136819583
4632052-1-1,13.849911984681606,14.081606038560087,14.059353529185694
4632053-1-1,13.592367006650065,13.359748324582984,13.327396287172954
4632053-1-2,14.505486026459067,14.176595613785105,14.184796821574388
4632054-1-2,13.743938761227865,13.81616348787085,13.831605910247719
4632054-1-1,13.743938761227865,13.552728911039326,13.531028568475005
4632054-1-4,14.29744955153047,13.745027857058261,13.712723118128702
4632055-1-1,13.458835614025542,13.496412326790342,13.566648190881976
4632056-1-1,13.650528229141244,13.862084983002948,13.846793618467183
4632057-1-1,13.56864023998032,13.625045797323533,13.598823023607846
4632057-1-3,13.743938761227865,14.077130970884252,14.086651626633792
4632057-1-2,14.00475259208556,13.807224085710475,13.762886106045684
4632058-1-3,13.988800619979209,14.01969878905295,14.013138349033476
4632058-1-1,13.592367006650065,13.220877656389566,13.233514362280108
4632059-1-1,13.592367006650065,12.551117957036785,12.527889149183501
4632060-1-3,14.1579175596911,14.116827087139447,14.147908195256605
4632061-1-1,13.896586270366198,13.646400233343734,13.6632310203489
4632061-2-1,13.56864023998032,13.834850139487626,13.825385742051653
4632061-3-1,13.835313185260452,13.583059476189893,13.561306486729253
4632062-1-1,13.675619557261449,13.770932263279583,13.789636505853496
4632062-1-3,13.738758757435804,13.925993401692692,13.939600477994821
4632062-1-4,13.638664408729989,13.813649860893376,13.853923801325541
4632064-1-1,15.343376852870929,14.693641967018355,14.704563491860302
4632065-1-2,10.819778284410283,11.454861444255178,11.401903893461258
4632067-1-1,13.592367006650065,13.424060551801048,13.395481063620911
4632067-1-2,13.997832114758229,13.477491400188923,13.518759184151241
4632068-1-1,14.165893448386052,13.999670766372484,13.993038066163379
4632069-1-1,15.080108007636056,14.55305044425549,14.567875974790178
4632069-1-2,14.485900751401603,14.663058854846804,14.743114902944898
4632070-1-1,13.7961778802245,14.065788499775584,14.073329182586429
4632072-1-1,13.901688254205329,14.115428593424484,14.161153453807566
4632072-1-2,8.517193191416238,12.141324726703473,12.169310260726517
4632074-1-2,12.388394202324127,12.757774820088214,12.801371631182068
4632074-1-1,13.96669484238793,14.142844773576801,14.127126733308787
4632075-1-1,13.776547576595304,13.864481834085533,13.9048939272809
4632077-1-1,13.710150042306449,13.926961838929717,13.928241157415233
4632077-1-2,13.64263465023761,13.589980420669107,13.617508073646047
4632078-1-1,13.644388180600252,14.196916323838202,14.170926129763984
4632079-1-2,13.592367006650065,13.541113679857064,13.529810045341982
4632079-1-1,13.592367006650065,13.733641639440856,13.78189824199612
4632080-1-5,13.652991628466498,14.056261785667102,14.033375727138546
4632080-1-2,13.122363377404328,12.994925030326392,13.059478835398632
4632081-1-1,13.304684934198283,13.554364189874661,13.529791701808364
4632081-1-2,13.38472764187182,13.396100491775787,13.357546917501264
4632083-1-1,13.592367006650065,13.750690350110103,13.704954568436957
4632084-1-2,14.50865773852422,12.769453589987837,12.730578506902596
4632084-1-5,14.165141815787209,14.32484212997782,14.416390560677602
4632084-1-3,14.808762330974558,13.946873995155926,13.961234066352448
4632084-1-1,14.50865773852422,13.515072869614034,13.625835658661202
4632085-1-1,14.978661367769956,14.656817680229757,14.717949400210005
4632085-1-2,15.01948333729021,14.838598901500987,14.841034081729576
4632086-1-2,15.791903769934038,15.293415621688203,15.290556249286816
4632086-1-1,15.60727002719233,15.405372493836731,15.379763006319198
4632087-1-1,14.28551418721001,14.111267816398422,14.078398226068808
4632088-1-2,13.808414880582998,13.866434990410266,13.853811020895112
4632088-1-1,13.808414880582998,14.066217224996965,14.079439322035773
4632090-1-2,13.304684934198283,13.642271929646585,13.65260122104743
4632091-1-2,13.996340169027144,13.71191180447764,13.750711998453834
4632092-1-2,13.652991628466498,13.700427482896774,13.691524103984035
4632093-1-1,14.672051285432657,14.313253927943336,14.306733164675814
4632094-1-1,13.458835614025542,13.408377590856885,13.452249132394744
4632095-1-1,12.611537753638338,13.939843834466712,13.977923709409533
4632096-1-1,13.815510557964274,13.664515503903816,13.657131784832597
4632096-1-2,13.458835614025542,13.439076361313472,13.46196860295433
4632097-1-2,14.22097566607244,14.236296462549195,14.162022982375618
4632097-1-1,15.201804919084164,14.468693751601503,14.573078451909012
4632098-1-1,14.203633489383616,14.152565824609333,14.165431455601878
4632098-1-2,13.806178146159802,13.859420696510202,13.8975533072101
4632099-1-1,13.42984807715229,13.276166232372603,13.32778633360566
4632099-1-4,13.081541382884074,13.040847325407931,13.08330562955387
4632099-1-5,13.592367006650065,13.484358601168317,13.435805466999396
4632099-1-6,13.815510557964274,13.582945970450933,13.613048582058918
4632100-1-1,13.815510557964274,13.855734318870502,13.909189889136405
4632100-1-2,13.815510557964274,14.455159580862414,14.408397104744838
4632101-1-3,13.675619557261449,13.59771313362902,13.551400362511691
4632104-1-1,14.151982794585487,13.410412589977401,13.437683756487989
4632104-1-2,12.206072645530174,12.598895974358355,12.557919905084376
4632104-1-3,13.853009597580163,13.868650481098543,13.870462855506679
4632106-1-1,11.512925464970229,13.450595250059331,13.458775995096616
4632106-1-2,14.403297222866392,14.441621318937445,14.389546991739492
4632106-2-1,14.213085285397622,14.875780705585107,14.893719768487994
4632108-1-1,14.301018373745976,14.862053451663545,14.844109813953704
4632109-1-1,13.710150042306449,13.676335803009282,13.686663168457937
4632111-1-1,14.403297222866392,14.42139456081861,14.485693368181495
4632111-1-2,14.326336156730264,14.558053396748502,14.570158121865537
4632112-1-1,13.592367006650065,13.321400357499305,13.306811185419596
4632113-1-1,13.710150042306449,13.766590199830407,13.7760710041668
4632114-1-1,15.6718085483299,15.299045442488557,15.361423363741348
4632115-1-1,13.764217263576723,13.575160674751046,13.581040686897678
4632116-1-1,13.764217263576723,13.8953223276519,13.915227116636999
4632116-1-2,13.017002861746503,13.455587631474904,13.469434753019682
4632118-1-2,13.675619557261449,13.739996298492292,13.724267182725363
4632118-1-1,13.743938761227865,13.795659743659618,13.771461594115744
4632119-1-2,13.710150042306449,13.292743945222146,13.312753799888567
4632120-1-1,15.203886064497969,15.36118395435888,15.407472694751862
4632120-1-2,15.591168846084312,15.208729227180354,15.219408806123758
4632122-1-1,15.576237889291304,15.465697173874242,15.462157231162202
4632122-1-3,14.151982794585487,14.963186667080343,14.961675356131279
4632123-1-2,13.743938761227865,14.836213277150575,14.829237351083457
4632123-1-3,13.56864023998032,13.017171591587248,13.00519871827466
4632124-1-1,14.53335035111459,14.113218632505989,14.151417810769871
4632124-1-5,13.774615058138403,14.098700669689627,14.079357199423299
4632125-1-3,13.56864023998032,13.918465599821516,13.96757173662994
4632125-1-1,14.50865773852422,14.056745323680103,14.029803518399042
4632126-1-1,14.588700484659292,14.365859934787371,14.35040365649482
4632127-1-1,13.708615184458989,13.790546685761775,13.832354926002859
4632128-1-1,13.815510557964274,13.968050099287733,13.976831005711281
4632128-1-2,13.998606294170663,13.573475000249914,13.566479311939196
4632129-1-1,14.914122846632385,13.848151824744612,13.84797863407713
4632129-1-5,13.652991628466498,13.97272937330795,13.991050402451968
4632129-1-3,14.403297222866392,14.7858946921783,14.712530501039392
4632130-1-3,13.304684934198283,13.68361484992565,13.686185205476129
4632131-1-1,13.458835614025542,13.234841522315783,13.259508966198727
4632133-1-1,15.07775224682928,14.685058891459688,14.661745464299075
4632135-1-1,16.077273656438063,15.141755246452842,15.137174008330467
4632136-1-1,13.713241162645325,13.934964309323906,13.949554436758492
4632137-1-1,13.458835614025542,12.791835981515195,12.848349440323018
4632137-1-2,15.068273526459642,14.317646944265672,14.297198036384803
4632138-1-1,13.895553304099348,14.141625350387766,14.157247463664708
4632138-1-3,13.567049198665774,13.588107363101068,13.582909081375378
4632139-1-2,14.101388128280949,14.553640250885783,14.598711520683871
4632140-1-1,14.925172737764022,14.40389049735845,14.413552145436334
4632142-1-2,12.793859310432293,13.034258823802842,13.077471442190847
4632142-1-4,13.710150042306449,13.453318198957552,13.495833566551513
4632142-1-1,12.206072645530174,12.839650665440406,12.885029032431845
4632143-1-1,13.56864023998032,13.637170127333368,13.607416785760051
4632144-1-4,13.592367006650065,12.865823368857766,12.86093481991403
4632144-1-1,13.235692062711331,12.828822369093475,12.858836056658456
4632146-1-1,13.592367006650065,14.068689952168983,14.041591149184908
4632146-1-2,13.122363377404328,13.479299537639386,13.456959121924454
4632147-1-1,14.50865773852422,14.40362189878696,14.40796821101411
4632148-1-3,13.641157170819495,13.77822101665063,13.731956725638405
4632148-1-5,13.928243865176052,13.900858963882799,13.889365040499516
4632148-1-1,13.743938761227865,13.858243349482436,13.857153875595927
4632149-1-2,14.580978400103843,14.735895897429275,14.75965816536593
4632149-1-1,13.815510557964274,13.019003638472448,12.976532642175533
4632150-1-1,14.015044277769045,13.559743004678406,13.55576199631495
4632151-1-1,14.403297222866392,13.831882365513605,13.802467854461755
4632151-1-2,10.57558135714292,10.434956687411852,10.377663190440055
4632152-1-2,13.458835614025542,13.448540112978298,13.442556483192346
4632152-1-1,13.766971034256898,13.911625232370568,13.896894047394847
4632153-1-1,13.92376691412569,13.953050803452982,13.937933457254715
4632154-1-1,13.76496540470198,14.015725938645616,14.019355996426151
4632155-1-2,13.696964606361512,14.32541562789811,14.297759191803772
4632155-1-1,13.17590414433236,13.188538891421242,13.207356569219257
4632156-1-2,13.997832114758229,14.223659527777388,14.303181928984216
4632158-1-2,12.206072645530174,12.319784987465345,12.364234240481526
4632158-1-3,13.710150042306449,13.262045457662873,13.258435340669797
4632159-1-1,13.644388180600252,13.728652716400486,13.687764293125158
4632159-1-4,13.710150042306449,13.463468140425285,13.462699009497648
4632159-1-3,14.232025474786496,13.985491214448993,14.006815125026606
4632160-1-1,13.795307850646754,13.779824403296713,13.794326544503841
4632161-1-2,13.565980278214838,13.323647937763418,13.331557272738477
4632161-1-1,14.59559959226383,14.474473073650838,14.551406516964636
4632163-1-1,14.50865773852422,13.954196319343989,13.783314929749746
4632164-1-1,13.948388862373108,14.055028458042093,14.05213640037846
4632164-1-2,11.918390573078392,11.860841892799565,11.855624448303278
4632164-2-2,12.611537753638338,13.22264247375532,13.192042700107525
4632164-2-1,12.206072645530174,12.062093551424022,12.020093448248295
4632165-1-4,12.89921982609012,13.146271206900437,13.136305805535283
4632166-1-1,13.527828485512494,13.601218270440551,13.620461197419125
4632166-1-2,13.458835614025542,13.288305852823108,13.345531938655666
4632167-1-3,13.56864023998032,13.147390441797441,12.9400130949168
4632167-1-8,13.710150042306449,13.410900966076978,13.381113307584785
4632169-1-1,14.50865773852422,14.046094221010767,14.034723581817232
4632170-1-1,15.176487111099874,14.78160246845394,14.794422842694287
4632170-1-2,14.50865773852422,14.684640290866147,14.645252311300247
4632171-1-1,13.892471599100402,14.15873947894407,14.164225451599245
4632171-1-2,13.56864023998032,13.787279848934473,13.786407687634473
4632172-1-1,13.742939865129438,13.631204679217289,13.608676644510002
4632174-1-1,13.592367006650065,12.331348309120536,12.254260043931746
4632175-1-2,12.948009990259552,12.557239963269653,12.63837349939988
4632177-1-1,13.122363377404328,14.106554094551964,14.125489295738
4632177-1-2,13.304684934198283,13.415924451386447,13.442518785256087
4632178-1-2,13.760573065756963,13.81431367743211,13.767148801482987
4632179-1-2,13.592367006650065,14.055527142359791,14.102021397508139
4632179-1-1,14.914122846632385,13.915087767383834,13.928589679787825
4632180-1-1,13.747716610337942,14.019580254334409,13.980753450166771
4632181-1-1,14.25634280990973,14.1671262749755,14.11264020684107
4632184-1-2,13.675619557261449,13.797115601650138,13.809193385975787
4632184-1-1,13.675619557261449,13.722201483113096,13.725823249134853
4632185-1-1,13.142166004700508,12.992880514416449,13.061366988083131
4632188-1-2,13.458835614025542,13.567944839092531,13.541597194702282
4632188-1-1,13.67240973836206,14.227717810396058,14.263273036885096
4632189-1-3,12.89921982609012,12.67980370865223,12.742482719386924
4632192-1-2,13.997832114758229,13.928870040130477,13.972778628438569
4632192-1-1,13.997832114758229,13.649191805601232,13.658313873721633
4632193-1-2,13.710150042306449,13.160863257154286,13.150183117864318
4632193-1-1,14.28551418721001,13.842310237544682,13.834437784553545
4632193-1-5,14.116511785354373,13.765416832137793,13.741656616328537
4632194-1-1,13.675619557261449,13.694765160910297,13.705283658864925
4632195-1-1,14.22097566607244,14.306862117417934,14.232881863334477
4632196-1-2,13.458835614025542,13.456623105427255,13.46114021832569
4632196-1-4,13.710150042306449,14.657602414998115,14.676446339125812
4632196-1-1,13.592367006650065,13.770696772102779,13.771567240248531
4632196-1-3,14.407916191764162,14.671870589211217,14.68432945672175
4632197-1-1,13.458835614025542,14.120496321170675,14.14066756534554
4632197-1-2,13.458835614025542,13.953603068038877,13.928880421665978
4632197-1-3,13.24752655712304,13.098200757291385,13.09797711527082
4632198-1-1,13.95458617791755,13.981441527827798,13.959959225596599
4632198-1-3,12.873902018105827,13.186394755706544,13.153671851869973
4632200-1-1,14.124619672929263,14.280643814285572,14.272939768989657
4632201-1-4,13.67240973836206,13.878470382060563,13.885945598082264
4632201-1-3,13.67240973836206,14.291346477366101,14.319344371805501
4632202-1-1,14.914122846632385,13.36272650326875,13.355085654497186
4632202-1-5,13.815510557964274,14.13772048338287,14.279883244895087
4632202-1-4,14.50865773852422,14.638306222166072,14.567819851069759
4632203-1-1,14.143527146137826,14.568145176352102,14.586465462041481
4632203-1-2,14.143526425786495,13.945834861301995,13.975991895761432
4632204-1-1,14.655906044540089,14.548982997600241,14.589124188420698
4632205-1-1,13.458835614025542,13.631964557874594,13.633131793175217
4632206-1-1,13.710150042306449,13.319660738216655,13.34208149883581
4632206-1-2,12.89921982609012,12.76042013926254,12.73464636176181
4632207-1-1,14.042415825145303,14.050414421538644,14.03825549343784
4632208-1-1,11.512925464970229,12.556763817204668,12.582036240961008
4632209-1-1,12.611537753638338,13.362814107687699,13.368034078447671
4632209-1-2,14.03655400560368,14.066735888923208,14.070617403144686
4632210-1-2,14.424303306002235,14.394355931843553,14.417992527256965
4632210-1-1,14.45536817660407,14.671894954409439,14.651542432535653
4632211-1-1,13.56864023998032,13.688737350832152,13.70145870588036
4632211-1-2,12.611537753638338,13.218432073518256,13.533505841050783
4632212-1-2,13.399995114002609,12.767083351040025,12.802225268818537
4632212-1-1,13.77468856344402,13.495580684455415,13.47522439728135
4632213-1-2,11.638088630902176,11.79290162744277,11.858028012128795
4632213-1-1,13.90004562141882,14.17415755724038,14.198006449981238
4632214-1-1,15.448209131406,14.210699971015263,14.206039850856486
4632214-1-2,13.592367006650065,13.971998313144644,14.00746523760213
4632215-1-1,13.931702105653022,13.78298530426021,13.785850138227673
4632215-2-1,13.56864023998032,13.834904859493118,13.834114045278746
4632216-1-4,13.675619557261449,13.714348816897688,13.715659769906496
4632216-1-5,13.710150042306449,13.449721443137452,13.449866200571929
4632216-1-1,13.304684934198283,13.675407805662562,13.672266129518443
4632216-1-3,13.937875635570204,13.89426098034896,13.897860095679807
4632217-1-1,13.74983358904087,13.5457261354299,13.5411229710307
4632218-1-1,13.736055672281202,13.898939220566826,13.921878012581166
4632220-1-1,13.217673557208654,13.608038767742366,13.619262009607846
4632220-1-2,13.4985140692396,14.003095820389577,13.946886843293953
4632221-1-1,13.554145793829866,13.67375132110726,13.683865943228225
4632221-1-2,13.487006490992238,13.832135946567425,13.849795225507316
4632222-1-1,13.765195140562296,14.031404759627666,14.033484800110907
4632222-1-2,13.713241162645325,13.932149922511565,13.93638712520218
4632223-1-1,13.592367006650065,13.572777130611255,13.59699016721594
4632223-1-2,13.592367006650065,13.059926219241428,13.131059038858966
4632224-1-1,12.92391243868049,13.40781432312256,13.343650476789849
4632225-1-1,13.652991628466498,14.069820522733401,14.026333753804657
4632225-1-2,13.9108207377686,13.853467851262122,13.616713273497336
4632226-1-3,14.102475592155551,14.077621163206448,14.086875439016767
4632226-1-1,13.806398607447075,14.120354428910836,14.111701252509647
4632240-1-1,14.28551418721001,13.870382894829978,13.861964329983174
4632241-1-2,13.017002861746503,13.325139462146465,13.263031272111446
4634376-1-1,14.077874822431763,13.837734874561987,13.786432280457683
4634376-1-2,13.304684934198283,14.101637901067654,14.130329560438904
4634693-1-1,13.769338535344216,14.153785404210609,14.187008193757507
4634695-1-1,13.743938761227865,13.896278567961675,13.951943388190234
4634696-1-1,13.592367006650065,13.916040909498632,13.87112199321498
4636571-1-1,16.34123920227253,14.9997504658687,15.085849879274283
4636571-1-4,15.107952033161114,14.532965682019693,14.563481289174932
4636572-1-1,14.346138809026444,14.227961382302112,14.225615479156692
4636572-2-1,14.768454575352788,14.526661158441026,14.504877527148471
4636572-3-4,13.815510557964274,14.122073440280367,14.132467086271461
4636572-3-3,13.633188976170318,14.853146996353681,14.847589516435223
4636573-1-1,14.077874822431763,13.596471877257564,13.596759949945804
4636573-1-3,13.743938761227865,13.788090345627976,13.795358576180233
4636574-1-1,14.365556918922008,14.442542062362584,14.367467527159253
4636576-1-1,14.266586177324491,14.497383595472991,14.479956950021771
4636576-1-2,14.580978400103843,14.510238955208306,14.512885049893168
4636577-1-1,15.424948470398377,14.463678575518008,14.376302067974189
4636578-1-1,14.485389111584864,14.334527125409153,14.339179722891506
4636578-1-2,14.353879945435873,14.371313771191716,14.422981875382748
4636578-1-3,14.178910538070731,13.978980579464698,13.993243555156162
4636579-1-1,14.28551418721001,14.201388295568297,14.23192860036338
4636579-1-2,13.458835614025542,12.916865746658813,12.918331283190316
4636580-1-1,14.587006704935195,14.794516003271736,14.811342025980162
4636580-1-2,14.0687649921052,14.02627835837562,14.005451664759034
4636581-1-2,12.793859310432293,12.106552412370668,12.09065556090513
4636581-1-1,13.739349219480724,14.071011071274983,14.051495219230954
4636581-1-4,13.895553304099348,13.775663238961686,13.79969259307819
4636582-1-4,12.611537753638338,13.857356137857934,13.884556316062625
4636582-1-1,15.066271523788968,14.636238216332531,14.601533006913808
4636582-1-3,14.50865773852422,13.077984500270729,13.05476214732408
4636587-1-1,14.101850010755516,14.295898485815185,14.290022127274566
4636587-1-2,14.403297222866392,13.682159271328135,13.67482510680926
4636589-1-2,14.907433858481587,14.546164823991463,14.507862653049623
4636590-1-1,15.031905882288768,14.755895197016041,14.769272074682032
4636590-1-3,14.758118533220737,14.50530474375748,14.476589883361216
4636590-1-4,15.687312734865866,14.583003585796572,14.564616282579022
4636591-1-1,14.588700484659292,14.472867082433872,14.466984668256794
4636592-1-2,12.611537753638338,12.612833842492112,12.62621215722935
4636592-1-5,13.730182490686293,13.766905255023326,13.748382860768984
4636593-1-2,14.353879945435873,13.802842992680915,13.80681928205927
4636593-1-1,14.914122846632385,14.225378019174347,14.220571890903935
4636594-1-1,13.592367006650065,14.003764079834461,14.03555505985296
4636595-1-1,14.808762330974558,14.067300995959643,14.113399794280918
4636595-1-4,14.384724493102748,14.024354729791595,14.064697184248544
4636596-1-1,13.592367006650065,13.748959109249622,13.776165443565832
4636596-1-2,13.652991628466498,13.578244955075416,13.61205611923089
4636597-1-1,14.265446037165784,14.464613813880906,14.502427690230261
4636597-1-2,13.710150042306449,13.96829994215525,14.000436955321668
4636598-1-1,14.403297222866392,14.138527435232128,14.14766081718838
4636598-1-2,13.304684934198283,13.239911138421858,13.277559342657213
4636600-1-3,14.3009430632179,13.978674522741644,13.97193476293289
4636600-1-2,12.206072645530174,12.877836108163372,12.965065092166244
4636600-1-1,14.222086132609515,14.185989432658717,14.19395929971905
4636600-1-4,14.17775104797901,14.083327757123268,14.078986294016827
4636603-1-2,13.304684934198283,13.163242012685004,13.149521979203458
4636603-1-6,13.98795937256165,13.734344080121806,13.723763910020466
4636603-1-7,14.914122846632385,13.840178607931126,13.84374337926826
4636605-1-2,14.02328003146551,13.794032819371369,13.795671013003634
4636605-1-1,14.813643362299125,14.038751228459109,14.069283204360808
4636606-1-2,13.743938761227865,13.78545845322786,13.770187796507434
4636607-1-1,13.304684934198283,13.557176930933117,13.594887248080342
4636608-1-1,13.652991628466498,13.617432013411435,13.628821236183267
4636609-1-4,12.611537753638338,12.216138525257838,12.316042814974676
4636609-1-1,13.997832114758229,13.854525330650938,13.832080485459414
4636610-1-1,11.608235644774552,12.673258309266334,12.776961319161405
4636611-1-2,13.929919909141518,13.945671567810676,13.92627534658509
4636611-1-1,14.052592023696578,14.169624627001886,14.163087954248228
4636612-1-1,13.710150042306449,13.807429005574145,13.803966241503097
4636612-1-2,13.796959228718052,13.95745935443907,13.937465309898574
4636613-1-1,13.710150042306449,13.996872032161514,13.984797307443715
4636614-1-2,13.675619557261449,13.68029950922749,13.665611197611232
4636614-1-1,13.710150042306449,13.604404443100348,13.601879947237373
4636615-1-2,14.22097566607244,13.632418935793092,13.644112832236315
4636615-1-1,14.583244551372578,14.236435933421962,14.231657211920282
4636615-1-3,13.955890570164486,13.7009386209505,13.7339799272548
4636616-1-2,13.57598352739954,13.681946090421581,13.632954931159942
4636616-1-1,14.396794668677988,14.3034335550785,14.302582135526908
4636616-1-4,13.671640187544572,13.772568929215343,13.769021564009932
4636616-1-3,13.578521599828012,14.153275205930028,14.164480307791264
4636617-1-1,14.026581528044217,14.168109146505518,14.152502572187567
4636617-1-2,13.693342923990066,13.70693788294138,13.689283592210455
4636617-1-4,13.75381246565325,14.326761497837303,14.293349169281171
4636617-1-3,13.9908634104771,13.98690888459369,14.003299656269162
4636618-1-1,12.89921982609012,13.695155952686566,13.674786133115022
4636619-1-1,13.675619557261449,13.590323567355284,13.576290958658738
4636619-2-1,13.675619557261449,14.040721062205415,14.031230324364982
4636620-1-1,14.200009146716596,13.96992145897527,13.922256651059234
4636620-1-3,14.588700484659292,14.01487214588461,13.988582064703627
4636620-1-4,14.836609673099211,14.02646029117635,13.987879698448102
4636620-1-5,14.346870526549989,14.005751572149608,14.037360751616808
4636620-1-2,14.022425230529038,14.276728575596861,14.259567433547454
4636620-2-1,14.189286148802324,14.196943221973667,14.173839787780079
4636620-3-1,14.04662227892766,13.510120578966955,13.558853343000482
4636621-1-1,13.764217263576723,14.01987953008864,14.023085549635361
4636623-1-1,13.122363377404328,13.347973742926655,13.357916531819148
4636624-1-3,14.131447943922051,13.948107138869434,13.979282008708314
4636626-1-4,14.215881127587428,14.039825455115148,14.040176931616658
4636626-1-3,15.319587954740548,14.44394529885474,14.416938641570948
4636627-1-2,13.633188976170318,13.882749827400932,13.87370428506547
4636628-1-2,11.289781913656018,14.247190134228834,14.283934618728724
4636628-1-3,13.633188976170318,14.286332620730656,14.23145983386475
4636628-1-1,13.592367006650065,15.086922118807152,14.97650025484934
4636629-1-2,13.696964606361512,13.907103857916715,13.921690447091784
4636629-1-1,14.50865773852422,14.778199539797988,14.776937449990042
4636630-1-4,14.50865773852422,13.839071083645594,13.89564476114073
4636630-1-2,14.22097566607244,14.716971346032468,14.705179644192583
4636630-1-5,14.22097566607244,13.951609986043911,13.955457318391836
4636631-1-1,14.346138809026444,13.42723416276646,13.406697637738194
4636632-1-3,13.689894045587216,13.704580872978763,13.674421699847379
4636632-1-1,13.567049198665774,13.654471046622135,13.455142159207883
4636632-1-2,12.611537753638338,13.021476227452363,13.06018885082425
4636632-1-5,13.948920521341565,13.549163974180026,13.47814394275856
4636633-1-2,12.206072645530174,12.207821146133597,12.235623816583518
4636633-1-1,13.997832114758229,13.608584288690643,13.603715566445532
4636635-1-1,15.798808216155429,15.570923539240798,15.580269568877986
4636639-1-1,14.403297222866392,15.868714292353133,15.839288676406726
4636641-1-2,13.99911826647707,14.040889767161683,14.067039303472688
4636642-1-1,13.9818720951795,14.044667849573054,14.023898542196626
4636642-1-2,13.815510557964274,13.540346474108297,13.545058934568724
4636646-1-2,13.458835614025542,12.67913466031099,12.666052081249235
4636646-1-3,13.675619557261449,13.51149503988311,13.498381841737572
4636646-1-1,13.675619557261449,13.872182314669551,13.85237421215994
4636647-1-1,14.73180128983843,14.01127175992507,13.978059188175978
4636648-1-1,14.389123146350444,14.178157836150119,14.196799311825359
4636648-1-2,13.775680779368288,13.876246313314024,13.879907216581762
4636649-1-4,13.273652860767172,13.401053185181448,13.37407318877598
4636649-1-1,13.9108207377686,13.630313903193672,13.635238945201934
4636651-1-1,13.644388180600252,14.145863355394573,14.122069646553898
4636652-1-1,12.611537753638338,13.898348546378328,13.853498147858268
4636654-1-1,13.80743100611233,13.970884061402328,13.982052856138003
4636655-1-2,13.997832114758229,13.943420122604625,13.91460640314308
4636655-1-5,14.22097566607244,14.065753968261209,14.152480285658678
4636655-1-6,13.675619557261449,13.486377964342907,13.439388150152606
4636656-1-1,14.914122846632385,14.920651402594979,14.976146500825005
4636657-1-1,13.458835614025542,13.338450132101785,13.321592537736187
4636657-1-2,11.512925464970229,12.131954157290625,12.127998891711359
4636657-1-3,13.952989570349692,13.962785328995277,13.958363167905873
4636658-1-1,12.206072645530174,13.100858444587548,13.130860005474464
4636658-1-2,13.017002861746503,13.037939777814312,13.05450697558664
4636659-1-4,13.86100416349777,13.838178102678679,13.837104115988351
4636659-1-3,13.876804132452556,13.865236115919881,13.881164796922096
4636660-1-1,13.675619557261449,14.065453267759898,14.086386098882073
4636660-1-2,13.743938761227865,14.009893243291076,14.016637797458705
4636661-1-1,13.743938761227865,13.915731999951216,13.927630958335119
4636662-1-1,14.555382318461682,14.154218862490795,14.12353082542435
4636662-1-2,14.423873720038005,14.14044890003238,14.145614990492215
4636663-1-1,14.50865773852422,14.341362109854606,14.29516376013528
4636663-1-2,12.948009990259552,12.679459068230242,12.703346627270081
4636663-1-3,12.89921982609012,13.09826550090676,13.068785720960264
4636664-1-1,14.204168547756057,14.259719360602247,14.26195398951139
4636665-1-1,15.667894649008764,14.472127692087152,14.463573841274263
4636666-1-1,13.645009265775425,14.038260756257818,14.016828613387155
4636667-1-1,13.740377108265063,14.08323099063094,14.086034878690365
4636669-1-1,15.457738357737492,15.11491319019192,15.122945646397401
4636670-1-3,13.973833415000485,13.902750679491861,13.943990018614128
4636670-1-2,14.018079393999072,14.066710169078839,14.053082751539714
4636671-1-1,13.997832114758229,13.740688669598518,13.717836967180668
4636671-1-2,13.707999606776475,13.509576730821284,13.474089990006147
4636672-1-1,13.812435271614843,13.848482461067269,13.828042347854863
4636672-1-2,13.812435271614843,13.720361431940097,13.720361234223054
4636673-1-1,15.48979944271799,15.865146221598154,15.878243915175844
4636673-1-2,14.483179597174402,14.693019069188873,14.601811388129558
4636674-1-1,15.424948470398377,14.326749464515753,14.448578003291317
4636675-1-1,13.592367006650065,13.436228936909606,13.426715328793733
4636676-1-1,14.22097566607244,14.005179942768901,13.883520248424398
4636677-1-1,15.362186184154517,14.708969008551334,14.72463169408092
4636677-1-2,14.954944841152638,14.506124689828631,14.545781282050772
4636679-1-2,13.73334526064868,13.79683184218344,13.829106735214195
4636679-1-1,13.997832114758229,13.952206535238366,13.958977510534197
4636680-1-1,13.743938761227865,13.817748941357733,13.807635113944796
4636680-1-2,13.771335356578687,13.54702881434883,13.557996903339406
4636680-1-4,11.289781913656018,12.493632723203167,12.538747488314739
4636681-1-1,13.776720871905466,13.861011014939736,13.83539112952925
4636682-1-1,13.710150042306449,13.584222074221007,13.574408151449207
4636683-1-1,15.1483162561112,14.760935163022593,14.773965780114523
4636685-1-1,14.50865773852422,13.54342753716678,13.502187867069152
4636686-1-1,13.775656259137971,13.860973156877648,13.86171365841854
4636687-1-2,13.710150042306449,12.096893576525659,11.982162859183937
4636687-1-1,12.611537753638338,12.987409286061615,13.007615763379876
4636688-1-1,15.319587954740548,14.95788631476266,14.872552303902967
4636690-1-1,15.353882021964514,15.067711755661659,15.052154546011463
4636691-1-1,13.815510557964274,13.970339706591435,13.971389329958749
4636692-1-1,13.804378260738982,14.04670604998072,14.037415123710785
4636692-1-2,14.010702579681965,13.912549064974556,13.911091994318127
4636693-1-1,15.60727002719233,15.496121540452297,15.42753809802082
4636695-1-3,14.764591080403354,14.330307028569461,14.27427628610362
4636695-1-1,12.206072645530174,12.882688635638532,12.908054100731148
4636695-1-2,13.67240973836206,13.644394360783734,13.68717876002226
4636696-1-2,13.71784590857049,13.642224964405726,13.643803205745403
4636696-1-1,15.129234226249327,14.531116980672486,14.48485773832533
4636698-1-2,14.384535865760196,14.208868238777749,14.198329717714746
4636698-1-1,14.193863171678402,13.724936875397782,13.774530442495864
4636698-1-3,13.91053649282938,13.658521370016514,13.653240197375101
4636699-1-1,15.24262693360442,14.971009830129036,14.975400291860133
4636700-1-1,13.458835614025542,13.366732621566294,13.36082205109965
4636701-1-1,13.592367006650065,13.165664198196701,13.2353695752356
4636702-1-1,12.948009990259552,13.35495817155669,13.338354641309323
4636702-1-2,13.997832114758229,13.581551624112812,13.535447406071414
4636704-1-1,14.077874822431763,14.121296429702559,14.10351973000867
4636705-1-2,13.062259475458516,13.28563686400014,13.354240953287192
4636705-1-1,13.97525499210694,14.027238914463322,14.00979513938722
4636706-1-1,13.664687668229693,14.219740704113622,14.235315877604853
4636707-1-2,15.770899427389224,15.370456100929115,15.494531606624932
4636709-1-4,14.48333993053993,14.789948991286803,14.703652938079104
4636709-1-6,13.304684934198283,14.677051734727101,14.631596077614562
4636709-1-7,11.982929094215963,14.060763424114011,14.136113856691843
4636710-1-2,13.774615058138403,13.664756898564297,13.650289062744832
4636711-1-2,12.206072645530174,12.311839372844414,12.250036340792796
4636712-1-1,15.319587954740548,15.79405465041793,15.72687114074053
4636713-1-1,13.710150042306449,13.8468728712507,13.830706380957661
4636713-1-2,13.458835614025542,13.214468756450197,13.177784911403293
4636714-1-2,13.304684934198283,13.456024056625349,13.470514930216375
4636716-1-2,14.180068685302066,14.189421967200524,14.198416130318728
4636718-1-1,13.728499203701915,13.934833639305479,13.993351542683259
4636719-1-3,15.150511624696614,15.367197751477532,15.392826449336278
4636719-1-4,14.50865773852422,15.291336267885203,15.25484966741119
4636720-1-1,13.815510557964274,13.777238378306608,13.809676679464703
4636722-1-2,13.743938761227865,13.942864230296546,13.924486340627018
4636722-1-1,13.644388180600252,13.330959718443454,13.326417699451502
4636723-1-2,13.90004562141882,13.871112795137007,13.877516802572785
4636724-1-1,12.611537753638338,12.732138397567608,12.744148626840616
4636724-1-2,13.76408850528773,13.243271324337165,13.267448205895
4636725-1-2,16.11809565095832,15.933734929648873,15.970400092397627
4636726-1-1,14.822859990353258,14.170838401398196,14.163320175741125
4636726-1-2,12.415793197627108,12.349723363139983,12.351941173472797
4636729-1-1,14.403297222866392,13.215661190152659,13.163173549146098
4636729-1-2,13.9108207377686,14.346102915648016,14.325881992286458
4636729-1-3,11.695247021764184,11.166335370734492,11.058653819934683
4636730-1-3,14.50865773852422,14.236011831508254,14.219752099828694
4636732-1-1,14.73180128983843,14.77998965114714,14.68444596277677
4636732-1-2,13.592367006650065,13.621034344374834,13.760501910346777
4636733-1-1,13.122363377404328,12.659319853191636,12.695511058760939
4636734-1-1,13.122363377404328,13.722362219694912,13.729503106204257
4636734-1-2,13.679368259890532,13.318197654926108,13.240837244002963
4636734-1-3,13.644388180600252,13.881703063486414,13.878185174355465
4636735-1-3,13.399995114002609,13.126251304733765,13.15055994501194
4636736-1-1,15.06340454934814,15.40082333056335,15.424507692082582
4636737-1-2,13.743938761227865,13.63451257346315,13.637481536159086
4636737-1-3,13.675619557261449,13.492589155315319,13.46289618509938
4636737-1-4,13.743938761227865,13.511957940873607,13.564092299154302
4636738-1-1,16.3727378693319,16.337880361047567,16.377590887478284
4636739-1-1,14.011214359259046,14.058518978601613,14.078320509392444
4636740-1-3,13.081541382884074,13.090247616474686,13.05555382502288
4636741-1-1,13.304684934198283,11.599188346380437,11.653543048675148
4636742-1-1,15.475831680712943,15.609886262939208,15.575350745448475
4636742-1-2,15.390357025628756,15.472516539177647,15.374468863894238
4636743-1-1,13.815510557964274,15.425688597684365,15.318345654698998
4636743-1-2,14.50865773852422,14.903310216466611,14.916192565840518
4636744-1-1,13.997832114758229,13.517831191817715,13.553460397121306
4636746-1-1,10.819778284410283,11.928397294672417,11.892414959335591
4636747-1-5,13.987257756949068,13.87860392415899,13.859669871355226
4636747-1-1,14.119221694564278,13.81285579850654,13.81176388693486
4636750-1-2,12.765688433465597,12.52978216157041,12.59960961803493
4636750-1-3,14.054693586367048,14.162495047707553,14.165356758111187
4636751-1-1,14.29868395881073,14.494408142788087,14.494522541062494
4636751-1-2,14.198275540078296,14.11456108425787,14.168841420565705
4636752-1-1,13.592367006650065,14.101872106612639,14.020352112055992
4636753-1-1,13.56864023998032,13.740897306983797,13.75895661419233
4636753-1-3,14.796339842226,14.305450833573467,14.344760909503867
4636754-1-1,13.826329508982449,14.03591979170828,14.064944665463598
4636754-1-2,14.04718640549263,14.04001518884188,14.017632466901755
4636755-1-1,14.502745797387467,14.08541452934479,14.090070203446015
4636755-1-2,14.341224769593474,14.412687104894008,14.35101528404124
4636757-1-1,13.990507018293162,14.280692155141734,14.330429619298672
4636759-1-1,13.815510557964274,13.969189516950467,13.978000284792781
4636759-1-2,12.89921982609012,13.517069417694406,13.409474410470885
4636760-1-2,15.201804919084164,14.761254197832955,14.71959482078623
4636760-1-3,14.343684844634902,14.413282409805218,14.46629599401438
4636761-1-2,14.51364528003526,15.25009019170646,15.260176093837389
4636762-1-1,14.648419680899378,14.805351393932705,14.816071993901053
4636762-1-2,15.555976732804778,15.565774763985639,15.602954924936123
4636763-1-1,13.815510557964274,13.821814821923187,13.881699079949804
4636763-1-2,14.547017985428733,14.627795155845611,14.624578383500506
4636764-1-1,13.304684934198283,13.416154890539563,13.396982302416834
4636765-1-1,16.24325876450056,15.183244314453576,15.135795632855272
4636765-1-2,15.28184766521924,15.473323977499238,15.471903607927858
4636766-1-2,12.611537753638338,13.204390361261053,13.241162780603224
4636766-1-1,13.304684934198283,13.416914369701182,13.389708467145908
4636768-1-1,14.039986521223314,13.662693962582932,13.68290822831238
4636770-1-1,14.914122846632385,14.039986460897682,14.061764902107104
4636771-1-2,14.436087045689384,14.709651577113213,14.749210277119913
4636772-1-2,14.381129079107616,14.45162067212652,14.45126151625282
4636773-1-3,14.346138809026444,13.774513832279498,13.815280510562221
4636773-1-4,13.675619557261449,13.831304037817691,13.816639968833382
4636774-1-2,15.46577049691863,15.184368459389898,15.18714620569091
4636774-1-1,15.01948333729021,15.199119863930164,15.26361504968975
4636775-1-3,11.918390573078392,13.314664344327486,13.281468005642942
4636775-1-2,11.289781913656018,12.06229351941632,11.99833491429516
4636776-1-1,13.710150042306449,13.485460270497121,13.479714684612052
4636777-1-1,13.815510557964274,14.810159034066649,14.838458471354178
4636778-1-2,14.022660185653384,13.959732721485727,13.975863882682292
4636778-1-5,11.289781913656018,12.421687915914335,12.408830479863436
4636778-1-1,13.999913280962051,14.323633551258569,14.315473907678772
4636779-1-4,13.675619557261449,13.639180343663947,13.64431307499017
4636779-1-2,13.745037663211583,13.772120914705413,13.788445067025087
4636779-1-5,13.745037663211583,13.813276171438627,13.772692468846474
4636780-1-1,15.586216617994497,14.91891252637975,14.902706364202974
4636782-1-1,15.201804919084164,14.40098425288972,14.389595858578947
4636783-1-1,14.417638340137051,14.427967329024346,14.41956593260014
4636783-1-2,14.403297222866392,14.323782420267673,14.402010268884668
4636784-1-1,14.978661367769956,15.591618225500344,15.628391495644067
4636785-1-1,13.766446028035,14.031703045254854,14.053213791863088
4636788-1-1,13.776720871905466,14.019103681370522,14.003654962465701
4636788-1-2,14.914122846632385,13.963730422526373,14.00936847203775
4636789-1-1,14.2401244849112,14.076163731471494,14.072053429851854
4636789-1-2,13.997832114758229,14.157660140263443,14.171419327168898
4636790-1-1,13.081541382884074,12.944752414634621,13.054153064175257
4636791-1-3,13.73334526064868,14.016656742475588,14.039767616650547
4636791-1-1,13.815510557964274,13.61165609403867,13.628383332745988
4636791-1-2,13.675619557261449,13.918766789540825,13.960716436041835
4636792-1-1,15.201804919084164,15.231650375198148,15.321443762489652
4636795-1-3,14.914122846632385,14.39302385311034,14.384701132505155
4636795-1-5,12.206072645530174,12.250147864704648,12.159248187249618
4636795-1-6,13.743938761227865,14.133690786452414,14.182340422886915
4636796-1-1,15.009433026436708,14.52008529646025,14.494988565862391
4636797-1-1,14.0687649921052,14.33774062177247,14.352722586989874
4636797-1-3,14.53335035111459,14.563859513818052,14.610304305550036
4636798-1-1,13.743938761227865,13.956714569178054,13.963374757862582
4636799-1-1,13.815510557964274,13.405294513742744,13.627327370068672
4636799-1-2,13.527828485512494,13.589438342766982,13.654312325077813
4636800-1-1,13.592367006650065,13.622188682636876,13.595668182346543
4636800-1-2,11.918390573078392,13.219272264605687,13.20308559412012
4636801-1-1,13.997832114758229,13.775403348671162,13.737600418708348
4636802-1-3,12.89921982609012,13.539940327413502,13.476996950358535
4636803-1-1,13.56864023998032,14.022732514922687,14.059233102216474
4636804-1-1,14.39865688982152,14.406788533483223,14.439332740093464
4636804-1-2,13.592367006650065,13.670429628274363,13.684221400699949
4636805-1-1,13.122363377404328,13.372658934949053,13.351448884137557
4636805-1-2,13.696965732219487,13.645891828138478,13.683235077715736
4636806-1-1,14.926545366630942,15.152485855840812,15.137863344157752
4636807-1-1,13.790192749979983,14.024904671425046,13.991487180513193
4636807-1-2,14.0752131101395,13.86133490926264,13.880333177841644
4636807-1-3,13.304684934198283,13.268348300082655,13.23248375766474
4636808-1-1,13.122363377404328,13.227988197110491,13.26042724520631
4636809-1-1,10.819778284410283,12.88973911507836,12.896104757740368
4636811-1-1,13.487006490992238,13.511604651881944,13.484834248868244
4636811-1-2,13.304684934198283,13.421486472962052,13.381351396956335
4636812-1-1,13.815197946606435,13.715137374986732,13.685006692814762
4636812-1-2,13.592367006650065,13.460104112576813,13.430986872364752
4636813-1-1,13.304684934198283,12.968176753071234,12.970030050150507
4636814-1-2,13.56864023998032,13.441228869243162,13.397086202529783
4636815-1-1,14.143526425786495,13.759732140647671,13.77239996853265
4636816-1-1,13.304684934198283,13.466791084821237,13.443875000809605
4636818-1-1,13.641157170819495,14.007698700192897,13.980158805982477
4636820-1-2,14.22097566607244,13.735275859293484,13.632571921632278
4636820-1-1,14.301018373745976,14.2514748239714,13.96306413468346
4636821-1-1,13.815510557964274,13.838111808578926,13.804494757827072
4636823-1-1,15.841463436671146,15.367877927163542,15.342032468702241
4636823-1-2,15.28184766521924,15.131413877690955,15.12642779505098
4636826-1-1,15.60727002719233,14.526845894648984,14.532192088116354
4636828-1-2,14.197365800433303,14.073312179035707,14.10216694565393
4636828-1-1,14.234220892822458,14.260689680276577,14.276503057564822
4636829-1-1,14.0544310955243,14.181521230162641,14.150267951948946
4636829-1-2,13.85633257248453,13.817716339869191,13.824679911991716
4636830-1-1,13.790192749979983,13.821747028096494,13.808551193886618
4636830-1-2,13.710150042306449,13.581869711081483,13.598988319841414
4636831-1-2,14.603967918328545,14.715078343030717,14.765618105392535
4636832-1-2,13.675655211227063,13.371109526553953,13.360535137339404
4636833-1-1,13.706439486144111,13.799337492652006,13.755798025105715
4636834-1-1,14.706775131627902,14.106147409989527,14.110790568272868
4636834-1-2,13.938550308409337,13.811602057921721,13.780289761386413
4636835-1-1,13.592367006650065,13.944797418258437,13.892609741648299
4636836-1-1,13.997832114758229,13.704144184139984,13.721199016973145
4636836-1-2,13.997832114758229,13.36262626932608,13.469708694803206
4636837-1-1,13.304684934198283,12.069146149519563,12.069059129897461
4636837-1-2,13.633188976170318,13.935307532659001,13.93701099852917
4636837-1-3,14.0623706358958,14.00605539619442,14.012064988880402
4636838-1-1,13.815510557964274,13.68984993123427,13.680477870066728
4636838-1-2,13.997832114758229,13.657015364107863,13.682770100411878
4636839-1-1,13.815510557964274,13.882365527773104,13.887340810604895
4636841-1-2,14.151982794585487,13.764456875743202,13.793832190170145
4636842-1-1,13.675619557261449,13.716804330754792,13.697055627362548
4636843-1-1,13.710150042306449,13.594136705583335,13.560461039825324
4636843-1-2,13.304684934198283,13.655556766551559,13.655314892873797
4639992-1-1,12.611537753638338,12.833272083212206,12.830076158387802
4640528-1-1,11.918390573078392,12.461209397518349,13.36317358984575
4640529-1-2,13.973833415000485,14.061181824129484,14.154318558050399
4640530-1-3,14.346138809026444,14.813935539562266,14.8910991763949
4640530-1-4,15.056779147033907,15.042392647554971,15.00156748551316
4640530-1-5,14.61166548859845,14.573484504187851,14.611821087645186
4640531-1-1,14.648419680899378,15.488500320740917,15.580025103940711
4640531-1-2,14.73180128983843,14.396229320642256,14.468145752111047
4640533-1-3,13.815510557964274,13.503977883157633,13.474327583934649
4640533-1-4,14.092190610794573,13.828883043560687,13.816649015367958
4640533-1-5,14.52692861731201,13.89549603540001,13.884291700635941
4640533-1-6,13.675619557261449,13.958085840495938,13.96817146603367
4642046-1-1,12.206072645530174,12.192090322022265,12.077627373685532
4642046-1-2,13.592367006650065,12.809765043575396,12.77232660606287
4642047-1-2,13.997832114758229,14.025851337613222,14.010386995230878
4642049-1-2,13.815510557964274,14.806645612198874,14.820003914971602
4642050-1-1,14.101190596432756,14.128523523783329,14.16443674663375
4642051-1-1,13.997832114758229,13.911948274823443,13.920228059388489
4642051-1-2,13.997832114758229,13.867017861151421,13.854221075030747
4642051-1-3,13.997832114758229,13.777595799725413,13.757500840664624
4642052-1-1,14.346138809026444,13.704269090834645,13.69705457875736
4642052-1-2,14.346138809026444,14.693221979462702,14.680162150461001
4642053-1-3,13.743938761227865,13.881295144355054,13.864715481686876
4642053-1-6,14.22097566607244,13.24361181355078,13.260025557794647
4642054-1-1,14.190432348521368,13.85733361245928,13.827527344304942
4642054-1-2,13.973833415000485,13.945169603721087,13.92779028002918
4642055-1-1,13.815510557964274,13.851858270961085,13.838173095034913
4642057-1-1,13.710150042306449,13.649617017801221,13.632439553618454
4642057-1-2,13.592367006650065,13.121930718670818,13.053279390217314
4642057-1-3,14.466967333190253,14.640178474686337,14.60600628512953
4642059-1-1,13.644388180600252,13.743802661025194,13.721053640421838
4642059-1-2,13.815510557964274,13.58296204466685,13.585958229644785
4642059-1-3,13.56864023998032,13.622556053828797,13.601614342679767
4642060-1-1,13.92536860703908,13.93764712394931,13.92055861418878
4642062-1-2,14.849584325494812,14.39814274489145,14.3855829728082
4642064-1-1,11.982929094215963,11.338797422508408,11.33274782905168
4642064-1-2,13.790192749979983,13.474953133485807,13.46878169829327
4642065-1-1,14.062275025856556,13.995932106433292,13.99261837401324
4642068-1-3,14.50865773852422,14.0073326983404,14.011071807595215
4642069-1-1,14.151982794585487,14.095973102198728,14.101731013749967
4642070-1-2,13.568330428821824,13.652678242598517,13.652595246461315
4642070-1-3,13.487006490992238,13.456517087696255,13.483699331014357
4642073-1-4,13.815510557964274,14.929011044278388,15.038349465058882
4642073-1-5,13.592367006650065,13.973386194186462,14.02945449427871
4642074-1-2,13.997832114758229,14.62094237325442,14.586164396895919
4642075-1-2,14.761360092079974,15.370654478947765,15.485866135490463
4642076-1-1,14.077874822431763,14.060546312425442,14.07606151865794
4642076-1-2,13.464770379131156,12.954220474576626,12.987945426600445
4642077-1-1,14.082641137790215,13.991519724798694,14.0029582455342
4642077-1-2,13.664687668229693,13.46562636123266,13.52744007425019
4642078-1-1,14.12788521251862,13.764777791793689,13.757322408730424
4642079-1-1,13.56864023998032,13.593573644044465,13.636128391811628
4642079-1-2,13.675619557261449,13.519457678379897,13.468502876802695
4642079-2-1,13.652991628466498,14.007197101641312,13.995094991718965
4642080-1-1,13.997832114758229,13.702922698751644,13.751887547375295
4642080-1-2,13.764217263576723,13.4733541290375,13.522710484471034
4642082-1-1,13.769338535344216,13.873718765416937,13.858709993481673
4642082-1-2,13.64461391261178,13.559147506653014,13.504926486837247
4642082-1-3,13.675619557261449,13.888438434537756,13.866606562615853
4642083-1-3,12.206072645530174,11.437908211457037,11.593202998703276
4642083-1-5,14.403297222866392,14.188837081360118,14.184028831824742
4642083-1-6,13.7702199351258,14.408540585101834,14.454732515188065
4642085-1-1,13.988563775254418,14.214717967029049,14.226602870474462
4642085-1-2,14.114350925693268,14.419050991340912,14.372028627445383
4642086-1-1,13.71115918572768,14.303961847030113,14.249215549918807
4642087-1-1,12.206072645530174,11.906528837654127,11.897703103914267
4642087-1-2,13.710150042306449,13.466818522960416,13.449738809333924
4642087-1-3,14.14039999000759,14.009527172692408,14.013725084398397
4642087-1-4,14.403297222866392,13.81113640028745,13.7957957106254
4642088-1-1,11.84939770159144,11.1629981357227,11.14654153427756
4642088-1-2,12.542544882151386,12.122954231029723,12.17432835470368
4642089-1-1,15.424948470398377,15.773877851532054,15.704480625124267
4642089-1-2,14.360737608447597,15.157969535165467,15.029922472561879
4642089-1-3,13.122363377404328,14.114615544547272,14.134463192166939
4642089-1-4,13.592367006650065,13.456305993347295,13.3109302133872
4642090-1-1,13.891255466392185,13.921210079028652,13.891848719672575
4642090-1-2,10.308952660644293,12.05834041506207,12.06362330862459
4642090-1-3,13.710150042306449,13.153608502226097,13.091988902270423
4642092-1-1,12.542544882151386,13.426369526870243,13.406780260304648
4642092-1-2,12.793859310432293,13.253536463082735,13.267258263973734
4642093-1-1,12.89921982609012,13.009457997590614,13.060878687501324
4642094-1-1,13.369223455335854,13.111298499401324,12.8517752623627
4642094-1-2,14.256649310552657,13.900344333904927,13.879515906324164
4642094-1-6,13.95371563688229,13.780781067879195,13.781172714256988
4642096-1-1,13.94188855092439,14.027869483660602,14.046577510173025
4642097-1-3,13.674330920509172,13.06726845689064,13.073956811990668
4642098-1-1,14.505257464137957,14.585363448754329,14.541646773115868
4642099-1-1,13.592367006650065,13.606291399299861,13.578384984527032
4642099-1-2,12.89921982609012,12.835139604131088,12.803886627071106
4642100-1-4,13.38472764187182,13.179187099903835,13.184127738794073
4642102-1-1,13.9361437502848,13.684027734774784,13.693161477333339
4642103-1-2,12.765688433465597,12.512340900391699,12.41428501642356
4642104-1-1,12.89921982609012,13.26416411983977,13.216941961402453
4642105-1-1,13.567049198665774,13.808062585914847,13.771898796888324
4642106-1-1,14.346138809026444,14.260253372471096,14.266078400561307
4642107-1-3,13.675620707409212,14.10072119978605,14.096430234681169
4642108-1-1,13.806398607447075,14.217076855716396,14.217405453926865
4642109-1-1,13.592367006650065,13.582298864235932,13.65115531903867
4642110-1-1,13.304684934198283,12.681675367522127,12.674514123859248
4642110-1-2,12.89921982609012,12.5511203942211,12.562573007894835
4642110-1-3,13.815510557964274,13.587236614917792,13.531475468836712
4642111-1-1,13.997832114758229,13.592923064812773,13.536278549845155
4642112-1-1,11.829858039716823,11.863571670250163,11.79668599464836
4642113-1-1,13.997832114758229,13.628190228931235,13.647951219540555
4642114-1-1,13.38472764187182,13.358904293443915,13.417133830268222
4642114-1-2,14.178068165061164,13.832665465337227,13.860601948837663
4642115-1-1,14.950133284155417,15.689490853169577,15.678999951767663
4642115-1-2,14.845129975145433,15.074685436738433,15.0945736478474
4642115-1-3,11.156250521031495,12.963060079162076,12.893325533486102
4642116-1-1,13.592367006650065,13.80539219329842,13.80532347323063
4642117-1-1,14.584846838271726,14.068571905470199,14.088294891886763
4642117-1-2,14.33917994632619,14.040075111706376,14.014313591994899
4642118-1-1,13.741454555613943,13.781762608304819,13.791138419888467
4642119-1-1,15.377157771596991,15.219119898745499,15.235988433052356
4642119-1-2,15.20717652862268,15.129645231030812,15.096213377656666
4642123-1-3,14.796339842226,14.810637557669772,14.792312471956793
4642124-1-1,14.77102200299171,15.223396121058148,15.232019022968599
4642125-1-1,13.697740022229766,14.67797802246058,14.650823606719769
4642125-1-2,13.122363377404328,13.117989110551003,13.15217466931311
4642125-1-4,13.686312619492591,13.808240701713194,13.806839444148785
4642126-1-1,14.082258277960475,14.1480839110577,14.130252494365418
4642128-1-1,13.73154290777137,13.97518855213523,13.982670505185324
4642128-1-2,13.835313185260452,13.698560814148799,13.66657085172337
4642129-1-1,14.50865773852422,13.590244341544098,13.5532602221133
4642129-1-2,13.633188976170318,13.648798697039197,13.660990414950156
4642129-1-3,12.89921982609012,12.896956685926126,12.880296154817074
4642130-1-1,14.446782334806132,14.189519664363273,14.168928988264973
4642130-1-2,13.915808279279638,13.785068354610965,13.740142200862747
4642131-1-1,12.89921982609012,13.190802136171058,13.267184258945449
4642133-1-1,12.948009990259552,13.189528310906152,13.202275471477156
4642133-1-3,13.017002861746503,13.11839193497917,13.112375704994035
4642134-1-2,14.498377262554149,14.232828409992704,14.260742367284925
4642135-1-1,14.497596791164794,14.743501344162272,14.684109864302012
4642140-1-1,14.055314550171593,14.030867418316445,14.007986448976547
4642142-1-1,13.8136284754576,14.17042959350518,14.147843815537993
4642144-1-1,13.527828485512494,14.187466591440977,14.125959882495208
4642144-1-2,13.775656259137971,13.49453909236808,13.804059234210538
4642145-1-1,13.56864023998032,13.931244986972123,13.930687599578489
4642145-1-2,14.220086354085064,14.452476508801416,14.429569119849695
4642147-1-1,14.151982794585487,13.99334654467767,13.989010565023502
4642147-1-2,14.382363522815192,14.03150739633843,14.06301523375471
4642150-1-1,13.815510557964274,13.332757965402886,13.31634827923631
4642150-1-2,12.765688433465597,13.136307617510562,12.948203759719336
4642151-1-1,13.956720690336349,13.839668426308513,13.902174189929761
4642151-1-2,13.696727021974308,13.764039798868794,13.812379018099662
4642151-1-3,13.710150042306449,13.487697892167233,13.553324732635499
4642152-1-2,13.743426843310507,13.757187993811606,13.766227084413918
4642152-1-4,13.675619557261449,13.92837059153093,13.938462114052035
4642152-1-6,13.710150042306449,13.736017683634264,13.737405988810158
4642152-1-7,12.948009990259552,12.639355931216242,12.669866238712604
4642153-1-1,13.72059859885956,13.981072996141878,14.002875485895599
4642154-1-1,13.458835614025542,12.988405440877605,13.101112485795086
4642154-1-3,14.038654109278484,13.471906474674034,13.537093627514913
4642155-1-1,13.696964606361512,13.981581697875857,13.946819198851124
4642156-1-1,13.713711470662824,13.843072294882992,13.871626230746088
4642158-1-2,13.592367006650065,12.781576896094586,12.776627115510616
4642159-1-3,14.50865773852422,14.527864589099968,14.522846990151754
4642161-1-2,13.592367006650065,13.667503497151781,13.705560539878276
4642161-1-3,13.696964606361512,13.794680043354013,13.802362206081142
4642161-1-4,13.730182490686293,13.956284000854774,13.95310150753146
4642162-1-1,13.979911983204554,14.106154315388103,14.145816644470713
4642162-1-2,14.181310380778273,13.65863471067906,13.627615611532384
4642163-1-1,14.796339842226,14.480955855731374,14.456205076227642
4642163-1-2,12.89921982609012,12.801435092464514,12.709328352729445
4642164-1-1,13.919570190340238,13.80228845870926,13.819432452191121
4642164-1-2,13.747945260758094,13.927840042562865,13.943109504107086
4642165-1-1,12.24630726758099,13.809768139601976,13.803865185260262
4642167-1-1,14.112152402758785,14.016453179279326,14.026854878411083
4642168-1-1,13.592367006650065,13.894901371085629,13.826827419109966
4642168-1-2,13.592367006650065,13.543234439389435,13.573390543865818
4642169-1-2,13.90004562141882,14.081246161368389,14.070054594590333
4642169-1-3,13.9900611656598,14.000822745160981,14.011721892546124
4642170-1-1,14.989024129032304,15.044241950839346,15.013300449342529
4642170-1-2,15.545690058552406,15.012342990819393,14.96417662612828
4642171-1-1,14.122995257712237,14.14627943512756,14.13614231020332
4642173-1-2,13.997832114758229,14.918666013762607,14.898888149841355
4642174-1-1,14.13517564600276,14.948870669887473,14.982789907895016
4642174-1-2,16.133772130343328,15.025909159949151,15.024017669794185
4642177-1-2,13.675619557261449,13.698182685635826,13.719973588019045
4642179-1-1,12.611537753638338,12.592730997173357,12.622315182933601
4642180-1-2,13.692400884364842,13.683656581173713,13.700020338712054
4642180-1-4,14.034815551432834,14.035721280473664,14.061707363795845
4642182-1-3,13.645602039642446,13.850455187641167,13.865152077817228
4642182-1-4,14.077874822431763,14.341206967965535,14.321316877943875
4642182-1-5,13.122363377404328,13.640361903775815,13.64082466160971
4642183-1-3,13.997832114758229,13.864794498039508,13.853513201829841
4642184-1-1,13.815510557964274,13.616028895648144,13.611403413177031
4642184-1-2,13.710150042306449,13.728564032505437,13.444488761970497
4642185-1-1,13.75456842871644,13.92055490468659,13.925886313884877
4642186-1-1,13.81217167760177,13.761461855344278,13.7841750598952
4642186-1-4,13.56864023998032,13.58006045928742,13.608808941242378
4642187-1-1,13.592367006650065,13.191945452428397,13.218848025532653
4642188-1-1,13.815510557964274,14.109683176027342,14.071242784240253
4642189-1-1,13.790192749979983,14.042821354990936,14.040390580665
4642190-1-1,14.50865773852422,13.96298996616347,13.9582145223492
4642191-1-1,12.611537753638338,12.243933500604014,12.24803925346574
4642191-1-3,13.832575126470845,14.016298564936099,13.977381469610505
4642192-1-1,14.1579175596911,13.937446901415765,13.945059630174384
4642192-1-2,13.815510557964274,13.167416405028435,13.179062527407728
4642192-2-2,13.592367006650065,13.435306894036797,13.418290812054318
4642192-2-4,13.592367006650065,13.229080651909914,13.193401903425523
4642193-1-1,13.751730149386743,13.770472434935646,13.74443801332199
4642194-1-1,14.077874822431763,13.614589153046214,13.622375056881218
4642194-1-2,13.304684934198283,12.791857155022367,12.797159368095222
4642194-1-4,13.017002861746503,13.50943310259065,13.507543865548302
4642195-1-2,13.633188976170318,14.100842482194693,14.106793471545663
4642196-1-1,13.815510557964274,13.716044194382047,13.697441847803336
4642196-1-2,13.815510557964274,13.125588973344206,13.10502605762394
4642196-1-4,13.369223455335854,13.392569082030644,13.420838415754472
4642199-1-2,13.675619557261449,13.609682265776227,13.639330183347969
4642201-1-1,13.458835614025542,13.468228053539644,13.513094430823775
4642203-1-2,14.143614574926977,14.190279648729103,14.172119210409603
4642204-1-1,12.89921982609012,13.62101631093948,13.628811356775167
4642204-1-2,13.304684934198283,13.809043002577278,13.85628437778972
4642205-1-2,13.815510557964274,13.535113484505711,13.498058171143843
4642205-1-3,14.22097566607244,13.40913771710503,13.401602325968138
4642206-1-1,13.815510557964274,13.551804136368258,13.565627585168608
4642206-1-2,13.940673737682983,14.012879422560081,14.026869642557973
4642207-1-1,13.985150057176456,14.235283465705681,14.259035816664472
4642207-1-2,13.369223455335854,13.6633609509735,13.616404311585642
4642208-1-1,13.710150042306449,13.541744079761774,13.558549097878817
4642209-1-3,13.745037663211583,13.71782289240321,13.705890667101205
4642210-1-1,13.86893532290367,14.191898330689508,14.217089895719356
4642211-1-1,9.903487552536127,11.415262469391665,11.428213771145176
4642211-1-3,13.675619557261449,13.868169627867136,13.865208394250953
4642211-1-5,13.675619557261449,13.667360053796427,13.68681957337373
4642211-1-6,13.743938761227865,13.829215819530466,13.840523347908194
4642212-1-2,13.304684934198283,13.48438934637168,13.476113486409368
4642212-1-4,13.592367006650065,13.553158523556679,13.587536080999454
4642213-1-2,13.675619557261449,13.808220523682087,13.804357215567881
4642214-1-1,13.92574909421057,13.853679646428926,13.84485127324668
4642214-1-2,13.693666388618896,13.61171301034471,13.559389886530175
4642216-1-1,13.458835614025542,13.970128664098286,13.975804545097155
4642217-1-1,13.77468856344402,13.15710609687418,13.209877002733855
4642217-1-2,13.304684934198283,12.962456708977859,12.941726122154025
4642218-1-1,13.823168597682898,13.714885797058948,13.733719322955174
4642218-1-2,13.809612888349772,14.14730295278831,14.165311627790654
4642219-1-1,13.122363377404328,13.929012264938063,13.862538649645444
4642219-1-2,13.815510557964274,14.161416154969507,14.128895682368546
4642220-1-1,13.790192749979983,14.0948032271206,14.118456214150617
4642220-1-2,13.527828485512494,13.832206646983517,13.838216755299433
4642221-1-1,12.611537753638338,12.362674387803288,12.346685388853116
4642222-1-1,14.437877578824532,14.177600070157172,14.177585802831356
4642222-1-5,13.592367006650065,13.223522995960241,13.210172870967144
4642223-1-1,14.151982794585487,13.69890450114682,13.67318385859979
4642223-1-3,13.710150042306449,13.764171303399529,13.762346299521589
4642225-1-1,15.068273526459642,14.186722274480559,14.195916385647825
4642225-1-3,13.879934424091712,14.128203349254822,14.126776222608955
4642227-1-1,13.698976741708323,13.994628923453128,14.013395572256536
4642228-1-3,15.14125841921613,14.281526181515714,14.318452190908776
4642228-1-4,13.458835614025542,13.357921827965159,13.385386995373127
4642228-1-5,14.99416555430592,14.262690390439333,14.2867335281565
4642229-1-1,14.03052324319496,14.106932443011312,14.07440233248525
4642230-1-1,13.650331623199037,13.9803941337043,13.98272344305356
4642230-1-2,13.688898386508702,13.781697433129194,13.796031852003345
4642231-1-1,13.747945260758094,13.993549300850004,13.997056926056482
4642232-1-1,12.611537753638338,13.586709942845113,13.554968309895239
4642232-1-2,14.22097566607244,14.26042401886148,14.297927265419327
4642233-1-1,13.527828485512494,13.8656379349926,13.884322561948906
4642235-1-2,13.675619557261449,13.719174569764888,13.709183769436729
4642236-1-1,11.002099841204238,12.497525107168453,12.510973500078189
4642236-1-3,13.641157170819495,13.330032061337523,13.363171711421595
4642237-1-1,14.077874822431763,13.929039147376766,13.927361765480555
4642237-1-3,14.725112268130584,14.065400494384367,14.07214693074012
4642237-1-4,13.835313185260452,13.456935796194454,13.475755643310947
4642237-1-6,14.488392593032987,14.121238418315329,14.113871260361101
4642237-1-7,14.348221565054123,13.932641163527578,13.958437115996455
4642238-1-2,13.743938761227865,14.110005829765052,14.157873836484592
4642239-1-2,11.512925464970229,12.640418567889498,12.752248822768351
4642240-1-1,14.332517040805346,14.48555949931737,14.478651878123829
4642241-1-2,13.592367006650065,13.419354589034274,13.455486203257124
4642241-1-4,13.675619557261449,13.599712872711228,13.638297417356954
4642242-1-1,13.675619557261449,13.78777085034851,13.790483240326566
4642243-1-1,13.997832114758229,13.293150904280482,13.288323374666566
4642243-1-2,14.144814305106877,13.74395284791031,13.80355320742189
4642244-1-1,14.158878517912711,14.485799277793822,14.499326972741382
4642244-1-3,13.56864023998032,13.924501460400935,13.943086018401589
4642244-1-4,14.370282849370824,13.98782245862902,13.989190093846503
4642246-1-1,13.592367006650065,13.941218080968092,13.921636132757461
4642246-1-2,12.89921982609012,13.781631305081683,13.802655475154868
4642246-1-3,13.710150042306449,13.497036961648687,13.457773820394262
4642247-1-1,13.713165975914263,13.862135949501056,13.840707391832057
4642247-1-2,14.661378825541885,13.988999532268783,13.984346947190796
4642248-1-1,13.74949861854558,14.18327576035961,14.163867025246194
4642248-1-2,13.60787119318603,13.779983728669006,13.780930831102916
4642248-1-3,13.645602039642446,13.94691094298773,13.96893029181915
4642250-1-1,13.764217263576723,13.452852295708047,13.435552355439807
4642250-1-2,13.263862939678027,13.23879267796615,13.206413711452523
4642251-1-1,13.678631066707526,13.873958521141077,13.882906421377228
4642252-1-1,13.710150042306449,13.844435166580007,13.807012812715362
4642252-1-4,14.151982794585487,13.942922758437438,13.962492771268392
4642254-1-1,13.963930563082547,14.043932236596858,14.064747823600847
4642255-1-1,12.611537753638338,12.982939628081196,12.960123539582122
4642256-1-1,13.743938761227865,13.67266378598944,13.689536837746997
4642257-1-1,13.122363377404328,13.554410067011865,13.501719323994738
4642257-1-2,12.05524975579559,11.767329617837678,11.827956246127572
4642258-1-2,13.675619557261449,14.054967994831244,14.046371391446488
4642259-1-1,13.60014914709212,13.852156018495634,13.841886744270969
4642259-1-2,13.60014914709212,13.794259260421946,13.784158292445628
4642259-1-3,13.71707048515102,13.864242642901615,13.909446275854702
4642263-1-2,13.304684934198283,13.390927965697369,13.395155868315907
4642263-1-3,13.56864023998032,13.228935880322366,13.234046523143766
4642263-1-4,13.675619557261449,13.944118605567596,13.944359832132227
4642264-1-1,13.697514999726566,13.783981259307055,13.81840135094983
4644932-1-1,13.9108207377686,13.806152051540485,13.78311767374892
4644932-1-3,14.914122846632385,13.619208073997397,13.575906055061747
4644932-1-5,14.22097566607244,13.524508482218542,13.597073697212934
4644932-1-6,13.743938761227865,13.616948475370421,13.608435110908061
4644934-1-3,14.020390439179968,13.981187796779093,14.00128890995245
4644934-1-7,14.213085285397622,14.24074220518586,14.241022563629233
4644935-1-1,13.77264096072316,13.924866127131873,13.89953389409892
4644935-1-2,13.774615058138403,13.917588621841189,13.913409072326813
4644937-1-1,14.804121951418056,14.623811971877947,14.615573736519112
4644937-1-2,14.871563232213587,14.722921857283993,14.805246049435793
4644938-1-1,13.122363377404328,13.27029142577231,13.317414049981817
4644938-1-2,13.304684934198283,12.183901439052988,12.183144242267083
4644939-1-3,14.914122846632385,14.683700291167632,14.627986462036844
4644940-2-1,13.592367006650065,13.729723480876233,13.745537923625124
4644940-2-2,13.783205317712182,13.927894987047576,13.91511663719537
4644943-1-1,16.012735135300492,15.354177306477105,15.333292652081926
4644944-1-1,15.424948470398377,14.546692312161838,14.540722624082864
4644944-1-2,15.012458747353246,15.026048682366358,15.010734917991828
4645906-1-1,13.592367006650065,13.742654957727067,13.82789744282725
4647635-1-1,13.592367006650065,13.787452537719805,13.812883202895653
4647635-1-2,12.611537753638338,12.652650402024795,12.621143741950078
4647637-1-1,13.710150042306449,13.333209592093526,13.395587282642335
4647637-1-2,12.89921982609012,12.622338641970442,12.61475789284033
4647639-1-1,13.675619557261449,13.908923551289579,13.875997840779272
4647640-1-1,13.304684934198283,12.241890301649955,12.273093483358466
4647642-1-1,13.997832114758229,14.097470104733064,14.097744763638104
4647643-1-1,14.474756208400262,14.765457334339818,14.736394421493639
4647645-1-1,15.096444403426338,15.264491017625584,15.331880997586905
4647646-1-1,13.458835614025542,13.433930105709532,13.424945353334158
4647646-1-2,12.611537753638338,12.939066048284845,12.947601782056823
4647647-1-1,13.997832114758229,15.025249039215735,15.099927048891912
4647648-1-1,14.50865773852422,14.222219250342842,14.305702109127239
4647648-1-2,16.811242831518264,15.685746699408586,15.731657706989468
4647649-1-1,13.675619557261449,13.604839654105485,13.662874148859409
4647650-1-1,12.89921982609012,13.401521016596774,13.471383178698193
4647650-1-2,13.592367006650065,13.057023846714582,13.18283853097889
4647651-1-1,12.676076274775909,14.381808047697795,14.459680788369267
4647651-1-3,13.9108207377686,14.241425713953378,14.298830201365199
4647652-1-1,14.22097566607244,14.155877203025668,14.169492444066558
4647652-1-2,12.89921982609012,13.300082779115916,13.304387150811246
4647653-1-1,13.122363377404328,12.921103415375837,12.857461457818433
4647653-1-2,13.675619557261449,13.627855105239739,13.544681060912607
4647653-1-4,12.611537753638338,13.293835471804082,13.303131265999838
4647654-1-3,13.997832114758229,14.26408778543838,14.21419051848976
4647655-1-1,13.081541382884074,12.73012719335504,12.704306785289706
4647656-1-1,12.89921982609012,13.173444782681381,13.156597275931988
4647656-1-3,14.121678950583531,13.870034022086713,13.8468413604149
4647656-1-4,14.178910538070731,13.519716649849324,13.538139573697665
4647658-1-1,13.9108207377686,13.798778070531684,13.807069040150942
4647660-1-1,12.206072645530174,13.299747863722649,13.31904598440236
4647660-1-2,13.928839243271277,13.245783296782209,13.28000453339076
4647660-1-4,13.95925012257927,13.12731545046889,13.188939299690668
4647661-1-3,13.743938761227865,14.005184870058205,14.031830600082184
4647661-1-4,13.929235927974354,13.755994059151956,13.750155891796846
4647662-1-1,13.815510557964274,13.853484835076523,13.832142048257403
4647663-1-1,15.909415067376788,14.923059375247039,14.953997311862086
4647664-1-1,13.997832114758229,13.645807211973576,13.618128566158632
4647665-1-1,14.50865773852422,14.053941903492557,14.057554070894955
4647666-1-1,13.743938761227865,14.108532486917488,14.092954095830711
4647666-1-3,13.675619557261449,13.665881822822397,13.729658567357673
4647667-1-2,13.9108207377686,13.640897383677084,13.664302963289158
4647668-1-1,13.304684934198283,13.098213800194848,13.102728836830345
4647668-1-2,14.642333589464137,14.265042083620406,14.314926277490448
4647668-1-3,14.077874822431763,13.989568013963314,14.032189047378743
4647668-1-6,14.865239890657923,14.326001154230418,14.355202632099495
4647669-1-2,13.304684934198283,13.35513037731724,13.310416408880444
4647669-1-3,13.745037663211583,13.755689859595952,13.722543306740985
4647670-1-1,13.772823283223332,13.873944413687346,13.887126625062283
4647670-1-2,14.077874822431763,13.788420070875462,13.74952492453047
4647671-1-2,11.512925464970229,11.771677223312956,11.707310775788223
4647672-1-1,13.710150042306449,13.55584820156819,13.579865881875318
4647672-1-2,12.611537753638338,13.306186876337588,13.304170671849196
4647673-1-1,13.922869113709922,13.627975177787798,13.670700294855274
4647674-1-3,14.39486041342274,14.347582966536422,14.353733832598703
4647674-1-4,14.22097566607244,14.012330902315032,14.031316820127072
4647674-2-1,14.077874822431763,13.073774280295762,13.057351723857252
4647675-1-1,16.154106120635692,15.39518734133207,15.376378869297213
4647675-1-2,14.949597208016392,15.181094664749612,15.160833691812115
4647676-1-1,12.765688433465597,12.372760669853458,12.365984679196508
4647676-1-3,11.002099841204238,11.634740263073954,11.79387664696622
4647677-1-1,13.801025846703938,13.56084516512821,13.60262937421236
4647677-1-2,13.86893532290367,13.850487892643201,13.851716806553668
4647679-1-1,13.74414310599848,13.654302189969275,13.64016545343652
4647680-1-1,15.373655176010825,15.020151377975273,14.988751914112992
4647684-1-1,12.611537753638338,13.08213630508721,13.110508047610752
4647685-1-1,14.22097566607244,13.673081346582418,13.70218203398145
4647686-1-2,13.738758757435804,13.93997836546838,13.923148316033688
4647687-1-2,13.56864023998032,13.408265881973772,13.393463812008264
4647688-1-1,13.997832114758229,14.237658582198646,14.194522342238749
4647688-1-2,14.062275025856556,14.060394275401812,14.08385715082308
4647690-1-1,15.424948470398377,15.241966876492592,15.192002590995415
4647690-1-2,15.319587954740548,15.38715495075868,15.298454858723968
4647691-1-1,13.815510557964274,13.568278706550617,13.586362676624239
4647691-1-2,13.567049198665774,13.580622419649927,13.610452652248908
4647692-1-2,14.05153953446558,14.642731276972222,14.641958918364447
4647693-1-2,14.50865773852422,13.714103644710589,13.716532773188328
4647694-1-1,14.01534453984286,14.390108382791905,14.39813256837866
4647694-1-3,13.675619557261449,13.54655312794139,13.528521385780728
4647696-1-3,15.424948470398377,15.009627211088928,15.014267486860797
4647697-1-1,11.512925464970229,12.53607849710743,12.578198812180894
4647697-1-3,14.403297222866392,14.281120478964187,14.295323860936083
4647698-1-3,13.675619557261449,13.924142761602365,13.901223013557411
4647699-1-1,14.151982794585487,13.757521919963661,13.750478004940744
4647699-1-2,13.877545948883728,13.542351044905276,13.504653673871024
4647699-1-3,13.997832114758229,13.72655245597261,13.719476888872368
4647699-1-4,13.554145793829866,13.383418944544276,13.338394185108701
4647699-1-5,13.710150042306449,13.603567161894373,13.570782608960437
4647699-1-6,13.304684934198283,13.807965566552504,13.81583542219854
4647701-1-1,14.22097566607244,15.108413867258914,15.052904487894164
4647701-1-2,14.498186417604291,14.828975181184969,14.85555683706856
4647701-1-5,14.038654109278484,14.202033909760154,14.23082745571688
4647702-1-2,13.997832114758229,14.749764927862639,14.721513883606033
4647703-1-1,14.859901321791256,14.808941191927373,14.825995390671297
4647703-1-2,13.729274539397508,14.265766328916712,14.32223186283868
4647703-1-3,16.523560759066484,14.073664694983883,14.076501874940066
4647704-1-2,13.579788224443204,11.937787736873116,11.978615320129299
4647705-1-1,15.50499114730268,15.143743229236179,15.140451165089782
4647705-1-5,14.50865773852422,13.505964322317743,13.521534422250458
4647706-1-2,12.89921982609012,13.045464168272288,13.040755450353
4647706-1-3,14.735129046708511,13.994547835924287,13.969538523403012
4647706-1-4,14.456135663178689,14.911968830474516,14.959266739092914
4647708-1-1,14.914122846632385,15.153653453394883,15.144401896657806
4647708-1-2,13.776720871905466,14.150637402583877,14.107495414699388
4647709-1-1,14.143526425786495,14.15887003981322,14.152735027540546
4647710-1-1,14.094311591728696,14.295315754754041,14.295858520919934
4647710-1-2,14.246130610795229,14.335050983052392,14.38433717672242
4647710-1-3,13.56864023998032,14.12740814297826,14.058672513141339
4647712-1-1,12.611537753638338,13.5164059973981,13.527166570504331
4647713-1-1,13.809445200818589,14.054614267447331,14.075324616473893
4647713-1-2,13.743938761227865,13.794615550303934,13.78377877978779
4647714-1-3,13.711393366280983,14.285090607551858,14.275175183006215
4647714-1-4,13.73153420698384,14.098318389587138,14.109014818183821
4647715-1-1,13.592367006650065,13.953857337455355,13.941432724870246
4647716-1-1,14.443407831078066,14.605003831792805,14.588015688466859
4647716-1-2,13.199324418540456,13.033712343165963,13.087693145090654
4647717-1-1,14.403297222866392,14.143146312238516,14.125132288828905
4647717-1-2,12.89921982609012,13.202233710192226,13.188898612470423
4647718-1-1,12.611537753638338,13.178797834930815,13.1695445236883
4647719-1-1,13.458835614025542,13.190980925645194,13.15122120597683
4647720-1-3,14.115615150414612,13.93902264316881,13.979448091961332
4647722-1-1,13.710150042306449,13.38475301150929,13.407229968330668
4647724-1-1,15.05880022466716,14.543741930993253,14.563026751141214
4647724-1-2,10.126631103850338,11.91608876527738,11.920593091229327
4647724-1-4,12.89921982609012,12.673846639284566,12.708103196560105
4647726-1-1,14.914122846632385,14.823805376738072,14.882460253990367
4647726-1-2,13.815510557964274,13.616831171819099,13.607889295950597
4647727-1-2,14.353879945435873,14.19131225428962,14.138968041699147
4647728-1-1,14.470436525704022,14.712471545321389,14.699382104135253
4647728-1-2,15.020482887598318,14.741774327784311,14.726327363871281
4647729-1-1,13.775646112659905,14.225607376056232,14.273195755571214
4647729-1-5,13.897100683154154,13.980206271367283,13.998374715091462
4647730-1-2,12.206072645530174,12.73380466730687,12.711701846564567
4647730-1-3,15.45450727263992,14.821674682814846,14.892056868541072
4647731-1-2,14.24077829336862,14.80484731372686,14.826644928731337
4647732-1-2,13.84008383416605,13.953443191902583,13.910950076878764
4647735-1-1,15.89495209964411,14.423928944660263,14.436435385756011
4647738-1-1,15.760229569325238,15.087030598265448,15.066440940546414
4647740-1-1,13.122363377404328,13.047899106557928,13.006168996715152
4647740-1-3,13.122363377404328,13.222796378521652,13.232489787815025
4647741-1-1,13.997832114758229,13.990082958758824,13.997574268245787
4647741-1-3,14.22097566607244,13.897003875141186,13.85477024207412
4647743-1-1,13.304684934198283,13.476565855555346,13.498219146282755
4647744-1-1,14.22097566607244,14.814543234980313,14.880147262996587
4647744-1-2,15.295598836306793,15.189861981038009,15.097073729892312
4647745-1-1,13.017002861746503,13.027003384611922,13.024212853629539
4647747-1-1,12.429216196844385,14.121204894877017,14.070695925933926
4647747-1-2,15.319587954740548,14.353767951880188,14.335329107501602
4647748-1-1,13.122363377404328,14.814772442824177,14.794705765697412
4647749-1-1,14.741751620691597,14.16898945177033,14.154974129702984
4647749-1-2,14.410609864652976,13.999498858594368,13.996145246573068
4647751-1-1,15.201804919084164,14.53228765078876,14.506622563514979
4647751-1-2,16.06504650016727,15.830544962501442,15.852447938651588
4647753-1-1,13.081541382884074,13.652420790727525,13.664496077001607
4647755-1-1,13.9108207377686,13.780047530607373,13.725380153867889
4647755-1-2,13.815510557964274,13.64749716358452,13.59097107419027
4647755-1-3,12.89921982609012,12.250422920477765,12.133559911414842
4647758-1-1,16.04013410948861,16.48763777923828,16.534863203915414
4647758-1-2,14.690979295318174,15.021379402681886,15.217400778751575
4647758-1-3,14.603967918328545,14.937490363671202,15.113651927925712
4647759-1-3,14.51364528003526,14.402264759142007,14.406038376582142
4647759-1-6,13.742939865129438,13.799270411492838,13.802475493696761
4647760-1-1,14.1033508991409,14.222572561288972,14.213645433059028
4647761-1-1,13.592367006650065,13.36196484146025,13.370426342854696
4647761-1-2,14.291151004835983,14.781204929923128,14.828094105093967
4647761-1-3,13.217673557208654,12.613798431865876,12.65100251407238
4647761-1-4,13.769338535344216,13.896112808624087,13.92344487843684
4647763-1-1,15.201804919084164,15.455580335438913,15.26497620619239
4647763-1-2,15.201804919084164,15.564194028382321,15.667438844626624
4647765-1-1,14.015626497304972,13.744955157908128,13.737487473991873
4647766-1-1,14.22097566607244,14.501652302373309,14.49961060398315
4647768-1-1,13.592367006650065,13.405893301241392,13.393603786173317
4647770-1-1,14.02917815389148,13.961421629172417,13.960521727152555
4647770-1-2,14.291668724755022,13.917288256888433,13.922996292086022
4647770-1-3,14.346138809026444,14.319072366280727,14.297917212106011
4647774-1-1,14.914122846632385,14.160672884186878,14.809194067457732
4647774-1-2,15.38412647587812,15.386096296269255,15.327490315736494
4647774-1-3,14.637490610367188,14.983489654369686,14.963765816772472
4647775-1-1,15.268294660352998,14.804238671225693,14.861683552689062
4647775-1-2,14.50865773852422,14.322399213271174,14.365080153637258
4647776-1-1,13.527828485512494,13.257350027246055,13.263843837882387
4647776-1-2,14.166081246286303,13.445726210465544,13.446595174986584
4647776-1-3,13.9108207377686,13.706291390026593,13.714147357145666
4647776-1-4,14.427989835456764,14.18050654210283,14.133058627041176
4647776-1-5,14.28551418721001,13.792236358975435,13.831882881295465
4647777-1-1,13.710150042306449,13.191593583616923,13.223699632397466
4647778-1-1,14.09506799602691,13.84102677291643,13.82879601230199
4647778-1-2,13.487006490992238,13.232805214946458,13.22856789755457
4647781-1-1,15.955576721460544,14.80970253078297,14.648496991789033
4647781-1-3,15.15680755315343,15.340015368038069,15.485609297180323
4647782-1-2,13.67240973836206,13.229242631535246,13.39330320461916
4647783-1-1,14.914122846632385,15.595541299629456,15.544788925968259
4647783-1-2,14.588700484659292,15.163537506630892,15.106364771552027
4647783-1-3,15.2624295409006,15.27473195365707,15.283258594567993
4647784-1-1,13.815510557964274,13.682425760182841,13.700028665880177
4647784-1-2,13.823688031104773,13.896885014525138,13.86356543309166
4647785-1-1,16.11809565095832,15.238512309331284,15.183214562287773
4647787-1-1,13.304684934198283,13.671962635499542,13.678164392632452
4647787-1-2,12.429216196844385,13.021257863122168,13.031029419890988
4647787-1-4,13.77468856344402,13.906772041882494,13.921937976595766
4647787-1-5,14.257521892510836,14.127492970577826,14.12924246185696
4647788-1-2,16.965393539916953,16.19609651515285,16.208528603884087
4647789-1-1,13.815510557964274,13.812896262868788,13.825967159991835
4647789-1-2,15.089475734110245,14.652634334608475,14.636553519835948
4647789-1-3,14.28551418721001,14.863323355245397,14.748580813355618
4647791-1-1,13.710150042306449,13.621482096281362,13.616308155022915
4647791-1-2,12.206072645530174,12.219431888682047,12.170760766001598
4647792-1-2,13.675619557261449,13.878011403748923,13.8585030926953
4647792-1-3,13.675619557261449,13.870416618769662,13.896241070504061
4647793-1-2,13.122363377404328,13.159652283883053,13.152900185490443
4647793-2-1,13.675619557261449,13.902835932612529,13.889879271401835
4647794-1-3,13.527828485512494,13.68452719528799,13.670724734550852
4647795-1-2,13.304684934198283,13.287153696389838,13.312587261548327
4647798-1-1,13.836223983592992,13.829168829023544,13.82225204791612
4647799-1-5,13.675619557261449,13.713897218596374,13.681726397993932
4647800-1-2,13.708615184458989,13.720502657297146,13.73092489731392
4647800-1-4,13.971982220796855,14.011435919915638,14.042803018026685
4647800-1-5,13.592367006650065,13.520226651233601,13.149102292238092
4647801-1-2,13.775656259137971,13.769373052953034,13.765661528239674
4647802-1-1,13.304684934198283,13.494116029649858,13.512482204605398
4647803-1-1,13.592367006650065,13.563467556355832,13.650845641007809
4647804-1-2,13.458835614025542,13.232090882928325,13.21504060565688
4647805-1-1,13.893331761462074,14.15798775769795,14.161772041092345
4647805-1-2,13.675619557261449,14.013101279604673,14.000225701735534
4647806-1-1,13.743938761227865,14.171950559786929,14.16589847848773
4647806-1-2,13.743938761227865,13.98871905237759,13.985715906006059
4647807-1-1,13.74414310599848,13.719912540535022,13.719306210511027
4647807-1-2,14.22097566607244,13.67962367125861,13.637933541439612
4647807-1-3,13.458835614025542,13.42662223866976,13.381750632023493
4647808-1-1,15.119328674635492,15.801268414566342,15.892759131119604
4647811-1-1,13.458835614025542,13.60079136028329,13.590675740935275
4647813-1-1,13.567049198665774,13.115460191182978,13.143880944077244
4647814-1-2,13.836826072132514,13.82550250883484,13.821781031251419
4647815-1-1,13.644388180600252,13.80131815656459,13.804829003834739
4647816-1-1,15.28184766521924,15.401262262203048,15.418383091077771
4647817-1-1,14.22097566607244,14.09250354860172,14.087317552835374
4647818-1-1,13.811502536566737,13.691538925758787,13.679904664410072
4647819-1-1,13.675619557261449,13.85104867619368,13.917400306302548
4647819-1-2,13.745037663211583,13.781693571887521,13.741891201532614
4647819-1-4,13.713242270326544,13.773741075211582,13.835488199743555
4647820-1-1,13.946538820370678,13.933764254847768,13.925750766213374
4647820-1-2,13.675619557261449,13.893363800717307,13.900653930403264
4647821-1-1,14.588700484659292,14.932964165563396,14.922310350835666
4647821-1-2,15.654736537941186,14.890996527523008,14.869812621013228
4647822-1-1,13.944535389403798,14.147834951676291,14.15591231928307
4647822-1-2,13.578732841773416,13.120970414345564,13.124458537569193
4647823-1-1,13.743938761227865,13.901231895876007,13.927399058090513
4647824-1-1,13.815510557964274,13.290927402138987,13.346690744698094
4647824-1-2,15.319587954740548,15.210646227756325,15.162274286785733
4647824-1-3,15.45806085409624,15.284937426036599,15.33817191121451
4647825-1-1,14.114289086395042,13.890820320037085,13.870548179825594
4647826-1-1,14.914122846632385,14.972162873331467,14.948364669669301
4647827-1-1,13.846479045743756,14.038643105185336,14.049924290504713
4647827-1-2,13.76443934417816,13.820589162106062,13.839489531121405
4647827-2-1,13.905544113568094,14.026899545248927,13.991844819375821
4647828-1-2,13.750082774883811,13.692621887986675,13.733106163980091
4647829-1-1,13.527828485512494,13.760089623410245,13.728409633614186
4647829-1-2,13.74949861854558,13.938954211718398,13.966343529475457
4647829-1-3,13.675619557261449,13.996416566642656,14.018398116113177
4647830-1-2,13.775656259137971,13.305492967966467,13.364149852129268
4647831-1-2,13.592367006650065,13.714804495140127,13.707428495761329
4647831-1-3,13.527828485512494,13.549772100446829,13.565177682075936
4647831-1-4,13.771335356578687,13.88301636726371,13.92308230108521
4647831-1-5,13.736055672281202,14.023719921290818,13.986716416193305
4647832-1-1,13.815510557964274,13.688180582684263,13.732308536284792
4647832-1-3,14.73180128983843,13.909586341810593,13.935677658590647
4647833-1-2,13.815510557964274,13.570576597465616,13.571509671807062
4647834-1-1,14.023779529186278,14.186786574352794,14.16660265930356
4647834-1-2,14.057052614000884,14.771574663036185,14.729283671271858
4647835-1-1,13.710150042306449,13.643455439530635,13.618136442792483
4647835-1-2,13.304684934198283,13.527816597463643,13.520285115224384
4647835-1-3,13.818292995891111,13.493676333732457,13.494576798289826
4647837-1-1,13.815510557964274,13.768900774834764,13.794362735121563
4647837-1-2,12.583366840957355,12.749361969821047,12.74334126953248
4647837-1-3,13.95950494394373,13.783901301211584,13.803073649593289
4647837-1-4,14.10684420529408,14.501099123436768,14.524847863818342
4647838-1-1,13.9108207377686,13.862115495084955,13.850013736337024
4647840-1-1,14.50865773852422,14.29264724461612,14.33920664804152
4647841-1-1,14.73180128983843,14.306887243501883,14.309024880924234
4647842-1-1,13.794409168892022,14.190703942576995,14.197615935969091
4647842-1-4,14.211374135214813,13.946720120203294,13.958527333978429
4647842-1-5,13.815510557964274,13.916559689274306,13.92501227334776
4647843-1-1,13.592367006650065,13.27095616285541,13.226923814183634
4647843-1-2,13.38472764187182,13.138388689348917,13.14560553115132
4647844-1-1,13.122363377404328,13.378148028048829,13.357377252134524
4647845-1-1,14.151982794585487,14.427600335619848,14.471287095099914
4647847-1-1,13.458835614025542,13.725808647223788,13.715087433444474
4647847-1-2,13.99981150863166,13.989733786704232,14.008222638531937
4647848-1-3,14.316285845876765,14.669749825513842,14.560681545684934
4647849-1-1,14.77102200299171,14.451315805336577,14.422330100696238
4647849-1-2,13.710150042306449,13.596333111614396,13.595247297109436
4647849-1-3,13.710150042306449,14.076840713027144,14.06894865735053
4647850-1-1,13.652991628466498,13.678960324514843,13.629245511346745
4647851-1-2,13.90321610021544,13.465936125012934,13.439342986243513
4647852-1-1,13.772379976226832,14.003659825265325,14.012761804161237
4647854-1-4,13.675619557261449,13.644507429748536,13.63453153885661
4647857-1-1,14.138712543712842,14.045503880211223,14.028341080912455
4647858-1-1,13.675619557261449,13.71146010124275,13.68494666865129
4647859-1-1,13.458835614025542,13.199185123471523,13.181804657480038
4650745-1-2,13.56864023998032,13.958468347795224,13.902371975506988
4650747-1-1,14.914122846632385,14.204417915060839,14.227222362136656
4650747-1-3,14.588700484659292,15.12120248453609,15.195481823072598
4650748-1-1,14.880221294956703,14.817711337345438,14.844845990966029
4650748-1-2,14.690979295318174,14.804103100732107,14.825826205597831
4650749-1-1,13.592367006650065,12.696672147781271,12.800948560529502
4650750-1-1,13.915245140194797,14.21148804311171,14.199887120034056
4650750-1-4,14.144846229057732,14.016548407509834,14.030827312139179
4650750-1-7,13.896977750577216,13.992273074833534,13.982876855276345
4650751-1-1,15.224462963343347,15.13792231093348,15.166830009877092
4650751-1-2,13.592367006650065,13.069820749390265,13.067573186793926
4655140-1-1,14.261797660592691,14.338112206261968,14.350914914574522
4655140-1-2,14.038654109278484,14.01933337632328,14.02371936289718
4655141-1-1,14.039986521223314,14.484876015157827,14.199151620509754
4655141-1-2,14.013541408463407,13.83978305538162,13.8808983108663
4655142-1-1,13.832575126470845,14.022856261626941,14.03655960446092
4655142-1-2,13.744501011497466,13.72689604253186,13.687564626453678
4655143-1-3,15.176487111099874,13.992538524408443,14.028056633664168
4655143-1-4,14.443479012499225,14.23259775585963,14.302723083002217
4655143-1-5,13.122363377404328,12.964838222263792,12.952888507288206
4655145-1-1,13.997832114758229,13.476205788996841,13.489590519038302
4655146-1-1,13.815510557964274,13.853355760291107,13.856489447418523
4655147-1-1,13.834332312204864,14.019153765704216,14.014488368382189
4655147-1-2,13.775680779368288,13.891113175557747,13.881370295479261
4655148-1-1,14.372324424180675,13.806071637741882,13.8109001038652
4655149-1-1,14.02333740516659,14.039210607042158,14.056216280435214
4655149-1-2,13.815510557964274,13.8736525552254,13.883720074214985
4655149-1-4,13.729952669602628,14.003413127216303,14.031049548359984
4655149-1-5,13.93121732856223,13.661333322318738,13.903930373259868
4655150-1-1,13.56864023998032,14.119550072594507,14.119819424662104
4655152-1-1,13.903104109207582,13.93206393191167,13.922784830188753
4655153-1-1,13.592367006650065,14.106660958160223,14.124739240309985
4655153-2-1,13.710150042306449,13.754236598235833,13.70268155985202
4655153-2-2,13.592367006650065,13.531095809411273,13.504297448408707
4655153-3-1,14.0687649921052,13.917646752389908,13.945793483628771
4655155-1-1,13.740556718550303,14.110146262263711,14.118429576739942
4655155-1-6,13.708429674433004,13.634898284071689,13.644082659356783
4655156-1-2,13.458835614025542,13.359979297184442,13.353547809376044
4655156-1-3,13.844142049317986,13.86973775522094,13.839473653410561
4655160-1-1,13.815510557964274,14.1399279893445,14.145878814340588
4655160-1-2,13.592367006650065,13.955594082652484,13.935896572766167
4655161-1-1,13.304684934198283,12.672172782665545,12.639327160515986
4655161-1-3,13.878370444420163,13.828207116572846,13.816390023398876
4655161-1-4,13.696965732219487,13.888787385162916,13.878872875159145
4655164-1-2,16.13593556908665,13.798587688230167,13.76700999093632
4655164-1-3,13.82842678323082,13.689561341129295,13.694536762636
4655165-1-2,13.217673557208654,12.806111149028288,12.813085335140135
4655167-1-1,13.743938761227865,14.338346587025685,14.338355150334385
4655167-1-2,13.743938761227865,13.97515350494562,13.976649631954933
4655168-1-1,12.611537753638338,14.11671165165837,14.08432566722051
4655168-1-2,13.715555061614516,13.725608122837809,13.685110659010947
4655168-1-3,13.217673557208654,12.904689099066296,12.918003781988697
4655168-1-4,10.308952660644293,11.901208296709173,11.967289265488283
4655169-1-1,13.815510557964274,13.864819984289685,13.819642377468401
4655169-1-2,13.775656259137971,13.927749402727107,13.919162672683655
4655170-1-1,13.527828485512494,13.877550488392028,13.892346866601672
4655171-1-1,14.06682243068636,13.925564755370509,13.935908334913902
4655172-1-1,12.89921982609012,12.49223673465843,12.540906898314674
4655173-1-1,13.487006490992238,13.463487756101337,13.508965325609829
4655174-1-1,13.122363377404328,13.076305845070847,13.089548274256037
4655175-1-1,13.997832114758229,14.081317497207143,14.14733589496192
4655175-1-2,11.512925464970229,11.61844721114246,11.672458967515926
4655177-1-1,13.56864023998032,13.487381165957634,13.47034765388933
4655177-1-2,13.527828485512494,13.699715232626824,13.693469638459732
4655178-1-3,14.48583815353447,14.093085291513333,14.067006701164157
4655178-1-4,14.000590390548949,14.199036952105732,14.080973646614066
4655179-1-1,13.955272500339431,14.46145346163067,14.468502796212883
4655179-1-2,14.301018373745976,14.57458068069903,14.583964059798273
4655181-1-1,13.592367006650065,13.5047431440071,13.494801986954625
4655182-1-4,13.815510557964274,13.771233128950852,13.767637936223588
4655183-1-1,13.675619557261449,13.807770567140635,13.827458286977208
4655183-1-2,13.675619557261449,13.879004912303689,13.873289499616195
4655183-1-5,13.675619557261449,13.4300455613709,13.448727037221985
4655185-1-1,13.652991628466498,13.785957328132094,13.787126896394836
4655185-1-2,13.677196676018362,13.665623838184587,13.688205812994399
4655187-1-1,13.90321610021544,13.874011162389046,13.86869356676935
4655187-1-2,14.349003891930316,14.196222073340072,14.177921670558755
4655187-1-3,14.175513321065448,13.867523761798228,13.849564919729143
4655188-1-1,15.32328489042261,15.109236422112112,15.088900159916186
4655189-1-1,15.64005985001532,14.81110046797918,14.542386490202235
4655189-1-2,13.60220432059726,14.372308302386044,14.044810727005844
4655190-1-3,13.592367006650065,13.239472799425762,13.247994976372942
4655191-1-1,13.710150042306449,13.761313319374343,13.724072110549073
4655191-1-2,13.733215315237445,13.333921985122569,13.39344674981139
4655193-1-1,15.201804919084164,13.895434164797459,13.826786819298647
4655194-1-1,15.523284340907756,14.391740929731075,14.388133435048095
4655196-1-1,14.914122846632385,15.882241862293414,15.869090111353534
4655196-1-2,14.914122846632385,15.37867380600922,15.450786212234942
4655198-1-1,15.494381524990526,14.290336973630811,14.29005945937703
4655198-1-3,13.017002861746503,12.593731319304672,12.556467479169534
4655199-1-1,15.60727002719233,16.03431794286806,16.02511398256333
4655200-1-1,13.487006490992238,13.318093505558965,13.29418672712284
4655200-1-2,11.982929094215963,11.142325068374769,11.203848306451386
4655200-1-3,11.982929094215963,11.471573858589224,11.486384782576462
4655202-1-1,14.018451401960965,14.372727998930872,14.370727473768515
4655202-1-3,15.28184766521924,15.131115666021472,15.180206345680736
4655204-1-1,14.077874822431763,14.071086644135777,13.980040103839864
4655204-1-2,13.803651516681764,13.877824843555162,13.904477723957795
4655205-1-1,15.355955563197137,16.100044241729478,16.02559987207841
4655206-1-2,12.847838781142077,12.436463304139089,12.370517188633963
4655208-1-1,15.761420707019589,15.527286062717144,15.597666167224217
4655210-1-1,14.50865773852422,14.679295901434287,14.626663754139068
4655210-1-3,14.999280680482894,14.573520808201353,14.505154649752031
4655211-1-1,13.997832114758229,14.19761917420395,14.175919176273098
4655211-1-2,14.0687649921052,13.936460702282712,13.92310093967154
4655214-1-1,15.464169183551656,14.625526652212784,14.582206355846576
4655214-1-2,14.888805038648094,14.762140911219783,14.739782091432797
4655215-1-1,15.105661035595482,16.002425348886657,15.910740698272797
4655215-1-2,15.86963429165982,15.506291352488756,15.472689857867342
4655216-1-1,13.959177907776688,13.536078568969929,13.74198546637901
4655216-1-2,11.695247021764184,11.686680874078387,11.645868430033042
4655217-1-1,13.592367006650065,13.62035978763789,13.644231303308406
4655217-1-2,11.982929094215963,11.727767320421783,11.706294647583219
4655217-1-3,13.815510557964274,13.351709334271671,13.316224733308635
4655218-1-1,14.50865773852422,14.711066116393063,14.69562396730348
4655219-1-1,14.50865773852422,14.716104225261102,14.650235048236421
4655219-1-2,15.28184766521924,15.2438795024311,15.228899740289432
4655220-1-1,15.068273526459642,14.04183476178011,14.062084544391661
4655221-1-1,17.034386382832476,15.631763492979054,15.62897074602838
4655221-1-2,13.815510557964274,14.95663244466626,14.865298116958638
4655222-1-2,11.512925464970229,12.74950978603666,12.785906626777614
4655222-1-3,14.22097566607244,13.926897555601226,13.923393149220917
4655222-1-4,13.652991628466498,13.808301920371566,13.816145151400882
4655222-1-5,13.592367006650065,13.819632843793626,13.812048402337403
4655223-1-1,12.89921982609012,12.950292278024092,12.917590977164423
4655223-1-2,11.918390573078392,12.916431656760693,12.86150595263948
4655224-1-1,12.388394202324127,12.6039402288818,12.576880978531873
4655225-1-1,14.28551418721001,14.465156365137569,14.449156379597117
4655226-1-3,13.592367006650065,13.76521977615778,13.796398405632031
4655227-1-1,13.122363377404328,13.466106725491544,13.438054712720268
4655227-1-2,12.765688433465597,12.938573670980453,12.959875791982201
4655228-1-1,13.710150042306449,14.0760842997633,13.973407003197512
4655228-1-2,13.592367006650065,13.347372630968113,13.350621101414754
4655229-1-2,13.997832114758229,13.255539045740893,13.217311986781286
4655229-1-3,13.710150042306449,13.934018561529385,13.913166919577641
4655229-1-4,13.419995749768685,13.181932364671136,13.22136100083281
4655230-1-1,15.424948470398377,15.92011337332158,15.956521705795543
4655230-1-3,15.201804919084164,15.485203883839022,15.485184460952333
4655232-1-1,13.081541382884074,13.168650828341757,13.154221926888388
4655232-1-2,13.9108207377686,13.495263669258454,13.506525640022632
4655233-1-1,14.22097566607244,14.249116135273791,14.34621689590421
4655233-1-2,14.301018373745976,14.659293596020838,14.748725915831514
4655234-1-3,15.27412558066379,14.872214562609674,14.85012247286136
4655234-1-4,14.22097566607244,14.34350001335798,14.415882668677503
4655236-1-1,14.12788521251862,14.351655555345259,14.357847484846898
4655236-1-2,14.220086354085064,14.073654632095819,14.072913641588073
4655238-1-2,13.592367006650065,12.79314280295454,12.788639468270393
4655238-1-3,14.321323665032349,14.334308629062402,14.257530730247575
4655239-1-2,13.815510557964274,15.577775659705853,15.600423542732953
4655241-1-1,13.762332330310938,13.927081483120798,13.925191860232133
4655241-1-3,13.805460222110773,13.75762742451772,13.774187570317249
4655242-1-1,13.710150042306449,13.580034264298344,13.614496595014405
4655242-1-2,14.077874822431763,13.14566483441288,13.186849791687923
4655243-1-1,16.13327978628336,15.280064569452096,15.30596548266835
4655243-1-2,15.252577284061548,15.117499840629424,15.068539548701164
4655244-1-1,16.603603466740022,16.43081205937785,16.3061424874531
4655244-1-2,15.761420707019589,15.515758186584728,15.445243448534713
4655245-1-1,15.89495209964411,16.100037618186843,16.15358787395987
4655245-1-2,16.588099280204055,15.535201470485566,15.637129817985429
4655246-1-1,16.166885815127753,15.753501842471653,15.678009756465988
4655247-1-1,15.8022426786827,15.395591420256952,15.418429333403326
4655250-1-1,14.845129975145433,14.255232981892044,14.275553452528506
4655250-1-2,14.50865773852422,14.25392878755047,14.32904397599206
4655251-1-1,13.081541382884074,13.29378947500489,13.329140742165638
4655252-1-1,13.745037663211583,13.819228056612552,13.772316558711761
4655252-1-2,11.84939770159144,12.598571189599996,12.495398216987969
4655252-1-4,13.56864023998032,13.588645465155347,13.52328513896977
4655253-1-1,15.80064142017287,15.160482004027,15.207658290418212
4655254-1-1,15.86856532308054,16.020541915779003,16.05873732520413
4655254-1-2,15.424948470398377,15.585373708665545,15.578625791572987
4655255-1-1,13.841827886573856,14.137220783176115,14.147563170932422
4655258-1-1,14.28551418721001,14.049101354834583,14.050726098627353
4655258-1-2,14.602547591960604,14.145583704077671,14.126809972922498
4655259-1-1,13.9361437502848,13.619763448703067,13.653785495198347
4655259-1-2,14.004651311098238,13.449524222599118,13.50557700802628
4655260-1-1,13.769186999220938,14.033995516978502,14.039441946690513
4655260-1-2,13.199324418540456,12.286219827238194,12.253337714047213
4655260-1-3,13.742351520045396,13.685666216770947,13.665869696904165
4655262-1-1,13.997832114758229,13.954425669175329,13.95665257529083
4655262-1-2,13.997832114758229,13.137940941276423,13.119754681824258
4655263-1-1,14.602906787346331,14.882854862154689,14.885051084286763
4655264-1-1,13.904629795188134,13.900821315389214,13.902203947116368
4655265-1-1,15.509595913830788,15.305103514124244,15.267009944408517
4655266-1-2,13.458835614025542,13.587925134116238,13.564338910854957
4655266-1-3,14.22097566607244,13.676838046108394,13.687250476394418
4655266-1-5,13.815510557964274,13.538517681596936,13.56958755797169
4655267-1-1,13.458835614025542,13.186661749754705,13.291614702391104
4655267-1-3,12.611537753638338,13.41880267854735,13.377860175367076
4655268-1-1,13.592367006650065,13.508495875504412,13.52004705071391
4655268-1-2,13.815510557964274,13.181916870935087,13.218226849292764
4655271-1-1,13.710150042306449,13.562319449812708,13.579338997573194
4655271-1-2,13.56864023998032,13.299557199825886,13.288069338053793
4655271-1-4,13.304684934198283,13.381210494265396,13.373103812760602
4655271-1-5,13.946538820370678,13.891647232509444,13.91912400898468
4655272-1-1,13.853009597580163,13.922989174162625,13.898152267367427
4655273-1-1,13.820498099475314,13.980975293756224,13.989629331917872
4655274-1-1,13.1869018594794,12.338256838546153,12.26025266934229
4655276-1-1,14.062275025856556,14.002561304497322,14.005381145599932
4655277-1-1,14.178995622800269,14.07662067589507,14.069512980157862
4655277-1-3,13.592367006650065,12.957443589472359,12.933226394089377
4655278-1-2,13.675619557261449,13.44463697051916,13.395110219560399
4655279-1-2,14.73180128983843,13.51790561691231,13.58248090459018
4655279-1-3,12.429216196844385,12.747774953355515,12.762606774225649
4655280-1-1,14.28551418721001,13.740722547706964,13.74847217668647
4655280-1-2,13.592367006650065,13.7664761401912,13.766668682090604
4655282-1-1,14.301018373745976,14.010318180979738,14.031146650266084
4655284-1-1,13.567049198665774,14.250470574198411,14.226633785410435
4655284-1-3,13.675619557261449,13.817269130052962,13.805357263775614
4655285-1-1,13.578732841773416,13.445134528696148,13.404233702399143
4655286-1-1,13.592367006650065,13.808372559297705,13.690612929718407
4655286-1-2,12.206072645530174,12.778717220179443,12.781508522890118
4655287-2-1,12.765688433465597,12.895059492733044,12.858937291283697
4655287-3-1,14.403297222866392,15.68047935980518,15.54911899804269
4655288-1-1,14.334304351379442,13.828641480913568,13.829293924759321
4655289-1-1,15.761420707019589,14.952251562842266,14.985826781790987
4655289-1-3,14.0687649921052,13.901931895268321,13.873015962617702
4655290-1-1,12.793859310432293,12.343334893954099,12.389197317087739
4655291-1-1,13.773249703260175,13.947237896494155,13.929231908472886
4655292-1-1,14.914122846632385,13.926046590278123,13.894985223118269
4655292-1-6,13.592367006650065,12.722364847289613,12.743032811670503
4655293-1-1,14.22097566607244,14.226323917137575,14.260519500493242
4655293-1-2,10.596634733096073,11.796762875324974,11.689747831461636
4655294-1-1,14.053345658021474,13.888995988542366,13.85918747464255
4655295-1-1,13.864300722133706,13.409824760961193,13.421983147752364
4655295-1-2,13.592367006650065,13.644048820288747,13.632478606778264
4655295-1-4,13.56864023998032,13.36526859469987,13.416678378317965
4655295-1-5,13.487006490992238,13.221702614359929,13.221791844827198
4655295-1-7,13.56864023998032,13.413501531464915,13.37926788953395
4655296-1-1,13.56864023998032,13.722983274650964,13.71147716798646
4655297-1-1,13.592367006650065,13.665647314700498,13.657395087002927
4655297-1-2,13.304684934198283,13.385569357056372,13.38644104752352
4655298-1-2,13.122363377404328,14.104295506073699,14.063788694744948
4655298-1-3,12.89921982609012,11.832574704935851,11.861285277068891
4655299-1-3,13.710150042306449,13.902969234966838,13.95807030828673
4655300-1-1,13.592367006650065,13.222246643864016,13.238621164404872
4655301-1-1,13.122363377404328,13.36063934572102,13.384863560874189
4655302-1-2,11.512925464970229,13.167821859097685,13.222933184472529
4655303-1-1,14.1579175596911,14.28652783016622,14.2394217174246
4655303-1-2,14.077874822431763,13.584004760356944,13.559470633835007
4655304-1-1,13.997832114758229,13.909594747363657,13.965862566993112
4655307-1-1,13.710150042306449,13.92959904177746,13.886507585351124
4655308-1-2,12.89921982609012,12.102030263608354,12.163864858704324
4655309-1-1,14.811843966742734,14.313078754159553,14.331429349524035
4655309-1-2,14.084171112974127,14.182530239210221,14.186900544793803
4655310-1-1,14.22097566607244,13.97113621839681,14.060277271330575
4655310-1-2,13.815510557964274,13.136665850210232,13.090351307711707
4655310-1-3,14.43966484471584,14.09371429236138,14.059371400958375
4655310-1-4,11.512925464970229,12.505792901717925,12.600454073803306
4655311-1-1,13.710150042306449,13.76428716792065,13.768807727108431
4655312-1-1,13.800179954994622,14.399301619010421,14.475825972189206
4655312-1-2,12.388394202324127,12.504986323580408,12.473742327123091
4655313-1-1,13.708429674433004,13.80796537721444,13.808796211323871
4655313-1-2,13.997832114758229,13.623446042270487,13.613210826796186
4655313-1-4,12.89921982609012,12.403214421161696,12.35477480438197
4655314-1-1,15.01948333729021,14.092265610933953,14.112799815951155
4655314-1-2,13.710150042306449,13.592387608827886,13.57431826734937
4655314-1-3,14.301018373745976,14.662042968028453,14.654882328465323
4655315-1-1,13.86893532290367,14.056551964478196,14.07803771054192
4655315-1-2,13.710150042306449,13.875141072680506,13.937968048183
4655315-1-4,13.703967637230171,13.673746381220038,13.663457556654153
4655316-1-1,13.650528229141244,13.481696988597825,13.444786575301155
4655317-1-1,13.270783382522602,13.188085219743233,13.214701404320936
4655317-1-2,11.289781913656018,12.292341559540777,12.26730875501483
4655318-1-1,13.56864023998032,13.78230479114545,13.78143875681507
4655318-1-3,13.568330428821824,13.359814578044062,13.336834031689776
4655319-1-1,14.22097566607244,13.519320797177812,13.434785842882164
4655319-1-2,13.808414880582998,13.885263815422423,13.893151084613471
4655320-1-1,13.304684934198283,12.967661129508866,12.944032651968374
4655320-1-2,12.611537753638338,13.330256953698521,13.273172153282186
4655321-1-1,13.592367006650065,14.102767014866343,14.072565222022794
4655321-1-2,13.7989946048823,13.727277268758371,13.720326565093158
4655322-1-1,14.457364444136669,14.137801461501683,14.08586234915213
4655323-1-1,13.710150042306449,13.661871702278143,13.625901682954499
4655323-1-2,13.304684934198283,13.549795459860173,13.61102423635472
4655325-1-1,14.32182600113937,13.958895464484865,13.940117326135447
4655326-1-1,13.592367006650065,13.64340154052409,13.638785362933582
4655327-1-1,13.758361202906825,13.98084687541664,13.930045654624683
4655329-1-3,13.633188976170318,13.905913027070552,13.91622140609533
4655330-1-1,13.592367006650065,13.818531797629293,13.78706422431902
4655330-1-2,15.03437195015342,14.101907146273902,14.085499560253185
4655331-1-1,13.122363377404328,13.748349396323672,13.723997673920993
4655331-1-2,12.793859310432293,13.098244619726767,13.176424279239768
4655331-1-5,13.98795937256165,13.707652627231283,13.6674702565565
4655332-1-1,14.403297222866392,14.844376341876533,14.854537551516257
4655332-1-2,14.690006530669356,14.603130387474469,14.602854131699308
4655333-1-1,14.566082422466692,14.022918342234671,13.933661089924277
4655333-1-2,13.592367006650065,13.556274204994539,13.54311325679348
4655334-1-1,12.429216196844385,12.155696909045355,12.123247536880395
4655335-1-1,13.122363377404328,13.149336121244676,13.219366184309296
4655336-1-1,13.675619557261449,14.309525218302777,14.295605088325347
4655336-1-2,11.982929094215963,12.33211160921704,12.340284197039457
4655336-1-3,13.977383628940329,13.767959257023787,13.69981591876674
4655337-1-1,14.914122846632385,13.900166182624059,13.927726215272441
4655338-1-1,14.603967918328545,13.825856608291971,13.80478601403125
4655338-1-3,14.403297222866392,13.275969099698106,13.242655764964166
4655338-2-1,12.676076274775909,13.407425845718729,13.34588049680153
4655339-1-1,14.346138809026444,14.371610701644542,14.26402490938683
4655340-1-2,13.997832114758229,12.832388704819342,12.885801719361861
4655341-1-2,12.89921982609012,12.683473576906577,12.631060515301147
4655343-1-2,13.592367006650065,12.889912866192986,12.89188582539611
4655346-1-1,11.289781913656018,13.21430719588942,13.223413525756138
4655349-1-1,13.592367006650065,13.560380514261135,13.562290724136714
4655351-1-1,14.114289086395042,14.138708198773232,14.147507182411545
4655351-1-3,13.742808337662876,13.70729905999041,13.70658630376424
4655352-1-1,12.611537753638338,13.00777721420606,13.032971410604562
4655352-1-2,11.695247021764184,12.33879039458601,12.26610157619135
4655353-1-1,14.022425230529038,14.111589234771149,14.127110472923507
4658698-1-1,16.3727378693319,15.690523207340954,15.727570477367337
4658698-1-2,13.592367006650065,14.762759069459657,14.791736504016614
4658698-1-3,16.300417207752275,16.08903120014291,15.912841529255692
4659016-1-3,14.588700484659292,14.53448921501075,14.585161816914043
4659016-1-4,14.588700484659292,14.09287707172708,14.022517904017889
4659017-1-2,15.238217245292496,15.021655479103318,15.01811384994146
4659017-1-5,14.069144516276484,14.250521488257409,14.236101405825595
4660826-1-3,14.57548005606238,14.402309892762982,14.39789990551282
4660827-1-2,11.512925464970229,12.329447374646598,12.408661697353278
4660827-1-3,14.040687540455275,13.671480862742381,13.616671464017402
4660827-1-4,14.100597484686444,13.863263343533857,13.918201897493393
4660828-1-1,13.458835614025542,13.604987162825878,13.622294549045481
4660829-1-1,13.56864023998032,13.743384475025007,13.748112295606074
4660829-1-2,12.206072645530174,11.85872589046847,11.89584765899443
4660830-1-1,13.541073712262516,13.961542647951056,13.900703707087102
4660830-1-2,13.541073712262516,12.131818430801482,12.13419678259159
4660830-1-3,14.777411832937617,14.16451445243813,14.18870972147409
4660831-1-1,13.815510557964274,13.815796142661638,13.710888875728795
4660831-1-3,13.304684934198283,13.64395688960898,13.646346392113262
4660832-1-2,13.815510557964274,13.658999576792075,13.661790103934756
4660832-1-4,13.98599367024812,13.883219806387183,13.92254272356312
4660834-1-2,10.819778284410283,11.56958849596544,11.564141963549451
4660835-1-1,14.73180128983843,14.187219030592923,14.212010698822741
4660835-1-2,14.403204649137134,14.164906592398156,14.167714276844764
4660835-1-4,13.708615184458989,14.121320435033933,14.054726711653093
4660836-1-1,14.56364035648055,14.707574122237634,14.770530083215892
4660837-1-2,12.676076274775909,13.715612929397551,13.717755296573134
4660837-1-3,13.56864023998032,14.388023545379731,14.382439389764686
4660838-1-1,13.815510557964274,14.007250117918431,13.963600855724794
4660838-1-2,13.592367006650065,13.732852357889499,13.663684511568338
4660839-1-1,13.940673737682983,14.310364261409624,14.277121190841282
4660839-1-2,13.081541382884074,13.293246029625053,13.239178841709037
4660840-1-1,11.512925464970229,13.080095350714306,13.136863417807545
4660840-1-2,11.695247021764184,12.858958498433243,12.856855294122708
4660841-1-1,15.167903388960209,15.199577594685758,15.169116262820342
4660842-1-2,12.89921982609012,12.476874245586009,12.58887053560787
4660842-1-4,14.403297222866392,13.305473360050474,13.353476872082965
4660842-1-5,13.122363377404328,13.23212030242046,13.221360094317273
4660842-1-6,15.326968098802876,14.593387397007284,14.672375189340503
4660842-1-7,13.304684934198283,13.245562484617272,13.227726100479941
4660844-1-1,13.122363377404328,13.10372189367684,13.231592408125115
4660844-1-3,13.993063785156004,13.924352011847082,13.952429250594488
4660845-1-1,13.675619557261449,14.065104545670353,14.03469264540323
4660846-1-1,14.04662227892766,13.972817387529044,14.008142310409333
4660846-1-2,14.128129115706086,13.812829483451509,13.775754858010208
4660847-1-1,14.057052614000884,13.948931770054436,13.956478368612906
4660847-1-2,13.754922622974869,14.026971429563476,14.026648274422504
4660847-1-5,14.062275025856556,13.832528090667731,13.836471475163025
4660848-1-2,13.760573065756963,14.02350384455065,14.029751660022109
4660849-1-1,14.566297557303548,14.504396363462133,14.519225230481608
4660849-1-2,14.648419680899378,14.120258603623014,14.119556346289857
4660850-1-3,13.592367006650065,14.448733375888539,14.44745912851486
4660850-1-5,14.637490610367188,14.80864258407765,14.778268755656308
4660850-1-6,14.326336156730264,14.713137792228022,14.73801047763751
4660851-1-1,14.914122846632385,13.830873070985,13.850527326256936
4660851-1-2,15.026955352315015,14.527138919194186,14.535244050391576
4660852-1-1,14.637490610367188,15.050049510073068,15.006448401930507
4660853-1-1,13.795307850646754,13.817555219473919,13.826403327548714
4660853-1-2,11.002099841204238,12.149567960512691,12.22709766231087
4660854-1-1,14.127795757295385,14.521862461452079,14.51970869042592
4660854-1-2,12.611537753638338,13.606504448793025,13.594203196598489
4660855-1-4,13.018853024140023,13.66465940092118,13.702594799173886
4660855-1-5,13.845069360205818,13.819895838985037,13.81975270800035
4660856-1-1,14.077874822431763,14.077670819115154,14.12648626916189
4660856-1-3,14.2522589514117,13.870456198618715,13.868079585583683
4660857-1-1,14.04662227892766,13.86943007466257,13.878240318309944
4660857-1-2,13.8773034382774,13.990499370148637,14.08706034321021
4660857-1-4,11.289781913656018,13.026182694058715,13.037541961177668
4660858-1-1,13.122363377404328,13.454780858649224,13.41368283205291
4660859-1-1,15.068273526459642,14.78473427794486,14.91620113431331
4660859-1-2,13.815510557964274,14.30678037571266,14.17092542997549
4660860-1-1,13.905545027468197,13.936712294816022,13.930070587043502
4660860-1-5,14.077874822431763,13.898039922626324,13.895213044068925
4660861-1-1,14.077874822431763,13.874903483715968,13.870563593042416
4660861-1-2,13.369223455335854,13.023667456703588,13.007257944355034
4660863-1-1,14.403297222866392,14.005905785629603,13.977861977220567
4660863-1-3,12.89921982609012,13.368827121981592,13.38961845285633
4660864-1-2,11.512925464970229,12.946313070960553,12.930418505585966
4660865-1-3,13.90004562141882,14.229349418657138,14.223199261616344
4660868-1-1,13.772950921806348,13.505553897188138,13.494067089140101
4660869-1-2,14.2098023935642,13.801440342711317,13.797328778476633
4660870-1-1,13.527828485512494,14.115242850425103,14.055708004366693
4660870-1-2,13.304684934198283,13.579008880499783,13.575386084026862
4660870-1-3,15.730863262014593,14.892848864675129,14.855184016751947
4660870-1-4,12.89921982609012,12.687614415110371,12.65357036838738
4660871-1-1,14.51323057963107,14.717599336688517,14.746199731609671
4660874-1-3,14.151982794585487,13.45654986378213,13.479699214773502
4660875-1-1,13.795307850646754,13.697421013141055,13.672156247605566
4660875-1-2,14.757469036587008,14.474915829387397,14.400857939789802
4660876-1-1,11.512925464970229,13.518086713889609,13.540518414741525
4660876-1-2,12.84792653170257,13.528150951042274,13.580516084439891
4660877-1-4,13.87287752644408,13.795934615166738,13.819021583892276
4660877-2-1,13.815510557964274,14.178978144313373,14.161102892085633
4660877-2-2,13.764217263576723,13.717884783145005,13.772243045175713
4660878-1-1,14.50865773852422,13.976081453643527,13.91290995697139
4660878-1-2,14.50865773852422,14.395601724601715,14.389119807134124
4660879-1-1,14.091786072278426,14.266705855341982,14.275910493228663
4660879-1-2,13.304684934198283,13.376761113822111,13.43471928868667
4660880-1-1,13.633188976170318,14.108558605806449,14.099843844209804
4660880-1-2,13.592367006650065,13.656199043845943,13.633889000660915
4660880-1-3,14.261797660592691,14.682836220918492,14.691555266497561
4660880-1-4,13.750972036826704,14.190608157752994,14.193769229305737
4660881-1-1,15.424948470398377,13.950926598961109,14.017370350028932
4660881-1-2,13.746455519366416,13.853279027819301,13.823824761822733
4660881-1-3,13.852011530300125,14.011186155013057,14.000099712620234
4660881-1-4,13.92872997390874,13.856039263294928,13.850240949781172
4660882-1-1,13.745037663211583,13.833281345974296,13.817500078138853
4660882-1-5,12.611537753638338,13.19466960224871,13.1217202490587
4660883-1-3,14.319915613927344,14.394408464867151,14.383440633358068
4660884-1-1,13.876804132452556,14.018721867307539,14.039569217910763
4660885-1-1,14.190432348521368,14.149892407655805,14.098511397359227
4660885-1-3,14.2781187834991,14.391779403659498,14.337886941726666
4660885-1-4,13.56864023998032,13.620679971030416,13.54606657654393
4660886-1-1,12.873902018105827,13.706444267213529,13.72031454821597
4660887-1-1,13.990760817798476,14.074246438020333,14.104917358202158
4660887-1-2,14.031195160354423,13.775561979929806,13.797870538913868
4660888-1-1,14.069144516276484,13.889918900817834,13.858821116606435
4660888-1-2,13.737107500121631,13.700930213412756,13.691496910739135
4660888-1-3,13.687677186454389,13.372136610151392,13.383452553623938
4660889-1-1,13.09704556942004,13.253546778612233,13.228023912007119
4660889-1-2,13.9108207377686,13.75060264645608,13.756309576737765
4660890-1-2,13.745037663211583,13.799283195695077,13.800844660388774
4660890-1-3,13.9108207377686,14.041209104045492,14.075949655923608
4660891-1-1,15.586216617994497,15.094101978173104,15.117308063754415
4660893-1-1,14.697899772645506,15.750076089238364,15.672092523448274
4660893-1-2,14.898727189363155,14.9492570538534,14.92350567456704
4660894-1-3,13.675619557261449,13.70472893315805,13.696150634626028
4660895-1-1,13.304684934198283,13.391749440651298,13.460085399245793
4660895-1-2,13.81024138773709,13.74480834948944,13.78748341251854
4660895-1-5,13.304684934198283,13.148661501933594,13.100082482255887
4660896-1-1,13.881610398670356,14.042691812720392,14.008103665948395
4660896-1-3,13.99435388522511,13.85227010119819,13.86784025448246
4660897-1-1,15.356312713709771,15.128470960744515,15.077964716792797
4660897-1-2,16.523560759066484,15.279148696812873,15.28361222309549
4660899-1-1,15.512043177249309,15.377293605008832,15.327714385189097
4660899-1-2,15.907374619642669,15.415327105400412,15.355136103409807
4660900-1-1,13.876135179780707,14.176889610778694,14.108412689366785
4660900-1-2,12.611537753638338,12.322105406093668,12.273083293209604
4660901-1-1,12.611537753638338,12.634914004847854,12.65182116195621
4660902-1-1,13.304684934198283,13.227694616819507,13.263402193468622
4660902-1-2,12.611537753638338,13.116561344052148,13.119630448725276
4660904-1-1,14.914122846632385,14.184206033762388,14.16135354400858
4660905-1-1,14.146012597658864,14.4274440048157,14.388874189330922
4660905-1-3,13.458835614025542,14.117470502001911,14.100313893199267
4660905-1-4,13.710150042306449,13.755638065819891,13.79037637134487
4660907-1-1,15.424948470398377,14.629522858276971,14.71164271920845
4660907-1-2,14.50865773852422,14.597550210037673,14.641373388446482
4660908-1-1,13.8878312195439,14.2240654124546,14.273035707703498
4660908-1-2,15.157069025242771,14.568052830143149,14.53973600790965
4660911-1-1,16.194284820203897,15.48995597945506,15.445681003847724
4660912-1-1,13.91535589293399,13.90599650912378,13.912354846905927
4660912-1-2,13.793171578093608,14.100128543256027,14.077388118014065
4660913-1-2,13.592367006650065,13.516329359144475,13.544401724977805
4660914-1-1,13.710150042306449,13.882819353642287,13.84795246051239
4660915-1-1,15.10589041296147,15.167433109215084,15.173543621047104
4660916-1-1,13.56864023998032,13.247012217599721,13.29588511114087
4660918-1-1,14.488798339616562,14.620417701993038,14.611525968686566
4660921-1-1,13.487006490992238,13.145412559527575,13.145550001718348
4660921-1-2,13.692724653804394,13.71758869833676,13.713024978367068
4660921-1-3,13.745037663211583,13.729606454175464,13.67963739397362
4660923-1-1,13.304684934198283,12.720562938496798,12.68162693127012
4660923-1-2,13.122363377404328,13.477831057328006,13.429709321213624
4660923-1-3,14.73180128983843,13.941767554210156,13.94395791567235
4660925-1-1,13.592367006650065,13.613847662893228,13.590537561145991
4660925-1-2,11.918390573078392,13.693133052065548,13.718648564259011
4660926-1-1,13.751810418619788,13.843406546912261,13.862693802914347
4660927-1-1,13.739721047817651,14.191783838240234,14.161043354204196
4660928-1-1,13.997832114758229,13.390885795590606,13.272954528431656
4660928-1-4,15.053884789007542,14.719956140516878,14.700785084027293
4660928-1-5,14.422488347873676,14.124293845490962,14.110852030761132
4660929-1-1,14.13809203094993,13.88961379691932,13.885965160850672
4660929-1-2,14.403297222866392,13.668810884071833,13.701219886312597
4660929-1-3,13.56864023998032,13.451620913796356,13.46768459925447
4660930-1-1,13.710150042306449,12.945985691836421,12.980057513280697
4660930-1-2,14.163817222820724,13.71210989924871,13.704602062343607
4660934-1-1,14.603967918328545,13.198371039308553,13.24861786279227
4660935-1-1,13.976778705560395,14.107708544321047,14.13573489115923
4660936-1-1,11.695247021764184,12.996597502407184,12.92525679842657
4660936-1-2,13.798364399129303,13.859250087838172,13.803866811441164
4660936-1-3,14.334304351379442,13.862700930926954,13.84472762468396
4660937-1-1,13.633188976170318,13.934585189948109,13.899342733880383
4660937-1-2,13.633188976170318,13.391687272288836,13.371169583941588
4660937-1-3,13.633188976170318,13.413153345676172,13.35598386217312
4660937-1-4,13.633188976170318,13.297343352562105,13.318568149282545
4660938-1-3,14.077874822431763,13.899006537941961,13.886057645006133
4660939-1-1,13.745886795543196,14.118630130061485,14.154066598877526
4660940-1-1,12.206072645530174,12.774483308223903,12.802535478884309
4660940-1-5,13.80405620663914,13.57630109573103,13.576213601446167
4660940-1-6,13.745207185288486,13.53950382140969,13.529532510224204
4660940-1-7,13.640839635291378,13.932227743792545,13.947250389929916
4660943-1-2,12.323855681186558,12.897613076402298,12.879815569850562
4660945-1-1,13.570249201396445,14.112980319491085,14.155382957908682
4660946-1-2,13.815510557964274,13.61301236410867,13.58410759680386
4660947-1-1,13.458835614025542,13.800052416385773,13.784733684140175
4660948-1-1,13.907785796079525,14.141871510893298,14.11784950594545
4660948-1-2,11.002099841204238,12.556671023439915,12.554265928461572
4660948-1-5,13.713241162645325,13.835847152101481,13.852322137348626
4660950-1-4,13.458835614025542,13.548818916826223,13.570870206941523
4660950-1-5,13.675619557261449,13.957862748548699,13.974205704675612
4660951-1-2,13.675619557261449,14.10072474798197,14.101247456944416
4660952-1-1,13.983845907994755,13.99789489191915,14.008101125307281
4660952-1-2,13.567049198665774,13.564881003124185,13.56370713815147
4660953-1-3,13.675619557261449,14.04267112946241,14.023481422769272
4660954-1-1,13.745037663211583,13.691990264856864,13.715080995079727
4660955-1-1,14.151982794585487,13.990969108463107,14.001089342447642
4660955-1-3,14.644789949212434,14.611047930534655,14.542341747230791
4660956-1-1,14.75160391713461,14.208461227912071,14.194557105292672
4660956-1-2,14.071443899843407,14.038881630396912,14.028693397845046
4660958-1-1,13.122363377404328,12.786121658495869,12.723960793347175
4660959-1-1,13.87287752644408,14.199377443901417,14.201725889774686
4660959-1-2,12.89921982609012,13.98024114559767,13.74924066159506
4660960-1-1,13.458835614025542,13.209917496472176,13.178245228013068
4660961-1-1,13.759243136778338,14.35868154027487,14.358586061416112
4660963-1-1,13.953764080637548,14.112229039153144,14.13471493894954
4660963-1-2,13.969661202077246,13.923701580598648,13.910033194442716
4660964-1-1,13.304684934198283,14.16104697418073,14.09661156516007
4660965-1-1,14.151982794585487,13.374402525849629,13.294155676183516
4660966-1-1,14.566926646648197,14.16352772883906,14.182174279489713
4660966-1-2,13.74082290821457,13.821778726486757,13.839255336952052
4660968-1-2,12.89921982609012,11.377306348367247,11.498832628339892
4660968-1-3,12.89921982609012,12.587953833963573,12.615931485013641
4660968-1-6,14.50865773852422,13.751690520357213,13.861256413780954
4660969-1-1,13.527828485512494,13.629116766522005,13.678656042533389
4660970-1-1,13.645602039642446,13.554653686953214,13.565912216908295
4660970-1-2,14.1579175596911,13.973024149200432,13.97194753937361
4660971-1-1,14.50865773852422,14.73312969404141,14.75537335475909
4660971-1-2,14.73180128983843,14.320139567948093,14.320833307093512
4660972-1-2,13.304684934198283,13.72939066674059,13.701235225186236
4660972-1-3,13.710150042306449,13.5180737175611,13.501950254785225
4660972-1-6,13.669713751749336,13.597749682734996,13.53791224251576
4660972-1-9,13.9108207377686,13.559897184160148,13.482219387786575
4660973-1-1,13.633888781267103,13.428347603984431,13.458457047460175
4660973-2-1,14.22097566607244,14.022962225231241,14.117723587980313
4660974-1-1,14.67742250337009,14.417713113622328,14.459581580445015
4660974-1-2,15.28184766521924,14.21388792633763,14.249344666749604
4660975-1-1,13.843449906394197,14.55179212436544,14.56626412333538
4660975-1-2,13.843449906394197,14.416088295515545,14.395665064194088
4660975-1-6,13.745886795543196,13.693493888528112,13.645732732783301
4660976-1-1,13.122363377404328,13.845264626241537,13.879601376347745
4660976-1-2,13.884144781811516,14.222881481719865,14.291142653169942
4660977-1-1,13.74949861854558,14.011414542536993,14.002866939839517
4660977-1-2,13.33208394217018,13.666952202604996,13.58599812432258
4660978-1-1,13.815510557964274,13.571068022284596,13.577903098959576
4660979-1-1,13.675175141809456,14.171935073888205,14.16822128242471
4660980-1-1,13.837062940310547,14.127766564388027,14.20144997849644
4660981-1-1,14.088079024331895,13.994873756203475,14.004557797403951
4660983-1-1,14.22097566607244,13.951852404487125,13.821248416774134
4660984-1-1,12.89921982609012,12.688090391225357,12.674196150790307
4660984-1-2,13.122363377404328,12.81597755446695,12.840002616239778
4660984-1-3,12.89921982609012,13.443719984501342,13.452521529017632
4660985-1-2,13.96669484238793,14.055965494942816,14.058134016674314
4660986-1-1,13.895553304099348,13.914205516187351,13.929375172487465
4660987-1-1,14.018451401960965,13.799997070640494,13.820168233978343
4660988-1-1,14.50865773852422,14.36438914562635,14.405187428540764
4660988-1-2,14.12730772871617,14.32441119595379,14.320195353316798
4660989-1-2,13.815510557964274,13.931003585285858,13.94004514582096
4660990-1-1,14.073016887905991,14.175742493130738,14.20422222798526
4660991-1-1,12.736700896592344,12.882406801323343,12.773684827845557
4660993-1-1,13.702715040498036,14.32379093391336,14.308725056850786
4660993-1-2,13.592367006650065,11.61276283979529,11.605417429625444
4660994-1-1,13.962492784284144,13.753337474569415,13.729317121324879
4660995-1-3,14.73180128983843,15.300228543768133,15.262269188737086
4660996-1-1,14.356794191214256,14.268897583543154,14.224676810034095
4660997-1-3,13.675619557261449,13.454209648462472,13.455027871019004
4660998-1-1,13.592367006650065,13.473926454061885,13.46070066405874
4660998-1-3,13.696964606361512,13.731476399268681,13.750639800750676
4660999-1-3,15.28184766521924,14.868250255852823,14.859581822338829
4661000-1-1,13.646589191241851,13.796475941839777,13.817684394733485
4661003-1-1,12.611537753638338,12.858811237170114,12.8230601116682
4661003-1-2,13.664687668229693,13.309409630470348,13.308878508751242
4661005-1-2,13.784487273892504,13.960471033778909,13.937108073876168
4661005-1-1,13.876365388574747,13.814628790578809,13.790575542657809
4661006-1-1,14.22097566607244,14.327977925031865,14.36136953390155
4661007-1-2,13.304684934198283,12.88610797756451,12.904225570139415
4661007-1-3,13.675619557261449,13.622666123412793,13.640172659615011
4661008-1-1,14.343193298796688,14.205148397448932,14.221713252021544
4661008-1-3,14.02035438605599,13.993224573842868,13.99389809104646
4661008-1-5,13.610422167451912,13.86746174203575,13.859565545353886
4661009-1-2,14.501968729400268,14.58378287415438,14.576030393835797
4661009-2-1,13.84696368135089,13.932709237052183,13.931757103200729
4661010-1-1,13.693757174334737,13.789107211907707,13.781846568212536
4661010-1-3,14.73180128983843,14.577876780014265,14.561680708745287
4661011-1-1,13.94496828948682,13.992407062439309,14.068203177240711
4661012-1-1,14.50865773852422,13.826346770289266,13.78268630160528
4661013-1-2,13.930326195245753,14.336834604340229,14.339807844136393
4661013-1-1,13.92376691412569,13.861074507252946,13.908298450713453
4661014-1-2,13.82463548638537,14.293043797225383,14.296518184926642
4661015-1-1,13.017002861746503,13.273512271322128,13.254949006334158
4661016-1-1,15.38412647587812,14.889046731224985,14.92251355535476
4661016-1-4,14.33917994632619,14.12820323876479,14.128130016192262
4661017-1-1,13.87287752644408,14.122334972690037,14.130164542511237
4661017-1-3,13.755276691824143,13.897350098919057,13.909147529951156
4661018-1-1,13.997832114758229,13.182542332355736,13.30845438146849
4661019-1-2,12.765688433465597,12.520133076035766,12.485062547009184
4661019-1-3,13.304684934198283,13.592726246935872,13.625781749688624
4661019-1-1,14.501633123587254,14.278035401976327,14.297402820423203
4661020-1-1,14.215404676888904,14.087553943173369,14.054360187923635
4661021-1-2,14.576316386998034,14.657413607107623,14.619036351840606
4661021-1-1,14.143526425786495,14.065344046634497,14.061704111669364
4661022-1-1,13.941790723874604,14.85281322058596,14.88557538898745
4661023-1-2,13.458835614025542,13.48718455199485,13.462891848427283
4661024-1-2,14.068859983677076,13.933712488692564,13.966516584685227
4661024-1-1,13.710150042306449,13.278586888203296,13.2380895569467
4661025-1-1,13.710150042306449,13.559523780043477,13.604755959673229
4661025-1-4,14.346138809026444,14.254869535975793,14.264069443952884
4661025-1-3,15.003353980360329,14.46664502428612,14.462176650573564
4661026-1-1,13.983037905620842,14.256363231286588,14.225152851753633
4661027-1-3,15.319587954740548,14.47504330153183,14.515576610968377
4661027-1-1,14.690979295318174,13.895546031297219,13.909586668862586
4661028-1-2,13.592367006650065,13.781664581077159,13.763782669757394
4661028-1-1,13.783205317712182,13.937812018514963,13.920506641995747
4661028-1-4,13.675619557261449,13.744786632152724,13.755057145474682
4661029-1-1,15.222424185878737,15.242914271814858,15.245403607347713
4661032-1-1,13.42984807715229,12.689368870228131,12.665275298172345
4661032-1-2,12.959844447906551,13.120063223237686,13.048056345967805
4661034-1-3,13.879621800331272,13.784910149389736,13.773800557213578
4661034-1-1,11.289781913656018,11.034452647403528,11.074248941776094
4661034-1-2,13.696964606361512,14.10617465198166,14.123552418597049
4661034-1-4,14.115383549523122,13.494342732270733,13.490542346134026
4661035-1-1,13.592367006650065,13.195173817553593,13.17510049580536
4661035-1-2,13.56864023998032,13.41137363225252,13.358472933794177
4661036-1-2,13.71176318493641,13.850968228471688,13.847741802765958
4661036-1-1,14.143526425786495,13.795590926765893,13.774476321231733
4661037-1-1,13.458835614025542,13.671755938002025,13.665704653902344
4661040-1-2,13.9108207377686,14.003213240050695,13.975633017485642
4661040-1-1,14.042548615833455,14.222690200768039,14.252013552236784
4661040-1-3,13.67561840711236,13.89082480895148,13.891475295022278
4663838-1-1,12.89921982609012,12.646031556950982,12.634070022599285
4663838-1-2,12.89921982609012,13.57986926481049,13.602174763381077
4663838-1-4,13.997832114758229,13.56759681239269,13.522212864718265
4663839-1-1,13.997832114758229,13.483339018564074,13.521488988657175
4663839-1-2,15.006777989792656,14.633176459586766,14.71016063743795
4663839-1-3,14.1579175596911,14.367377574980832,14.352607631062497
4663840-1-1,14.077874822431763,14.280031079289277,14.302031034087763
4663840-1-2,14.063931916462751,14.245636133594179,14.239390322347331
4663841-1-1,12.611537753638338,13.241799313488759,13.23431931914548
4663841-1-2,13.122363377404328,13.454006972992541,13.47397169424299
4663842-1-1,15.424948470398377,15.629867214568185,15.531317124816892
4663842-1-3,14.95141863137608,14.967466007837162,14.917486590395882
4665547-1-4,14.066269276311456,13.824171705857117,13.79161264545238
4665547-1-2,13.677205862663648,13.76881177665247,13.657768431769604
4665547-1-1,14.189943528171414,13.7887406772233,13.785693720541508
4665548-1-1,14.431468331314544,14.368008364675257,14.408941985091031
4665548-1-2,13.815177189903316,14.140753818090548,14.142102363072981
4665549-1-1,13.304684934198283,13.588201018449906,13.622761735195297
4665550-1-5,13.199324418540456,12.146167865865738,12.191338885931719
4665550-1-2,13.122363377404328,13.284486681275634,13.304409149950901
4665550-1-1,13.754297368444597,13.815376389343438,13.806949700115709
4665550-1-7,13.806926822893573,13.921054395487086,13.928395261941336
4665551-1-3,11.289781913656018,11.800961622757185,11.836613404569542
4665551-1-4,13.381645975334411,13.492415100337999,13.485702153726145
4665552-1-2,12.980415738759405,14.693772064204094,14.677836245040954
4665554-1-1,13.56864023998032,13.262349061915248,13.246388557524972
4665556-1-2,14.22097566607244,13.812603577841083,13.850818491567418
4665556-1-3,13.652991628466498,13.319946763266918,13.259972137188964
4665556-1-1,14.73180128983843,13.886903510594934,13.890727927952014
4665556-1-5,14.03196508757064,14.185993449182188,14.19091300327115
4665557-1-1,13.122363377404328,13.491089157961598,13.48749454179571
4665558-1-1,15.90531484544254,15.38221877183403,15.29597460475583
4665559-1-4,13.9108207377686,14.698990152611103,14.547124743508695
4665559-1-3,13.997832114758229,14.752980288124144,14.77211837582331
4665560-1-1,13.708615184458989,13.901056699578877,13.928698946922683
4665561-1-1,13.997832114758229,13.804525217150815,13.816439745744754
4665561-1-2,13.304684934198283,13.296752131839302,13.291073229050648
4665561-1-3,13.592367006650065,13.424080457463607,13.395441539108077
4665561-1-5,13.592367006650065,13.26238420501009,13.245485005970913
4665562-1-2,13.801287576701394,13.788399230486444,13.774526215589024
4665562-1-1,14.362211521703598,13.772107381678117,13.814425150757685
4665563-1-1,13.735613089742978,13.787537098835193,13.758371325356613
4665564-1-1,14.695137305466838,14.532651923049997,14.557307977825573
4665564-1-4,13.081541382884074,13.716990494066554,13.737406527135791
4665564-1-3,14.444119217386648,14.230871490666729,14.197649687851145
4665565-1-1,14.077874822431763,13.670617232878305,13.656317134232044
4665565-1-2,13.77468856344402,13.18552205136278,13.156479984912021
4665565-1-4,13.122363377404328,13.246037298480736,13.254110032592461
4665566-1-2,14.025231122730126,13.567343518173557,13.511283252492673
4665568-1-1,13.458835614025542,13.391479499866605,13.395977504005232
4665570-1-1,13.76364130827262,13.815869154712495,13.796246428249615
4665571-1-1,14.22097566607244,13.496862142048078,13.424977340320286
4665571-1-3,13.79177540717353,14.210166127913785,14.199234723772763
4665571-1-2,13.815510557964274,13.19888623383036,13.196483870799417
4665572-1-1,13.592367006650065,13.592003955605929,13.59457885085767
4665573-1-1,13.592367006650065,13.482307992897766,13.494228364618914
4665574-1-2,13.64065146261351,13.65414520864565,13.657368921861753
4665574-1-1,12.611537753638338,13.739258842376648,13.640115706778579
4665574-1-7,13.925112105220654,13.944750109722843,13.925575564322408
4665575-1-2,13.304684934198283,13.115372484273442,13.135063868486421
4665575-1-1,14.353879945435873,14.156436698151769,14.106001762987699
4665576-1-1,13.56864023998032,13.372128698442806,13.36125968581005
4665577-1-1,13.738341472688465,13.996662464379945,13.979565177768631
4665577-1-2,13.705993289969491,13.921007843778318,13.885297147353763
4665578-1-1,12.206072645530174,13.441042327993362,13.42065535143708
4665578-1-7,13.592367006650065,13.181851214993344,13.198562202925634
4665578-1-6,13.781043005623191,14.027629575963338,14.066184458474906
4665580-1-1,13.767145931365883,14.116508917497987,14.112077512145058
4665581-1-1,13.633188976170318,13.966010339688271,13.986356747211437
4665584-1-2,14.249375868593871,14.125625369072846,14.154202609001187
4665588-1-3,14.94422090474384,14.540683130572987,14.600914885371894
4665588-1-4,14.08161982039552,14.464853759365786,14.482311943165858
4665589-1-2,13.458835614025542,13.275213724288335,13.136529357860466
4665589-1-1,14.22097566607244,13.520145245204546,13.490860374996103
4665590-1-2,13.9108207377686,13.555109152784757,13.550382389155802
4665590-1-1,13.815510557964274,13.585753703520787,13.631646624562775
4665590-1-3,13.458835614025542,13.534880174798792,13.540351359108456
4665591-1-1,13.675619557261449,13.952143910972609,13.95708551266573
4665591-1-3,13.74949861854558,13.916602423567218,13.922930098939279
4665591-1-2,12.611537753638338,13.784037878537898,13.721606355810708
4665592-1-1,11.512925464970229,12.86117884077363,12.888333470287455
4665593-1-3,14.17318500223609,14.601555998902324,14.62015403838592
4665594-1-1,14.151982794585487,13.331166698807943,13.339858471238792
4665595-1-1,11.84939770159144,12.639630721649699,12.711932472523698
4665597-1-4,13.458835614025542,13.653298049889905,13.676426527834517
4665597-1-3,13.710150042306449,13.979906912712133,14.012775203663699
4665597-1-1,10.819778284410283,11.825249897528842,11.821805034925308
4665598-1-1,13.62918097977278,13.74980620257072,13.706765122840798
4665598-1-3,13.696964606361512,13.84947369499149,13.831895748373707
4665599-1-1,13.304684934198283,13.492643676470232,13.277297518359363
4665600-1-1,13.035352023141972,13.226437574950138,13.151931285357607
4665601-1-1,13.304684934198283,13.18501287903049,13.165464162170029
4665602-1-2,12.611537753638338,11.307579710899816,11.366467042799512
4665602-1-1,13.710150042306449,13.733684610766064,13.693969263215267
4665604-1-2,13.73153420698384,13.951822614744273,13.980815860619556
4665604-1-1,13.243695662571854,13.64343229014825,13.709365260885358
4665605-1-2,13.750082774883811,13.69977092672656,13.712367814714032
4665607-1-2,14.015726570528368,14.11898076351198,14.113273178402393
4665607-1-1,13.62918097977278,14.072450109692493,14.051433716885189
4665607-1-4,10.819778284410283,10.483845889327048,10.574781209061214
4665609-1-1,13.815510557964274,12.987504165513311,12.920467381911173
4665610-1-1,13.70606762334005,13.816040070832535,13.816409294435015
4665611-1-1,13.809948116229766,14.193128325204025,14.1776885497494
4665611-1-2,13.804233523053346,13.620841938527608,13.626288290497046
4665612-1-1,11.84939770159144,10.901153391016015,10.995284701847131
4665612-1-2,15.107952033161114,14.537869524052748,14.566131806894383
4665612-1-5,13.304684934198283,14.191813493606423,14.185815672807287
4665614-1-1,13.458835614025542,13.540508891296826,13.564496005566614
4665614-1-2,13.983845907994755,14.051727851046888,14.059000896965813
4665614-1-3,14.307689992002324,13.94994213372291,13.962540318321274
4665616-1-2,14.7742219737735,14.13400896379432,14.102682119388719
4665617-1-4,12.89921982609012,14.249949900455508,14.166823599695284
4665618-1-1,14.72846242201773,14.458534289218102,14.458702796157489
4665620-1-2,15.28184766521924,14.616128983945636,14.60227532280879
4665622-1-2,12.611537753638338,12.719065983185189,12.731882012784652
4665622-1-1,13.894516728618877,13.750344860296149,13.785695124278682
4665622-2-1,13.764217263576723,13.587036090588006,13.607435910045444
4665623-1-3,14.476415692727327,14.013653839950392,14.029124700016549
4665626-1-3,13.963930563082547,13.821576520587795,13.770785918793694
4665628-1-5,11.918390573078392,12.594900989090648,12.586860760306186
4665628-1-6,13.592367006650065,12.949702061427661,12.95943690682965
4665628-1-4,13.85633257248453,14.30480535933217,14.377961963091325
4665629-1-4,14.20915786007251,14.502758035641573,14.565624009941214
4665629-1-2,13.773518804021323,13.952001548077748,13.932248387672953
4665629-1-1,13.815510557964274,14.023415989311653,14.006926808739879
4665630-1-1,13.80457062198844,13.827372750484674,13.818385447212853
4665631-1-1,14.103192661666055,14.508364773015613,14.530788853296139
4665631-1-4,13.713241162645325,13.862779843163812,13.88403878832835
4665631-1-2,13.746517664155894,14.425725594471945,14.487049121586471
4665631-1-3,13.930217199703094,13.949641982610686,13.95084925530888
4665632-1-1,14.30860651087448,14.5851044078659,14.59992457326466
4665632-1-2,14.045201428728078,14.199632785936052,14.219062205710062
4665634-1-1,13.122363377404328,12.23698638054999,12.245119939359787
4665635-1-2,14.00970582163497,13.910179690405117,13.879188571081254
4665636-1-2,9.903487552536127,11.772218310536193,11.757281057787006
4665636-1-1,13.527828485512494,13.667962895957533,13.6841364555085
4665638-1-1,13.997832114758229,13.405241795210701,13.395334370253334
4665641-1-1,14.403297222866392,14.261024697514262,14.26338393516758
4665641-1-4,14.33917994632619,13.88659872365535,13.892326125091332
4665641-1-3,13.94170489699398,13.80896605135522,13.864691646857226
4665642-1-1,13.487006490992238,13.590946824323103,13.54045946093411
4665643-1-3,13.930217199703094,13.760831309621498,13.76932725699911
4665643-1-1,13.38472764187182,13.597878392488678,13.664419234850286
4665644-1-5,13.044401835934616,13.46976306840453,13.447939014372595
4665644-1-4,13.56864023998032,13.563451253688694,13.468309463613508
4665645-1-1,13.567049198665774,13.770011944433982,13.75766305204148
4665645-1-2,12.301382825334498,13.081495941466834,13.173700073448453
4665647-1-2,16.11809565095832,15.330350035753867,15.310806223008964
4665647-1-1,15.424948470398377,15.565185064097482,15.557911877522116
4665647-1-6,13.56864023998032,13.61865821737951,13.55759075722012
4665647-1-3,13.710150042306449,14.860026558476534,14.95254859848049
4665648-1-2,13.710150042306449,13.961949995516445,13.94488993619713
4665648-1-5,13.641157170819495,13.099297360922545,13.08196194278881
4665648-1-1,13.641157170819495,13.6356330190286,13.599527417793755
4665650-1-1,12.89921982609012,13.398033168577179,13.413781801252384
4665650-1-2,12.429216196844385,12.90060764865519,12.890357320490573
4665650-1-3,13.837956746794104,13.583426205665532,13.595258089163407
4665651-1-1,14.22097566607244,13.975584219823231,13.999777551805966
4665652-1-1,15.28184766521924,15.545155680879136,15.527656962950942
4665653-1-1,15.201929911272316,14.831187529068693,14.777598934471715
4665653-1-2,14.822859990353258,14.772528668623782,14.782195697565415
4665657-1-1,16.29344856640821,14.233281679287876,14.327866108417592
4665657-1-2,15.424948470398377,15.786581948714892,15.75008656911842
4665658-1-1,13.592367006650065,13.489041614991855,13.506099008872448
4665660-1-2,14.900136576488627,15.72096089737977,15.505091888521163
4665660-1-5,13.304684934198283,13.532659843319573,13.546877110448094
4665661-1-2,13.122363377404328,12.965804578596181,12.85312964126629
4665662-1-1,13.815510557964274,14.380172461954642,14.394257189280205
4665662-1-2,12.92391243868049,13.418678083600764,13.437180374729003
4665663-1-2,14.401375586037776,14.07661772870098,14.088305863940814
4665663-1-1,14.22097566607244,13.725572101379408,13.699306263501283
4665667-1-2,12.948009990259552,13.617238078191649,13.633105049920957
4665667-1-1,12.429216196844385,12.949399422334574,12.93525701128951
4665668-1-1,12.542544882151386,13.405372812831283,13.443195453432446
4665669-1-2,13.458835614025542,13.421215172246855,13.465114837124391
4665669-1-1,10.819778284410283,12.044516899511882,12.014849158978642
4665670-1-1,13.821989524061983,13.747137913335896,13.727092334962519
4665670-1-2,13.676248490630767,13.71689816276296,13.706307941424251
4665670-1-3,14.058456736574664,13.632096199402028,13.70156888277311
4665671-1-1,14.457364444136669,15.595181981412265,15.634015903645713
4665672-1-1,14.914122846632385,15.052493477489822,15.054803770815017
4665672-1-2,15.949676999333356,14.622217712447268,14.594433387871879
4665673-1-1,14.914122846632385,15.671937400296772,15.557336411728743
4665674-1-6,13.997832114758229,13.603344030003807,13.574429826765364
4665674-1-2,11.512925464970229,12.507426855264946,12.561198402208152
4665674-1-1,13.997832114758229,13.657628656469072,13.670176611744504
4665675-1-2,14.430966430808349,14.099718764802912,14.10129985157829
4665675-1-1,13.870629817753176,13.979228182364533,13.94332361883275
4665676-1-1,11.84939770159144,12.172849527380603,12.151376783075117
4665677-1-2,13.967115142096167,14.166316476861816,14.1551021196236
4665678-1-1,11.918390573078392,13.248568140240877,13.223331473541396
4665679-1-1,13.885969021612835,14.316315993667388,14.298251318821961
4665680-1-1,13.592367006650065,13.670147928104608,13.639596810349015
4665681-1-1,13.81071005396063,14.11573555208704,14.129376521340687
4665682-1-1,12.429216196844385,12.094842609957553,12.119705484891538
4665682-2-1,13.567049198665774,14.105314650372737,14.1229821801185
4665684-1-1,13.997832114758229,13.58302747197083,13.59306737706333
4665684-1-3,14.257414709480042,14.126068577988093,14.171450662301673
4665684-1-4,13.808779517754806,13.689562708546172,13.701256974446046
4665685-1-1,14.375126345899696,14.175418146763702,14.155605936366802
4665685-1-2,13.815510557964274,13.429525153489275,13.435922677879208
4665686-1-1,13.743068553085347,13.905834525402522,13.910209846432835
4665688-1-1,13.017002861746503,13.432502992396962,13.202796065824387
4665688-1-2,14.22097566607244,13.873186683843194,13.84765988043463
4665689-1-1,11.512925464970229,12.355900501518818,12.332072723116523
4665690-1-3,14.13750537566507,14.006761961144221,13.972159875833373
4665690-1-1,14.474756208400262,14.158379275508263,14.139995223129436
4665690-1-4,13.675619557261449,14.11909799055452,14.107638223485733
4665692-1-3,13.740556718550303,13.86789411536208,13.87253878350371
4665692-1-2,13.95407145328413,13.770625147151247,13.800923075479492
4665693-1-2,12.873902018105827,12.767114465692336,12.738121164265497
4665693-1-3,13.643139356775963,13.527435032588405,13.541019691628893
4665693-1-1,13.592367006650065,13.949372889249554,14.014371756113176
4665694-1-1,14.403297222866392,15.034010320081928,15.004733210446009
4665694-1-2,15.27412558066379,14.852190925614568,14.800366635935557
4665695-1-2,13.964399741794104,14.025000266931668,14.00861240659171
4665696-1-1,13.640452979482586,13.983964994826177,13.996353809770897
4665696-1-3,13.592367006650065,13.63083554921875,13.574337596453843
4665697-1-1,15.60727002719233,15.10019951579261,15.052056658883291
4665698-1-1,12.611537753638338,12.514357961742434,12.49410792115003
4665698-1-2,13.608374066723934,14.277313595357267,14.349647320165998
4665699-1-3,14.48333993053993,14.790731994032114,14.797333459264438
4665699-1-4,14.644789949212434,14.770877630141948,14.804106118464485
4665700-1-2,13.74414310599848,13.879908840758237,13.921712517467782
4665701-1-1,12.765688433465597,13.186180360545416,13.247771332858886
4665702-1-2,13.668556120876335,13.884924283007956,13.89751633134038
4665702-1-3,13.668556120876335,13.713790591853659,13.719971664394516
4665703-1-1,15.28184766521924,15.081622655701759,14.999575412554776
4665703-1-2,15.330637790927131,14.870133529209335,14.89107139302384
4665703-1-5,13.710150042306449,13.418019418477867,13.50372314716076
4665705-1-3,13.815510557964274,13.674044836817467,13.679729700055542
4665705-1-2,14.085283178057775,13.9842556233123,13.954096070004267
4665705-1-7,14.140006633659253,13.819895738180483,13.82797824114933
4665706-1-1,14.041485596831432,14.088822579207527,14.054210330116991
4665707-1-3,13.217673557208654,13.409196593865328,13.432218261515178
4665709-1-1,13.815510557964274,13.488984236418572,13.483743256184834
4665710-1-1,14.772623316358684,14.578157818405023,14.498307297287573
4665711-1-1,15.04904214025991,14.40669969933045,14.38808084552862
4665712-1-1,12.611537753638338,12.806132097055116,12.814343215949961
4665712-1-2,12.611537753638338,12.355727890049465,12.379856603080428
4665713-1-2,14.885951998237116,14.54981214421686,14.569059070663299
4665714-1-1,13.721199878493032,14.09349512062411,14.141031502637466
4665714-1-2,13.815510557964274,13.82588298054191,13.893429935054074
4665715-1-1,14.141723923281466,14.345905699802337,14.330627855174676
4665716-1-1,13.122363377404328,12.891928719860612,12.872327795447896
4665717-1-1,14.73180128983843,14.12587286945599,14.121148281479275
4665718-1-1,13.641157170819495,13.410845217883153,13.394502879848398
4665718-1-2,13.815510557964274,13.71138382858257,13.711105835318522
4665719-1-2,12.429216196844385,13.180976198428091,13.185546130142548
4665719-1-1,12.206072645530174,12.94040988747006,13.00322817217615
4665720-1-1,13.732128949025222,13.334912720545638,13.275303664597127
4665720-1-2,13.747716610337942,13.932912379207684,13.935134557032617
4665721-1-2,14.346405832196114,13.799943638349987,13.78668306051144
4665723-1-3,14.510156614647956,14.349198611672623,14.364909619927289
4665725-1-1,13.710150042306449,13.45594366581199,13.475133920748423
4665726-1-1,14.22097566607244,13.884186392262235,13.857551371703899
4665726-1-2,14.0687649921052,13.902335938239595,13.899820784327536
4665727-1-1,14.079923971491027,14.025711329733694,14.03213765958566
4665728-1-3,11.918390573078392,12.438397853912559,12.382680622820006
4665731-1-1,12.89921982609012,13.476120427762003,13.425628999609767
4665732-1-1,13.122363377404328,13.1324496466404,13.124683329257984
4665733-1-1,14.73180128983843,14.700590829227076,14.620748643440445
4665733-1-2,14.0687649921052,13.814781942740906,13.799103200273054
4665734-1-1,13.746106887825396,14.127854119692277,14.171278005608594
4665734-1-3,15.058704099481952,15.154283332974408,15.128608261907102
4665734-1-2,13.676765598286863,13.798126374646918,13.802563753246186
4665735-1-5,11.512925464970229,12.080021523271437,12.070206858255501
4665739-1-1,13.815510557964274,14.646313961743738,14.605173017955343
4665739-1-2,13.815510557964274,14.124649429943087,14.14135549458777
4665739-1-3,14.924952905922543,14.16309061602049,14.169604455918378
4665740-1-1,13.458835614025542,13.18414217815199,13.267834642023994
4665741-1-1,13.56864023998032,13.981202555764586,13.966498482536396
4665742-1-1,13.633188976170318,13.869754644877089,13.898520782872055
4665743-1-1,11.918390573078392,13.232468732985081,13.231020181270907
4665744-1-1,12.89921982609012,13.269078563776532,13.325720718405217
4665744-1-2,13.458835614025542,13.691736203718492,13.737072087986366
4665746-1-1,13.458835614025542,13.155337227595647,13.164872845042641
4665746-1-3,13.930217199703094,13.78037961247161,13.843599659520534
4665747-1-1,13.568330428821824,13.482609421610842,13.476251427051453
4665747-1-2,13.122363377404328,13.691209868718058,13.698671617767408
4665748-1-1,13.9108207377686,14.1415483954704,14.145085731131848
4665751-1-1,13.592367006650065,13.521955255281489,13.487392213667063
4665752-1-2,14.914122846632385,13.669991839060561,13.660485892241999
4665752-1-3,14.914122846632385,14.893775384177586,14.925933591086567
4665753-1-1,14.168098398563313,14.358074320031987,14.365282500315766
4665753-1-2,13.750972036826704,13.085644849986197,13.065647245794958
4665754-1-2,13.60529395187396,13.759126254751717,13.758873863180296
4665754-1-1,13.813007427746156,14.184153877384334,14.149864259094032
4665755-1-1,13.710150042306449,13.821323512805378,13.822371195739409
4665756-1-1,13.812338845899124,13.973539925889192,13.990545269625438
4665757-1-1,14.49854559520512,14.405338137740705,14.4101445300931
4665757-1-2,14.457364444136669,14.12007087994699,14.100689017567333
4665758-1-1,13.780973977114034,13.936831042207018,13.989114970043666
4665759-1-1,13.56864023998032,13.72771618928049,13.689570694836767
4665760-1-1,13.667590427887651,14.157545324577622,14.141385295875885
4665760-1-3,14.914122846632385,14.691760252714287,14.69547265647572
4665760-1-2,14.151982794585487,13.995704659587403,14.014091232391165
4665761-1-1,14.4878596371581,13.77617065679336,13.763182414123996
4665761-1-2,12.611537753638338,13.010573328591095,12.967479771556636
4665762-1-1,12.429216196844385,12.424746523680653,12.491977417350885
4665762-1-2,14.50865773852422,13.592086070890018,13.614986242125962
4665763-1-1,13.304684934198283,13.149041619664649,13.135218311244918
4665763-1-2,13.815510557964274,13.690828747650869,13.726326827629197
4665763-1-3,13.71176318493641,13.612706061817956,13.572798804358126
4665765-1-1,13.752322258200754,13.270278024783636,13.285524363022082
4665765-1-2,13.710150042306449,13.457614561938733,13.472883589200704
4665766-1-1,13.122363377404328,13.88375322912333,13.897682386071992
4665766-1-2,12.89921982609012,13.447010315258936,13.492190996074719
4665767-1-1,13.997832114758229,13.740448703312529,13.699093471084815
4665767-1-3,13.217673557208654,13.135687490763654,13.141741334329863
4665768-1-1,14.73180128983843,14.853038066496612,14.948223755969378
4665770-1-1,14.22097566607244,13.365646556854891,13.376236334458152
4665770-1-2,14.50865773852422,13.849486496589128,13.887163185059116
4665770-1-3,13.77754353361467,13.924420087605416,13.919405423508255
4665771-1-2,15.60727002719233,15.29980018815276,15.311706980153868
4665771-1-3,13.997832114758229,14.873116218851361,14.88489665582693
4665774-1-1,12.676076274775909,11.819919525400135,11.927596269094414
4665775-1-1,15.109552559379075,14.80207814486145,14.740556921746663
4665777-1-1,12.676076274775909,12.16034150284425,12.147484251643958
4665780-1-1,15.501909511534503,14.927175725989844,14.896541940769154
4665781-1-3,14.266586177324491,14.973459474628203,15.001535628613684
4665784-1-1,12.89921982609012,13.527601086811263,13.524763790640408
4665787-1-1,13.592367006650065,13.206883700595151,13.273116858825444
4665788-1-1,13.745886795543196,13.766423812519388,13.81260064498329
4665788-1-2,13.745886795543196,13.68377251047944,13.70907859685167
4665792-1-1,13.72059859885956,13.989044319723584,14.021904042059607
4665793-1-1,12.388394202324127,13.149430583954139,13.131566970553077
4665796-1-1,13.017002861746503,13.627972541320089,13.697309041322233
4665797-1-1,14.50865773852422,14.157580082662557,14.136123979710536
4665797-1-2,13.675619557261449,14.001795313236784,13.940766483670423
4668984-1-1,15.647355750731617,14.636687168320911,14.64584580866379
4668985-1-1,13.815510557964274,15.063617931309203,14.939953102810827
4668986-1-1,15.761420707019589,14.589642226525294,14.599425199618
4668986-1-2,15.81021087118902,14.676635234043099,14.6902228504429
4669783-1-1,13.81871641371296,13.935696481405174,13.964149317987383
4669783-1-2,13.743938761227865,13.891699321198661,13.892306390822837
4669784-1-3,12.388394202324127,12.287582624418723,12.40791896074655
4669784-1-1,13.017002861746503,13.050369109837883,13.173781065686297
4669784-1-2,13.78620500177824,13.83675885446231,13.849090530370791
4669785-1-1,13.83844552924677,13.855861273716819,13.86756887900975
4669787-1-1,15.096444403426338,14.900550772118809,14.892142586496478
4669787-1-2,15.304662342117856,14.973771739070115,14.989895530350992
4671413-1-1,13.854731271117556,13.826846309990207,13.741071139874906
4671413-1-2,15.068273526459642,14.100383103700215,14.104276170620965
4671414-1-1,13.527828485512494,13.755342890047723,13.73055484055534
4671414-1-2,13.592367006650065,13.243910357174034,13.25979524844631
4671415-1-2,13.83796750257864,14.021555417871573,14.082883820875141
4671416-1-1,15.687312734865866,15.571929095422497,15.551859609799548
4671416-1-2,16.012735135300492,15.334572341300083,15.375835042003088
4671417-1-2,13.458835614025542,12.940595376277711,12.877075553330002
4671417-1-3,13.997832114758229,13.368658799821795,13.351055155659461
4671418-1-3,14.038654109278484,14.866039143085384,14.866290942804214
4671419-1-1,16.11809565095832,15.879568845834314,15.860758906121676
4671420-1-1,14.403297222866392,14.163970320291615,14.173118244651851
4671420-1-2,13.710150042306449,14.046573166586597,14.079769248152381
4671420-1-3,12.765688433465597,12.572642269518758,12.630714578059884
4671422-1-1,13.856492519689091,13.809509677498902,13.842748634579053
4671422-1-2,13.849911984681606,13.999218531007237,13.996023285292136
4671423-1-2,13.675619557261449,14.010747703666668,14.01182566694828
4671425-1-1,14.50865773852422,13.39994689092644,13.453599455525364
4671425-1-2,13.122363377404328,12.957325211353169,12.959642285128151
4671426-1-3,12.89921982609012,13.271213959398526,13.305359657662063
4671428-1-1,15.424948470398377,15.621567673458266,15.593226832918738
4671429-1-1,14.72846242201773,14.418327722336056,14.428923961658278
4671430-1-1,13.648845766834729,14.397802098036728,14.384911002345376
4671430-1-3,13.710150042306449,14.386013470314381,14.335211606712036
4671430-1-4,12.206072645530174,13.489192042243992,13.474954918804107
4671431-1-4,13.458835614025542,13.564657935873004,13.604389740972778
4671432-1-4,13.304684934198283,13.732966322120552,13.748637173585518
4671433-1-1,15.50499114730268,14.345034443688396,14.324589202909205
4671434-1-1,15.28184766521924,15.333227617637831,15.37374872777801
4671435-1-1,14.639686000930624,14.764017843664794,14.746668063071596
4671436-1-1,14.99416555430592,15.103025570633967,15.035029122650464
4671436-1-2,14.588700484659292,14.66287514957869,14.655014478475604
4671436-1-3,15.46577049691863,14.971628324151492,15.015473420317418
4671439-1-1,14.73180128983843,15.532601144791808,15.640525544088826
4671442-1-1,13.649731393199788,13.689814911560678,13.71789952358812
4671442-1-2,13.592367006650065,13.01824714641695,13.03014242952853
4671444-1-1,16.082468473315167,15.128724720976441,15.128517502309105
4671445-1-1,16.012735135300492,14.937278720400142,15.01846345298125
4671448-1-1,13.781436577630522,14.334701390073779,14.328044132578253
4671448-1-2,13.686540176667314,14.044409999835691,14.030529794737507
4671449-1-2,14.28551418721001,14.585138915115648,14.552908227963407
4671450-1-1,10.819778284410283,11.765431556759143,11.770336314563139
4671450-1-2,12.873902018105827,12.762862379689407,12.778126725478232
4671450-1-4,12.611537753638338,13.262875239987304,13.230512144231259
4671450-1-5,13.122363377404328,13.671981176595718,13.70789988607731
4671451-1-1,13.458835614025542,13.269026666973122,13.287562068874266
4671453-1-1,13.304684934198283,13.423617862973993,13.435210801295408
4671453-1-2,13.710150042306449,13.238919061999587,13.225710276400331
4671454-1-1,13.997832114758229,12.940888100582974,12.970466495994216
4671455-1-1,14.555801011598383,14.388489328258236,14.414092105598924
4671455-1-2,14.426440872204706,14.566260881067267,14.533907882376324
4671457-1-2,13.832859196298887,13.973300557330091,13.944015463574548
4671457-1-3,13.752160996400727,13.455922619894723,13.444431251939358
4671458-1-1,12.206072645530174,12.753768410457212,12.909023222984025
4671458-1-6,13.675619557261449,13.61579207850151,13.571037133747096
4671458-1-7,11.289781913656018,12.966769408805106,13.000735401324501
4671459-1-1,13.876804132452556,14.187335343377521,14.186018120613682
4671459-1-2,14.129921948001796,13.656990298633925,13.620628120240008
4671461-1-3,14.09215696079579,13.759815560057014,13.732518078204071
4671462-1-1,13.85633257248453,14.155451759284187,14.160923872903593
4671462-1-4,14.45999256654294,14.489122391878873,14.524355734985562
4671463-1-1,12.89921982609012,13.585216033167416,13.596176980169574
4671463-1-2,12.89921982609012,12.393164374645325,12.351928533279159
4671464-1-1,14.540761842424752,14.278530723443966,14.27859820130458
4671465-1-1,13.747885678920266,13.981449819028072,13.98113894813808
4671465-1-2,14.213578373441964,14.569310162129192,14.581061718254187
4671467-1-1,11.695247021764184,13.498225294023849,13.532372290704943
4671467-1-2,13.77758676844185,13.970759516353251,13.929033761294875
4671467-1-4,13.80743100611233,14.103164287029404,14.097139715572885
4671468-1-1,14.721750953984929,14.52174398241408,14.51123744357969
4671469-1-2,13.710150042306449,13.589051213320998,13.610426113351139
4671469-1-4,12.89921982609012,12.683835178439713,12.709951751506427
4671469-1-5,14.301018373745976,13.848140378118341,13.857444473983458
4671470-1-1,13.217673557208654,12.6689126748755,12.643013485190801
4671470-1-2,13.85952744338105,13.806284193573806,13.78223053560369
4671471-1-1,14.50865773852422,14.204357413004725,14.275661383563051
4671471-1-2,14.50865773852422,13.695592165323838,13.603912280192748
4671473-1-1,15.031905882288768,14.912452044627651,14.9061342177093
4671474-1-1,13.815510557964274,13.51123273572909,13.527044815728711
4671475-1-2,15.068273526459642,13.966487381352788,13.929807424311697
4671475-1-3,13.122363377404328,12.941694910571771,12.876035315095917
4671476-1-1,13.081541382884074,13.091732136106296,13.097614901302844
4671477-1-1,13.9108207377686,13.761001356340717,13.803294310478957
4671477-1-2,13.895553304099348,13.31683431115572,13.294579533844788
4671477-1-3,13.872090304408536,13.851381928278949,13.846673606866798
4671477-1-4,13.599839021488766,13.767961481776123,13.786526607839395
4671478-1-1,11.512925464970229,13.897713032371955,13.925098907051925
4671478-1-2,12.611537753638338,12.660661648332535,12.6314619233662
4671479-1-1,15.89495209964411,14.637602360844578,14.676563199321249
4671479-1-3,14.1579175596911,14.142739102865717,14.099865889964041
4671479-1-4,13.713241162645325,13.968897880076817,13.993923674608695
4671480-1-1,14.15405822866715,14.11122915188515,14.15499487332019
4671481-1-1,14.557447902693651,13.773462626994567,13.808694947521166
4671481-1-2,13.751730149386743,14.030311422814775,14.060945872770702
4671482-1-1,14.403297222866392,13.670487555145442,13.589328544843719
4671482-1-2,11.407564949312402,12.322596511357085,12.296026214827574
4671483-1-1,14.22097566607244,14.30150359921753,14.447143340393398
4671483-1-2,14.301018373745976,14.455278598918474,14.43924597032281
4671483-1-3,14.580978400103843,14.03417101409653,14.035262226020418
4671484-1-1,14.644789949212434,14.734384553552811,14.753526195092975
4671486-1-1,13.77689413718957,13.871723290948486,13.885689759342702
4671486-1-2,14.077874822431763,14.03893410678735,14.015593792152723
4671486-1-5,13.745931420907242,13.814329858137626,13.809063816897286
4671487-1-1,13.745886795543196,13.626347120539345,13.620964395013733
4671487-1-2,13.799528205367324,13.93789068684047,13.945528652230278
4671487-1-4,13.745886795543196,13.983654553820942,13.978509167134298
4671488-1-1,14.168426144365164,14.14826619764859,14.146758980374804
4671488-1-2,13.745037663211583,13.379230640383724,13.368621779266345
4671489-1-1,14.521080258522776,14.813889772032747,14.851125139691042
4671489-1-2,11.951180395901384,13.033513247816114,13.014340074389592
4671493-1-1,14.22097566607244,14.794838220049648,14.8323298087712
4671493-1-2,15.501909511534503,15.047849831986102,15.05565916050334
4671494-1-1,15.201804919084164,14.589029729545096,14.583324685294027
4671495-1-1,13.710150042306449,13.606311736455561,13.614256346035834
4671496-1-1,13.808228797682276,14.067842984866893,14.103726661277332
4671497-1-1,13.710150042306449,14.26739560370788,14.266426108011814
4671498-1-2,15.761420707019589,15.117485408473089,15.055503379966728
4671498-1-5,14.391561966647972,14.884176035151018,14.969835240064908
4671499-1-1,14.808762330974558,14.28298338484208,14.228983607065567
4671499-1-2,14.7014794955925,14.652396025790313,14.69681604342813
4671500-1-1,13.458835614025542,13.7179947233118,13.672291761714943
4671500-1-2,13.458835614025542,13.567232789519869,13.59139628670204
4671501-1-1,14.19394699368452,14.516199797249884,14.521716860490793
4671502-1-2,14.744520062246204,15.089805262626557,15.073098876800236
4671503-1-1,13.775854224942432,13.581925178903102,13.62349698064262
4671504-1-1,13.778581691522824,13.733721925975225,13.720608583254814
4671505-1-2,15.770899427389224,14.968449987288489,14.94271871630492
4671507-1-1,13.685443229962482,14.811842532063942,14.805203801658251
4671507-1-2,13.685338445207146,14.819483404351937,14.821310199050005
4671507-1-3,14.849584325494812,14.490945674352377,14.53644898066058
4671509-1-1,14.465228180596885,14.096470652011037,14.07745678311177
4671509-1-2,14.22097566607244,13.660564813711165,13.592976037417316
4671509-1-3,14.1276502153896,14.031704860577014,14.021867866266014
4671509-1-4,13.997832114758229,13.622297188829577,13.641732266403965
4671509-1-5,13.710150042306449,13.472018128815408,13.394668367694015
4671511-1-4,13.592367006650065,13.649962244806657,13.632103591580242
4671512-1-3,14.033601365641832,14.202553475290769,14.139433195160482
4671513-1-2,14.73180128983843,14.128398606238296,14.16390342367434
4671514-1-1,13.592367006650065,14.38542730320731,14.424850251140349
4671514-1-2,15.068273526459642,15.543462135347637,15.642919349438747
4671516-1-1,13.7415410377641,13.644450955174285,13.638134571371143
4671517-1-1,14.22097566607244,13.943606134027199,13.96870185586065
4671519-1-1,14.89022855488245,14.854290763554788,14.836056213910325
4671519-1-2,13.304684934198283,13.504116096155048,13.455374862898024
4671521-1-2,13.554145793829866,13.665500418771066,13.591139423471063
4671522-1-1,14.840835050862552,14.810382003946021,14.770151957328219
4671523-1-1,15.107952033161114,15.272625492327258,15.213397402777368
4671524-1-5,13.745886795543196,13.86991542085948,13.836966599470298
4671525-1-1,13.997832114758229,12.911719884968988,12.989291307657124
4671527-1-3,14.616016294269867,14.660559125756846,14.643326738913693
4671527-1-4,15.176487111099874,14.092004111488965,14.114681297890732
4671528-1-3,15.246618974714591,15.136708386566587,15.070224000045613
4671529-1-1,13.997832114758229,13.42462104829748,13.450279926481361
4671532-1-1,15.483217378522353,15.651401746378836,15.756869336104412
4671535-1-1,13.745886795543196,13.86976829509383,13.888970295212545
4671535-1-3,14.143526425786495,13.859686298422773,13.83775149750516
4671535-1-4,13.675619557261449,13.727773600229908,13.692368303964919
4671536-1-1,12.89921982609012,12.811318873899433,12.85459446783039
4671537-1-1,11.512925464970229,12.541910784613542,12.552939249540838
4671538-1-1,13.458835614025542,14.078146248118783,14.085010777379757
4671538-1-6,13.997832114758229,13.632900225375506,13.658525562093278
4671540-1-1,11.156250521031495,12.888030945455386,12.88796443626204
4671541-1-1,12.611537753638338,12.685754753173,12.668069002930952
4671542-1-1,13.304684934198283,12.591371010305181,12.559552895241247
4671543-1-1,13.592367006650065,14.162736879532028,14.122253801825938
4671546-1-1,15.71203041280814,15.332389148509794,15.35614142330752
4671549-1-1,13.815510557964274,14.35592226351029,14.376622617822015
4671549-1-2,12.89921982609012,12.18389917046371,12.079925711862003
4671550-1-1,14.259127458774785,14.987875805989576,14.978211574862042
4671550-1-2,11.512925464970229,12.366245727987556,12.360000969182806
4671550-1-3,14.978661367769956,14.85261818924207,14.88079610942417
4671550-1-4,14.777411832937617,14.165126398026786,14.15209526021636
4671551-1-1,13.74949861854558,14.001059709951024,14.00767478699933
4671551-1-2,14.3303282279002,14.07991536463958,13.819599572887718
4671552-1-1,13.815510557964274,13.623997444500038,13.6000800356559
4671552-1-2,14.346138809026444,14.54349923977868,14.551524608988725
4671554-1-1,14.018451401960965,14.095951981265488,14.062752709479787
4671554-1-2,13.592367006650065,13.300728592750762,13.342810699123595
4671555-1-2,13.592367006650065,13.351526566930454,13.297730454926132
4671556-1-2,11.512925464970229,11.867926753668524,11.798434241906353
4671556-1-3,14.914122846632385,15.164905115474014,15.181024746668044
4671556-1-4,14.989539485917138,14.54906702847143,14.528501629054608
4671557-1-1,12.429216196844385,13.780379235144057,13.680201085886198
4671557-1-4,12.765688433465597,14.445996777992699,14.512108452160257
4671558-1-1,13.592367006650065,13.695299828787899,13.649898457125843
4671559-1-1,13.592367006650065,13.732420158303851,13.73882100683271
4671559-1-2,13.56864023998032,13.31509777622042,13.263687160653205
4671561-1-1,15.103364846270912,14.503358130073746,14.483944961593275
4671561-1-2,15.063787263930156,14.38757681775585,14.45397079138556
4671561-1-3,15.049042213075442,15.004949402472208,15.026861638277362
4671563-1-3,14.808762330974558,15.127641457638523,15.175821965003207
4671565-1-2,13.937728190688524,13.954778135898998,14.02049947232762
4671565-1-4,13.80076912245196,13.677357415274686,13.735640315109755
4671566-1-2,15.109095498122754,14.791029387586603,14.752061095134364
4671567-1-1,10.596634733096073,12.91267008881281,12.815685066118647
4671567-1-2,10.596634733096073,13.173108779266242,13.20948716296926
4671567-1-3,14.235535817403768,14.308075615020776,14.337069796101865
4671568-1-1,14.811843966742734,14.98658782542154,14.973083900628312
4671568-1-2,13.592367006650065,13.66152652399439,13.666714066039193
4671570-1-1,13.745886795543196,13.95614249262873,13.995347472149247
4671570-1-5,13.772379976226832,13.576314796943787,13.579601764031485
4671571-1-1,13.710150042306449,13.843893795699302,13.860745556188093
4671572-1-1,15.433875208251996,14.91119651308027,14.71967505172455
4671572-1-2,13.815510557964274,13.549982689437831,13.528208425746806
4671573-1-1,14.22097566607244,13.9049522952209,13.883096570243863
4671573-1-2,13.710150042306449,12.786714240021485,12.804614087243174
4671574-1-2,13.77784328260148,13.672056346691694,13.658383426280015
4671575-1-1,14.50865773852422,14.36527608363707,14.352830729723454
4671575-1-2,13.592367006650065,13.458483513933032,13.409951646841831
4671576-1-3,13.85633257248453,13.719719598065314,13.705780811022676
4671576-1-4,14.684010695932148,14.203773419834938,14.202981774848434
4671577-1-1,15.60727002719233,14.990413191790259,14.95701888375714
4671579-1-1,13.592367006650065,13.562686722256537,13.559385701548361
4671579-1-2,14.73180128983843,13.808398218772812,13.922416946709165
4671580-1-1,14.077874822431763,13.843908141544905,13.827664055239763
4671581-1-1,13.77754353361467,13.885860203088011,13.901696639476958
4671581-1-2,10.819778284410283,10.83907824319951,10.77971179934048
4671581-1-4,13.675619557261449,13.58426731714352,13.573776010990484
4671583-1-1,14.454664882544332,14.004249980369329,13.99794579100276
4671583-1-2,14.051467367743635,13.950601094672312,13.930805268233824
4671584-1-1,14.549479753044476,14.995735455536357,15.008606854735083
4671585-1-1,14.278426629708116,14.660603871151334,14.80737972243053
4671586-1-1,15.417218672336434,15.029334076031072,15.026976092560886
4671586-2-1,13.918367980997964,13.9684579912088,13.94628161583145
4671587-1-1,14.261797660592691,14.110043168409948,14.069078087698188
4671589-1-1,13.710150042306449,13.538657716877777,13.565201015851278
4671590-1-1,12.206072645530174,12.592596007668803,12.581840034703879
4671591-1-1,13.745886795543196,14.112906143848084,14.08810981484309
4671592-1-1,13.304684934198283,12.926106002010242,12.882931564520732
4671593-1-1,14.22097566607244,15.186358999285996,15.083961805448475
4671593-1-2,14.048234767850875,14.219889033844941,14.236843276035636
4671594-1-1,11.512925464970229,12.173370023773941,12.151437792314443
4671595-1-1,12.89921982609012,13.094175504005264,13.076286865784825
4671595-1-2,13.815510557964274,13.704765035895427,13.713096293230963
4671595-1-3,13.710150042306449,13.737846227346356,13.746377505786107
4671595-1-4,14.215881127587428,14.095609427997717,14.126662824324603
4671595-1-5,12.429216196844385,12.066597148403991,12.11984859737211
4671596-1-1,15.612810235192253,14.31147649011267,14.314819516581634
4671597-1-1,15.01948333729021,14.68448374013338,14.65218724974991
4671598-1-2,13.304684934198283,14.577698753682178,14.570119920030548
4671599-1-1,12.89921982609012,13.47464172165962,13.459008297707891
4671600-1-1,13.880049040039344,13.817749398001085,13.810617997790457
4671600-1-2,13.815510557964274,12.556392902416011,12.560501908034215
4671600-1-3,14.077874822431763,13.612358617905354,13.637407702025374
4671601-1-1,14.73180128983843,14.283214937963269,14.31918816977066
4671601-1-2,13.676708155083816,13.615051619228682,13.599439001873275
4671601-1-3,12.88664104388326,12.353074659930755,12.261341987250699
4671601-1-4,12.206072645530174,13.055351539006896,13.020940077392492
4671602-1-1,14.088079024331895,13.913825776183115,13.879982385085713
4671603-1-1,13.38472764187182,13.492475235684653,13.445216425685823
4671603-1-2,13.304684934198283,13.70043038940401,13.624665568408412
4671603-1-3,13.304684934198283,13.371030945690405,13.356361218329956
4671603-1-4,13.122363377404328,13.707080993369075,13.661662071415984
4671604-1-2,13.304684934198283,13.810325637744247,13.926492617405195
4671607-1-1,13.769338535344216,13.285786214069834,13.296917849685762
4671608-1-1,13.122363377404328,13.212809108142014,13.161970687549218
4671608-1-3,14.437877578824532,14.095763450620465,14.131806422030085
4671608-1-4,13.675619557261449,13.87991696035714,13.873536612957004
4671608-1-5,13.745886795543196,13.86926078069993,13.88182891479998
4671609-1-1,14.11869678618279,14.771265148427945,14.756178199323047
4671611-1-1,12.206072645530174,13.137394980686787,13.094387788557794
4671612-1-1,14.28551418721001,14.422502044131816,14.395932841484155
4671612-1-2,12.793859310432293,12.632107280494566,12.71859329879437
4671613-1-1,13.997832114758229,13.505447242217816,13.499702688722849
4671614-1-1,13.92536860703908,13.929382963368319,13.946160234358906
4671614-1-2,13.798703418461452,13.478877610238811,13.488787787930296
4671616-1-1,14.22097566607244,13.765837378050499,13.74400805592763
4671616-1-2,13.745886795543196,13.613926454899817,13.572442804292876
4671616-1-3,12.611537753638338,12.654742599749852,12.683862836777568
4671617-1-1,13.815510557964274,13.881086710331735,13.820844926688814
4671618-1-1,13.897244104594384,14.00863499518225,14.007737226225618
4671619-1-1,14.403297222866392,14.240852147072212,14.267080871769956
4671619-1-2,13.56864023998032,13.832998618210883,13.853841708240651
4671620-1-1,13.304684934198283,13.612676550844245,13.635463640323271
4671621-1-1,13.017002861746503,13.683149538544521,13.642903913082767
4671621-1-2,12.971540487669746,13.847711304151238,13.8273493602892
4671627-1-1,13.643178935199668,13.682062534351884,13.676799082329536
4671627-1-2,13.697514999726566,13.612555988891971,13.585336160660095
4675303-1-1,14.403297222866392,14.892505139335615,14.964271516305706
4675304-1-3,13.811622697519809,13.874278965875174,13.897376773088256
4675305-1-1,13.997832114758229,13.139142618337418,13.161495832409758
4675305-1-2,13.743938761227865,13.818574108700021,13.826322601414356
4675306-1-1,13.908089739257369,14.279856416422426,14.285635562911203
4677422-1-3,13.815510557964274,13.296734968335336,13.316742720792599
4677422-1-1,14.28551418721001,14.00247850865883,13.980604578589288
4677422-1-2,14.22097566607244,13.297540669657662,13.263893339564067
4677423-1-2,11.002099841204238,13.516389167233472,13.490836451294287
4677423-1-1,13.972827612389462,14.356974458988825,14.410417203090171
4677424-1-1,15.755450563985178,15.80898649390153,15.758558209027688
4677425-1-1,13.592367006650065,13.311139839775828,13.384037267699195
4680209-1-1,13.304684934198283,13.038668399144012,13.040990995858303
4680209-1-2,13.56864023998032,13.956597098236722,13.960382501428896
4680210-1-1,14.53335035111459,14.247432233348729,14.256439117052345
4680210-1-3,15.02447090380125,14.404337536941048,14.359331025284485
4680210-1-4,13.733806142293425,13.83327880121894,13.819732828603966
4680211-1-1,14.22097566607244,13.766142569207885,13.711810061427098
4680211-1-2,14.648419680899378,14.653396937817828,14.674183803867642
4680211-1-3,14.444119217386648,14.252438953335568,14.260094881035332
4680211-1-4,14.954944841152638,14.860342672670548,14.824351179601488
4680212-1-2,13.458835614025542,13.325518566349466,13.311919357957855
4680213-1-1,13.592367006650065,13.841098763272864,13.810950640878085
4680213-1-2,13.687055402277576,13.43710497058389,13.35055120352916
4680214-1-3,14.441026974661623,14.597023262559908,14.536853734178159
4680215-1-1,15.084802804991648,15.198016339800597,15.201434287727771
4680215-1-2,15.132812025275785,14.901415225633203,14.908588484208337
4680218-1-1,13.815510557964274,13.984491243245161,13.985985149030077
4680218-1-2,13.710150042306449,13.432463285237997,13.416869658320756
4680219-1-1,13.9108207377686,12.991458110483146,13.031763578798957
4680219-1-3,14.989024129032304,14.31259241846644,14.266654006859756
4680219-1-4,14.175513321065448,13.951096024045775,13.955277412903797
4680220-1-3,14.457364444136669,14.101732902122338,14.09403200989002
4680221-1-1,14.207552645740298,14.729402721551761,14.741792300953517
4680221-1-2,13.29069872743481,13.2695910311664,13.290974053569169
4680222-1-2,14.392123922268269,13.919222963192478,13.943319065825712
4680222-1-3,15.326968098802876,14.348386777162297,14.360935160706365
4680223-1-3,14.0623706358958,15.079209095355118,15.135992201723075
4680224-1-2,14.085537695177337,13.90405379209852,13.899461856726482
4680225-1-3,14.50865773852422,14.991740252387801,14.995221425989273
4680226-1-2,14.808762330974558,14.011751855658108,14.042886723997452
4680227-1-1,13.122363377404328,13.177090222088756,13.234582475671209
4680227-1-2,12.89921982609012,12.842301140332133,12.840740152157064
4680228-1-3,13.845069360205818,14.881401619687516,14.869588051932618
4680229-1-3,14.143526425786495,14.31016899416756,14.276758875127957
4680229-1-4,13.745037663211583,14.050757457808833,13.999304540453274
4680231-1-1,13.568842461603108,13.76011765060126,13.747160342875311
4680231-1-2,13.304684934198283,13.269710297910363,13.31929485665035
4680231-1-3,14.301018373745976,13.900041133231829,13.827131101878988
4680232-1-1,13.592367006650065,13.330254897667913,13.331368409750711
4680232-1-2,11.289781913656018,13.193924254891455,13.192672123477138
4680233-1-1,14.75160391713461,14.686070699064802,14.707021831296721
4680233-1-3,14.480515432577938,14.415723573303596,14.359533081923303
4680234-1-1,14.346138809026444,14.760558791175788,14.795870494595533
4680234-1-2,13.90004562141882,14.112255004141298,14.108329181116039
4680235-1-1,13.710150042306449,14.12200857714537,14.028959498779683
4680235-1-3,13.710150042306449,13.59795370744163,13.611463988523933
4680236-1-1,16.133589597441855,15.565452920941102,15.531698634827096
4680237-1-1,14.50865773852422,14.345757826645768,14.134813921230325
4680237-1-2,13.527828485512494,13.317018632870733,13.575434080594507
4680237-1-3,13.747716610337942,13.872370140146508,13.83116004361262
4680239-1-2,13.238663870192475,12.908483097865304,12.83441087830048
4680239-1-3,13.771062531181917,13.924006207738307,13.932520026096167
4680239-1-6,13.949779178769308,13.811506099273673,13.910159273994918
4680240-1-1,13.769338535344216,14.099955567413764,14.0717660331263
4680240-1-5,15.91964471223448,16.272670322273843,16.25027020569343
4680241-1-1,12.89921982609012,13.620772128624038,13.660256585297542
4680241-1-2,12.206072645530174,13.255881076322186,13.222575609144558
4680242-1-1,12.89921982609012,12.737203902713473,12.762962476806923
4680244-1-1,12.948009990259552,13.168137991113793,13.284140306725181
4680245-1-1,15.250595083253597,14.865281186993677,15.021353960071659
4680246-1-2,13.895553304099348,14.110658593038485,14.086278001272072
4680246-1-3,14.280815666428456,14.115127460520025,14.107082078987586
4680247-1-1,13.458835614025542,13.600188934760654,13.573186809376534
4680247-1-3,13.122363377404328,13.546951391317448,13.526155021191284
4680247-1-4,13.122363377404328,13.790687727769617,13.77225088732229
4680249-1-1,13.742939865129438,13.8555898435166,13.86342994877353
4680249-1-2,13.304684934198283,13.677075569023572,13.662989873371913
4680249-1-3,13.641157170819495,13.319569566748457,13.323719300722674
4680250-1-1,13.710150042306449,13.633781151999965,13.601374073832776
4680251-1-1,14.50865773852422,13.336473239770292,13.32283410946953
4680252-1-1,16.85206485803852,16.249522989324326,16.273363876566638
4680252-1-2,16.62892129472431,15.474895810422218,15.46553836838259
4680253-1-1,12.206072645530174,12.93451041588428,12.941252570350732
4680254-1-1,13.710150042306449,14.02708418689802,13.99494701399707
4680254-1-2,9.903487552536127,11.365490405986675,11.394536790563738
4680255-1-1,13.997832114758229,14.142595952992322,14.134901849962336
4680256-1-1,14.22097566607244,13.885526644602193,13.942459325923172
4680256-1-3,14.417090544998729,14.702769296454864,14.721702305281008
4680257-1-1,11.918390573078392,12.819374372679027,12.833818171917432
4680258-1-1,15.02447090380125,15.093790204397498,15.11650215092938
4680259-1-1,14.057170419427296,14.011208787730043,14.002916918510277
4680259-1-4,14.032202140016356,13.99889050608978,14.003090264692664
4680260-1-1,13.458835614025542,13.471472058297515,13.459252166575233
4680261-1-1,13.081541382884074,12.86918885548692,12.903986378285504
4680262-1-1,14.811843966742734,14.198633298239036,14.182903361595189
4680262-1-2,15.464169183551656,14.510558658441354,14.533064730978174
4680262-1-3,14.626440774180605,14.217818370646734,14.215770533512362
4680263-1-1,14.208228093249936,13.84726127702517,13.830764823814793
4680264-1-2,14.261797660592691,14.578984353529796,14.572115516502922
4680265-1-2,13.304684934198283,13.724099886378372,13.68736008791275
4680265-1-3,14.210281520324212,14.170110002970997,14.184428917033202
4680267-1-1,14.726118473179632,14.639733632159524,14.638659536820422
4680267-1-2,13.717530172582013,13.813754585485244,13.814607562958054
4680268-1-1,13.592367006650065,13.582188320340306,13.587460737596096
4680268-1-2,13.997832114758229,13.738976516343907,13.746201501729264
4680269-1-1,14.499112325680688,14.652441705866599,14.638611819897747
4680270-1-1,14.861659306370647,15.070900792859081,15.03784109630673
4680272-1-1,14.697611524219306,14.51216339300501,14.506108423214025
4680273-1-1,13.304684934198283,13.632435175152732,13.667664521368206
4680273-1-2,14.141723923281466,14.413598898629221,14.4333481626275
4680273-1-3,13.675619557261449,13.711229394903492,13.69614440641738
4680274-1-3,14.017262430107856,14.068072692614853,14.103144986966814
4680274-1-4,13.815510557964274,14.252793916815357,14.208450377752198
4680275-1-1,13.235692062711331,12.940208217535925,13.012297858976696
4680275-1-2,13.592367006650065,12.594815287723584,12.586374909409486
4680276-1-1,14.403297222866392,14.000513794890688,13.9952660484297
4680276-1-2,14.002681483373916,14.185442663499725,14.216119778961085
4680277-1-1,13.815510557964274,13.395686874569208,13.391991422924542
4680277-1-2,13.122363377404328,12.859714489322664,12.890782600569361
4680277-1-5,13.675619557261449,13.825912699027242,13.820357733467633
4680278-1-1,13.778797817217388,13.804932414674488,13.794791993393467
4680278-1-2,13.887562346191398,13.733902626980342,13.71955240996738
4680279-1-1,13.487006490992238,13.73255583876531,13.743623602020886
4680279-1-2,13.739349219480724,14.018735334116462,14.05579349839548
4680280-1-1,13.710150042306449,13.50484318059629,13.51612098082521
4680281-1-1,14.259262850674784,14.140596290005734,14.160281574628678
4680282-1-2,13.9108207377686,13.575964574498276,13.644397527661596
4680282-1-6,13.541073712262516,13.404397892341073,13.388128207480996
4680282-1-7,11.289781913656018,10.720747201776204,10.705509601327481
4680283-1-1,14.50865773852422,13.954665316652177,13.981876760238636
4680283-1-2,14.151982794585487,14.512277253259073,14.526136135076483
4680284-1-1,15.36129840779794,15.05819672415776,15.091148178222106
4680285-1-1,13.709542079756886,13.818594142147987,13.80037859697176
4680286-1-1,13.983845907994755,13.93997899919785,13.953814675346054
4680288-1-1,13.906341059886628,13.838014464758702,13.81473238094156
4680288-1-2,13.997832114758229,14.339964896743936,14.30706843455055
4680289-1-1,14.343121098550194,14.152059182232607,14.156192247745231
4680289-1-2,14.542677933161546,14.196023848228803,14.199524203579594
4680289-1-4,13.592367006650065,13.310237771708504,13.371498251759462
4680290-1-1,14.73180128983843,15.176275109552586,15.15714635931186
4680291-1-1,14.22097566607244,13.374770075352812,13.386109904499984
4680291-1-2,12.611537753638338,12.551333442077029,12.55569755925887
4680291-1-3,13.675619557261449,14.167484902697788,14.187533042351928
4680292-1-1,14.077874822431763,13.83036858080191,13.8674819747274
4680292-1-2,13.778581691522824,13.616841079235696,13.700657149425286
4680295-1-2,13.675619557261449,13.347854725889208,13.38921568764659
4680296-1-1,14.1730994216511,14.556368547540789,14.547124149711369
4680297-1-1,13.675619557261449,13.976329556651683,13.98991912048372
4680297-1-6,13.56864023998032,12.23880172620235,12.254122776266847
4680298-1-1,13.592367006650065,13.105511726086913,13.072175803532902
4680298-1-3,14.28551418721001,13.539222437397363,13.477322674306174
4680298-1-4,13.608374066723934,13.685375565283959,13.641007224120692
4680298-1-6,13.997832114758229,13.678363669894662,13.61379902166324
4680299-1-1,13.270783382522602,13.4908789214136,13.502045388856057
4680299-1-4,13.567049198665774,13.298119974984882,13.354571091856673
4680300-1-1,14.321752316855848,14.259267875126369,14.262540308569235
4680300-1-2,14.33917994632619,14.2811656755818,14.294477637375888
4680301-1-1,14.01903164175256,14.222498034857573,14.245896787373205
4680301-1-3,13.973833415000485,14.020866263685628,14.037429720558306
4680301-1-4,13.458835614025542,13.534449734255531,13.597621604866905
4680303-1-2,14.027487696297088,13.833448093433477,13.744022469515034
4680303-1-4,13.600139224562271,13.807720871992846,13.925645805713613
4680305-1-1,12.89921982609012,13.54565486069413,13.537209243763087
4680307-1-1,14.50865773852422,14.066492370967831,14.06645896503312
4680307-1-2,13.38472764187182,13.635192316793582,13.639516521532675
4680308-1-1,13.122363377404328,13.772707453226351,13.833418290923435
4680309-1-1,14.70134208235372,14.333540134653834,14.361386210270133
4680310-1-1,12.89921982609012,13.226739638141527,13.202071369977219
4680310-1-2,14.926819649999471,14.681858095847552,14.674745236601593
4680311-1-1,14.02917815389148,13.975905466258983,13.964343098276887
4680311-1-2,14.4790572472887,14.377424289204102,14.402568313896534
4680312-1-1,14.28551418721001,14.877651832740558,14.846286116362492
4680313-1-1,13.822439497324476,13.311702550073043,13.30775587556238
4680314-1-1,14.117588572306488,13.968759703216067,13.956481022321565
4680314-1-5,13.913886601383938,13.949131114460798,13.954214653848442
4680315-1-1,14.588700484659292,14.426760886736421,14.395089424949937
4680315-1-3,13.895553304099348,13.564127480214085,13.613874711120065
4680316-1-1,13.122363377404328,13.885284273065551,13.904147564923546
4680316-1-2,13.922869113709922,13.944347015771427,13.938163921318834
4680316-1-5,12.89921982609012,12.868429793294432,12.883812858555535
4680318-1-2,13.740556718550303,14.058582954360785,14.083876564148623
4680319-1-1,14.932617429268548,14.568336038504711,14.540271332157483
4680319-1-2,14.914122846632385,14.185822748944489,14.223672952559093
4680322-1-2,14.301018373745976,14.248563623535416,14.274453490537507
4680323-1-1,12.206072645530174,11.664473104581372,11.657367510293739
4680324-1-1,12.89921982609012,12.884479335408914,12.819631032699428
4680325-1-1,13.592367006650065,13.380673476918838,13.359629969886736
4680326-1-1,13.781387947374112,13.813697583183371,13.823918847175191
4680326-1-2,13.933481131589868,13.893000898844566,13.891823984702766
4680327-1-1,13.747827364189224,13.983587494702967,13.96369640291315
4680327-1-2,13.747827364189224,13.810791300169166,13.77367008983352
4680328-1-1,13.592367006650065,13.284835333930756,13.289456922658637
4680329-1-1,17.14771506813948,14.845977884799051,14.828136924979303
4680331-1-1,13.458835614025542,13.53079168228405,13.476080211882872
4680332-1-1,13.304684934198283,13.143139127301353,13.183492402825221
4680332-1-2,13.122363377404328,13.760088328204448,13.725676549567332
4680334-1-1,14.430696197054507,14.820049918472156,14.796698144055219
4680337-1-1,13.74949861854558,14.286703485041908,14.292619270264352
4680337-1-3,13.828635053742394,13.7929977439386,13.78379954455146
4680339-1-1,14.275042834711131,14.01436780002092,14.01312955190156
4680340-1-1,13.84421432243509,13.910341768077496,13.904700800694835
4680340-1-2,13.74949861854558,13.951774312650642,13.962571152817164
4680340-1-3,12.967657011962414,13.215618628672058,13.430899896925057
4680341-1-3,13.458835614025542,14.130291589560551,14.127137648941796
4680341-1-4,14.50865773852422,14.325021054728655,14.313139976023775
4680342-1-1,14.73180128983843,15.571044285915844,15.538168491065322
4680342-1-3,13.815510557964274,14.546367604879968,14.558166245027968
4680343-1-1,14.089254158427073,14.179331964162646,14.230754016156022
4680344-1-1,15.38412647587812,15.519346338426494,15.488980414990353
4680345-1-1,13.017002861746503,13.483895881205576,13.487918631769674
4680346-1-1,13.710150042306449,13.730729721133736,13.723271058031509
4680348-1-1,17.72753356339242,16.37487431520616,16.4595963818266
4680349-1-1,15.201804919084164,15.0910949791457,15.082583326635138
4680353-1-1,16.64872390202049,15.383200042784905,15.406870113580379
4680354-1-1,14.00028275531754,14.005408930477158,13.989199590023663
4680354-1-2,11.407564949312402,11.5090439506184,11.536251127798808
4680356-1-1,12.611537753638338,12.008846175492927,11.972833135226882
4680358-1-2,14.50865773852422,14.685117985594472,14.861234240007372
4680359-1-1,14.22097566607244,14.043152301000594,13.860408114679142
4680359-1-2,14.077874822431763,13.432268239733965,13.410433124610194
4680359-1-3,13.710150042306449,14.556717039826577,14.520867580862026
4680360-1-2,14.360737608447597,14.056280881675471,13.99055100833074
4680361-1-2,13.911013446471811,14.24629312823201,14.235787483920962
4680361-1-3,14.22097566607244,13.736932373027187,13.7807415450671
4680362-1-2,12.89921982609012,12.834202362988265,12.826613830960614
4680363-1-1,13.946431468117405,14.026211364989114,14.038108548492419
4680364-1-1,13.815510557964274,14.006023044467936,14.163074474042771
4680365-1-1,13.815510557964274,14.379798938689007,14.391295945687949
4680366-1-1,13.122363377404328,14.193978826106823,14.128014387980613
4680366-1-2,13.122363377404328,13.82367766558087,13.785088789627617
4680368-1-1,13.96526103537026,14.055038092789296,14.063987623583884
4680369-1-1,12.429216196844385,12.119881581337854,12.233045046904685
4680370-1-1,13.675619557261449,13.574787384227056,13.563862982471322
4680370-1-2,13.648682947653857,13.25441881884546,13.327961855432585
4680370-1-3,14.062275025856556,13.923287846701943,13.941507223838748
4680371-1-4,14.302811611088222,14.068486179665662,14.065647173603852
4680371-1-1,13.402517214921463,13.180082943088006,13.168563950184494
4680372-1-1,14.324334204109691,14.171950928620783,14.133896333840282
4680373-1-2,13.458835614025542,13.410797238730508,13.408641821733502
4680373-1-1,13.592367006650065,13.417297032204491,13.420567318256124
4680375-1-2,11.289781913656018,12.48697471932188,12.370364422077584
4680375-1-4,13.973833415000485,13.94051300620805,13.931396245360855
4680376-1-1,13.081541382884074,12.640007220643596,12.62010155963792
4680378-1-1,13.710150042306449,13.87705831151911,13.842002026748666
4680378-1-2,13.675619557261449,13.48679729218586,13.444525008373803
4680379-1-1,13.997832114758229,13.913097803764053,13.915668774613396
4680379-1-5,14.077874822431763,13.754814681535649,13.729410566965123
4680379-1-6,13.705035527109592,13.821407613477264,13.821260848986116
4680380-1-2,13.675619557261449,13.722247722909428,13.725164479878686
4680381-1-1,14.22097566607244,13.518971275068402,13.501473842344392
4680382-1-1,13.592367006650065,13.868509087535966,13.846504398836798
4680382-1-2,13.747827364189224,13.81610019425535,13.812301010916352
4680382-1-3,14.301018373745976,13.751630405587484,13.748974790812373
4680383-1-1,13.765236152228082,14.038553992983967,14.029374116009924
4680383-1-5,13.808774232283678,13.742933499343168,13.77165756080002
4680384-1-1,14.845129975145433,14.196547842932258,14.167361997209838
4680384-1-2,13.764217263576723,13.453858562355618,13.4465250085691
4680385-1-1,15.998748893325754,15.206724442968234,15.202909852720083
4680386-1-1,14.253765488895429,13.498340643400116,13.487401088498633
4680387-1-2,13.696964606361512,14.072543052812671,14.127963959218814
4680387-3-1,13.90004562141882,13.81046727866834,13.83957144707912
4680389-1-1,13.781387947374112,13.909978597493199,14.000296869113406
4680389-1-2,13.353280932693384,13.552619739292371,13.632501552099576
4680390-1-1,13.815510557964274,14.331051995054981,14.369789831424287
4680390-1-2,13.592367006650065,13.6814318816477,13.698791092413408
4680390-1-3,13.675801264203152,13.472570058531218,13.464248841318717
4680391-1-1,12.89921982609012,12.679043126685324,12.404905704577622
4680392-1-1,13.895553304099348,14.049888962900164,14.101150491645635
4680392-1-2,13.636673323861626,13.932852584464122,13.90864853059922
4680394-1-2,13.745886795543196,13.79110939374934,13.754575092863542
4680395-1-2,14.077874822431763,13.484553773863245,13.461911191530058
4680396-1-1,14.007507345893751,13.814365828901705,13.836169818743375
4680397-1-1,13.745886795543196,14.37518846226614,14.40974868446941
4680397-1-2,13.592367006650065,13.508575909773546,13.510092214155133
4680397-1-3,13.675619557261449,13.744832478759212,13.771478696737544
4680398-1-2,14.553471734393693,14.307229882861089,14.271117248228945
4680399-1-1,14.097585156630457,14.252971798902813,14.272170241596372
4680399-1-2,13.710150042306449,13.465533342316263,13.512131708043007
4680399-1-3,13.675619557261449,13.845665394072357,13.793275906663517
4680400-1-1,13.703967637230171,13.703694257779059,13.703127100181993
4680400-1-2,13.76976637819565,13.842010811471795,13.832771928956099
4680401-1-1,13.592367006650065,14.05943858580169,14.0953748877005
4680401-1-2,13.458835614025542,13.36551287256507,13.276040103077793
4680402-1-1,13.592367006650065,13.357069826259595,13.347669844208516
4680404-1-1,14.22097566607244,13.272204643964765,13.282532084501206
4680410-1-1,13.8878312195439,13.713501878678214,13.71408073729398
4680411-1-1,13.997832114758229,13.21298266379096,13.21392399337303
4680412-1-1,13.815510557964274,13.579444970612485,13.579737205020944
4680412-1-2,14.22097566607244,13.259996586595049,13.229688299426012
4680413-1-1,13.882657860769903,13.791826194493556,13.771735207044399
4680413-1-2,13.922527401154008,13.667637050749708,13.676204659522385
4680414-1-1,14.077874822431763,13.95948501749343,13.986994059771073
4680415-1-1,13.815510557964274,14.091213641970686,14.092249596881132
4680415-1-2,13.60580791223893,13.69972227977491,13.725301038733118
4680416-1-1,13.997832114758229,13.7309362098514,13.723886798248257
4680416-1-2,13.780459898040665,13.64882957986028,13.61666758731412
4680417-1-1,14.11869678618279,13.958348822246247,13.973015838234382
4680417-1-2,14.11869678618279,13.806812713218251,13.824301221019368
4680418-1-1,14.22097566607244,13.619216599258579,13.622159562665587
4680419-1-1,13.56864023998032,13.788221193655858,13.783950919160848
4680420-1-1,13.77754353361467,13.94903240747517,13.931685151875493
4680421-1-1,14.077874822431763,13.737221541942265,13.698994029549464
4680424-1-1,13.93072997702858,13.948647153269132,13.936654208694486
4680425-1-1,14.73694802265796,14.308948162152983,14.287234637366026
4680426-1-1,15.702580206996654,15.564282905995896,15.431190909530084
4680433-1-1,14.20634313078812,14.289131202435955,14.306106842016849
4680433-1-2,13.753053069974383,14.240590414924535,14.241560995962255
4680435-1-1,13.710150042306449,13.612717481340784,13.606155773462733
4680435-1-2,13.592367006650065,13.233699340651828,13.221939524070565
4680438-1-1,13.592367006650065,13.753539780240626,13.77704403207094
4680439-1-1,13.774629186681254,13.72254698839725,13.729616311752718
4680441-1-1,14.00475259208556,13.675875099968314,13.660741755017911
4680441-1-2,12.89921982609012,13.553849900144328,13.540890025112471
4680442-1-1,13.997832114758229,14.068966764616134,14.080086456280558
4680444-1-1,14.28551418721001,13.90575107647636,13.895653431321984
4680446-1-1,13.747827364189224,13.961626392485911,13.938496274754586
4680447-1-1,13.815510557964274,13.565884554720364,13.59246009282618
4680451-1-1,14.315201015236486,14.510563541518003,14.503241274778382
4680452-1-1,12.89921982609012,13.415234005500738,13.435759827519785
4680472-1-1,13.592367006650065,14.210083850390014,14.216438085972516
4682853-1-1,12.676076274775909,12.747276961153206,12.713138499164938
4682853-1-4,12.611537753638338,13.00799661602201,12.984924856653306
4682854-1-1,14.681770356232864,14.404884688770808,14.363323155175944
4682854-1-2,14.271668780387955,14.203355202085605,14.222131116741926
4683156-1-1,12.206072645530174,14.81515326253253,14.799680730391001
4683156-1-2,12.206072645530174,13.338890607383119,13.32342636572321
4683157-1-1,13.846686195626583,13.507498333611297,13.574321291801427
4683158-1-2,12.89921982609012,12.080054123686711,12.122310199157322
4683158-1-3,13.652991628466498,13.828862285262026,13.817170553747257
4683159-1-2,15.46577049691863,15.229187396915588,15.226257578065972
4685127-1-3,13.823688031104773,14.069492671136219,14.109630954890882
4685127-1-5,14.264460751416433,13.89924010210425,13.913183590778363
4685128-1-1,14.06497145006339,14.021563293228127,14.030140888932715
4685128-1-2,13.764217263576723,13.798613698713636,13.797344066161113
4685130-1-1,14.73180128983843,14.913615832998827,14.897421402492155
4685130-1-2,14.914122846632385,14.275815554436944,14.272618555826996
4685131-1-1,15.89495209964411,13.742197433576415,13.71006686452554
4685131-1-2,13.626164386233356,13.64900326639179,13.648313653761933
4685133-1-1,14.22097566607244,13.683380069198211,13.690825750056844
4685133-1-3,13.981024996441848,13.936738929509815,13.954287753525401
4685134-1-1,14.0687649921052,14.332062876307909,14.333922366439674
4685134-1-3,14.675531845453904,14.622763675534202,14.618514729453803
4685134-1-4,13.747827364189224,13.913491787048727,13.927815319242253
4685137-1-1,14.26019637922572,14.356529599351518,14.360350941710745
4685137-1-2,12.611537753638338,13.5028278455785,13.46261149679068
4685139-1-1,13.970270445044248,14.0755447179676,14.086521310286477
4685140-1-4,14.226515874072362,13.934967086270692,13.863478322032392
4685142-1-4,13.694607307935511,13.988725297875131,13.995420167608632
4685142-2-1,13.70740885813613,13.861452067775492,13.8475434337552
4685142-2-2,10.819778284410283,12.515193573828757,12.476879326351542
4685142-2-3,13.816221305323518,13.962711596469887,13.931151694100338
4685142-2-4,13.761453117896162,14.037420783962222,14.028503699075257
4685143-1-1,14.914122846632385,14.067156420358575,13.93484043997169
4685143-1-2,13.815510557964274,13.873705430358301,13.805540159854203
4685144-1-2,13.710653249010049,14.178093713000305,14.18543388211582
4685144-1-3,14.290709029993849,14.232760625664346,14.22234499797267
4685145-1-1,13.458835614025542,14.220657210508788,14.203699406831033
4685145-1-2,14.197851006933671,14.635574519798235,14.644934528305669
4685146-1-1,14.376959521748496,14.124827211637596,14.121881480195812
4685146-1-3,13.675619557261449,13.729352067936222,13.698342275349882
4685148-1-1,14.183535187361077,14.047887734514727,14.046150484978899
4685150-1-1,14.307934479180611,14.357011252786235,14.351657065965693
4685150-1-2,13.77817518643703,13.907315098538351,13.926878841938002
4685151-1-2,14.056624961860065,13.973383936786732,13.95168494721516
4685152-1-1,13.304684934198283,13.40689200352576,13.362773234700946
4685152-1-2,12.206072645530174,12.1604458106902,12.131567065010708
4685152-1-3,13.541073712262516,13.24033304506354,13.241128232186108
4685153-1-1,13.304684934198283,13.491811646942415,13.523878896436324
4685153-1-2,14.403297222866392,13.217934282413129,13.067892466849749
4685153-1-3,13.568842461603108,13.426640201670901,13.349939573728102
4685153-1-4,13.652991628466498,12.96492461051667,12.96681213669285
4685154-1-1,13.798579025129069,14.425377084151181,14.444573448513845
4685155-1-1,13.86989895133748,13.83634658698353,13.842618957617434
4685157-1-3,15.122908954690816,14.837812501239151,14.834285686356612
4685159-1-1,14.28551418721001,14.38086947277582,14.366426530017462
4685159-1-2,14.051899303133768,14.09823380290955,14.116375889128463
4685160-1-1,13.592367006650065,14.403979894277036,14.548136977898324
4685160-1-5,12.89921982609012,12.984542708443227,13.019645001413348
4685161-1-3,10.819778284410283,13.95688073580406,13.799784332555577
4685162-1-1,14.742411501931974,14.677154753711829,14.685595238810464
4685163-1-2,14.569282360340654,14.256884054615233,14.235040856282696
4685164-1-1,14.091786072278426,14.11805317250057,14.075503868998654
4685164-1-2,13.811246165855168,13.65830893547036,13.667781418394807
4685166-1-1,13.56864023998032,13.798411785973924,13.817331517238324
4685168-1-1,13.9108207377686,13.916484050549757,13.92038302056219
4685168-1-2,13.527828485512494,13.753606512768805,13.711275401452767
4685169-1-1,13.304684934198283,13.795927056765441,13.75879393980514
4685169-1-2,13.592367006650065,13.705564166956176,13.724325741244034
4685170-1-2,13.873028948671442,13.636736486169461,13.604406144382171
4685171-1-1,14.185839559543972,14.19727097694014,14.209409337569562
4685172-1-1,13.696964606361512,13.948939144239542,13.968101289523107
4685172-1-2,13.235692062711331,13.189348168718006,13.161523141307342
4685174-1-1,13.997832114758229,13.008437498600868,13.005432512486472
4685174-1-2,12.611537753638338,13.081377582706475,13.098680265395364
4685174-1-3,14.0687649921052,13.720769678072235,13.743757806639717
4685175-1-1,15.123843377614453,14.768761067239545,14.775511820363908
4685176-1-1,13.740556718550303,13.956554765343967,13.943357122792337
4685177-1-3,14.024555184898984,14.299430734370027,14.28224837673235
4685179-1-1,13.710150042306449,13.670827899189888,13.624258289647731
4685180-1-1,14.077874822431763,14.202357185064571,14.20576061037898
4685182-1-1,13.64653990490212,13.64333488725678,13.666457183275101
4685182-1-2,13.304684934198283,13.281409714543596,13.314679978264092
4685182-1-3,13.996479220843154,13.907044715488883,13.891761629546446
4685183-1-1,12.89921982609012,14.048697639406964,14.038496160641127
4685183-1-2,13.997832114758229,13.80697168572802,13.820710563134257
4685184-1-1,14.50865773852422,13.947820620018213,14.046735972221029
4685184-1-3,14.252689668472623,13.806144692622636,13.806916901696649
4685184-1-4,13.940967738567329,13.946304842561533,13.95822956681697
4685184-1-5,13.86936727023698,13.978556560484293,13.981486786546425
4685185-1-1,14.28551418721001,13.882705690233575,13.888821243237297
4685186-1-1,13.997832114758229,13.719176043555775,13.728529476435904
4685186-1-2,14.321725569172582,14.38943195941975,14.352821030266568
4685186-2-1,13.815510557964274,14.160045461650398,14.15954976273861
4685186-2-2,13.675619557261449,13.349838456670524,13.357622867903308
4685187-1-2,13.687677186454389,14.114639816686287,14.0973159008463
4685189-1-2,14.007956522868312,14.2095820639631,14.17690043892996
4685189-1-3,13.779316380228709,14.150145240743461,14.225028835111303
4685190-1-1,15.423280379908697,14.785844282828034,14.77431261730963
4685190-1-3,12.676076274775909,13.2206259981259,13.209416883664952
4685190-1-4,14.604725245120566,13.7115307117663,13.728633082841473
4685191-1-3,14.151982794585487,13.696381945061162,13.737733219165023
4685191-1-6,13.304684934198283,12.0854028209595,11.998742293540769
4685192-1-1,13.199324418540456,12.982955193273458,12.963772470444662
4685192-1-2,12.429216196844385,12.21694904580144,12.353455835434978
4685193-1-1,13.592367006650065,13.549089772704521,13.543717072003137
4685193-1-2,13.62918097977278,13.605024701760563,13.590208872828983
4685194-1-1,14.0687649921052,13.895889736017319,13.852277899801644
4685194-1-2,13.487006490992238,13.65457840123889,13.653827292917857
4685195-1-1,14.259048926281524,14.063875907223682,14.046069611362158
4685195-1-2,14.530256117688523,14.003788527847814,13.977962247844493
4685196-1-1,13.592367006650065,13.300380978842423,13.291174313858214
4685196-1-3,13.527828485512494,13.377692353666788,13.359719318053475
4685196-1-4,13.592367006650065,13.820625021420799,13.820262796340822
4685196-1-5,13.592367006650065,13.807834498239734,13.831104662557278
4685197-1-1,13.458835614025542,12.990459773729178,12.930817041287014
4685198-1-1,14.50865773852422,13.531176473459615,13.552847848068973
4685198-1-2,13.304684934198283,12.467824790476751,12.510887266591665
4685199-1-1,14.914122846632385,15.084058653120374,15.0832208591487
4685199-1-2,14.845129975145433,14.247964379540868,14.180113928411027
4685200-1-1,13.122363377404328,13.48808936886288,13.51207669483399
4685200-1-4,12.611537753638338,12.751674653964967,12.744147244529463
4685200-1-5,12.765688433465597,12.899805030253825,12.945350012603038
4685201-1-1,13.774630944596584,13.91992020288062,13.90521399411222
4685202-1-1,13.82347872761345,13.751768278531776,13.736458886729435
4685203-1-1,13.942142658236696,13.893600773898276,13.879990405357823
4685203-1-2,13.948546999995958,13.817161988783393,13.883690416553565
4685204-1-3,14.51323057963107,14.027094631393046,14.037830354362335
4685206-1-1,12.765688433465597,12.336779236091585,12.390351165994597
4685206-1-2,14.48333993053993,14.603398885927799,14.627335454342042
4685207-1-1,13.9982856577254,14.232948670895732,14.252843871786352
4685207-1-2,13.835313185260452,13.508078789227936,13.514720846064865
4685209-1-1,15.573368475516649,15.132179216063163,15.170344990445365
4685210-1-1,13.304684934198283,13.994965997761042,13.984552924430332
4685210-1-2,14.144814305106877,13.808439196970811,13.760209203406612
4685210-1-3,14.403297222866392,13.73076315047956,13.727038073662575
4685211-1-1,12.542544882151386,12.260997820074097,12.234240172881272
4685211-1-2,13.458835614025542,13.324565204965113,13.378666635582546
4685211-1-3,13.751455120123175,13.708115402422472,13.741955293156074
4685213-1-1,15.00624613550819,14.467619484146969,14.472972892977781
4685213-1-3,13.698976741708323,13.283175222373728,13.295095390532131
4685213-1-4,13.840203170554645,13.239887663488028,13.277785883648736
4685213-1-5,13.9108207377686,13.412725047731119,13.437653980957618
4685214-1-2,13.740171318496577,13.971184058522836,13.971381059753579
4685215-1-1,14.73180128983843,13.524826204915177,13.528435269550807
4685216-1-1,13.122363377404328,13.721787074940059,13.739061464853283
4685217-1-3,13.62918097977278,13.4792170108721,13.54787495635077
4685218-1-1,13.527828485512494,13.962215030125076,13.91730454001201
4685218-1-2,13.527828485512494,13.803286014379323,13.848536659953622
4685219-1-1,13.122363377404328,13.117958580608482,13.112113345227105
4685220-1-1,11.289781913656018,11.028225226274065,11.140118480979776
4685220-1-2,13.90004562141882,13.914727951817722,13.919999993947156
4685221-1-1,13.973833415000485,14.127166700142102,14.117431090450674
4685221-1-3,13.780459898040665,14.23560560635321,14.157566470480063
4685221-1-5,13.98936102366526,13.992490659595171,13.992744085919655
4685222-1-1,11.512925464970229,12.534145713496734,12.585352598368962
4685223-1-1,13.592367006650065,13.623818666417192,13.609002621788013
4685223-1-2,14.13988608422842,13.829191504942255,13.842191686443206
4685224-1-1,13.7470029035619,13.900867022085897,13.894269659714965
4685226-1-1,16.811242831518264,16.3736160526267,16.287596485090532
4685226-1-3,15.89495209964411,15.336849550656328,15.364405920820944
4685227-1-1,12.206072645530174,12.148449588930944,12.173095731089916
4685227-1-2,13.747827364189224,13.729952273447648,13.802074080897667
4685228-1-1,14.978661367769956,14.943882958297351,14.953222458342678
4685228-1-2,13.56864023998032,14.39499779751733,14.384362770702376
4685229-1-1,13.710150042306449,13.329685051487143,13.314951033178655
4685230-1-1,13.745931420907242,14.00829604992492,14.011882800260588
4685231-1-1,12.765688433465597,13.253187735231796,13.260179785862793
4685232-1-1,13.745886795543196,13.744463937313444,13.768818344776186
4685232-1-2,13.663718230453444,13.668037653453158,13.66270681196585
4685232-1-4,13.745886795543196,13.696375919030855,13.717980036074934
4685233-1-1,13.997832114758229,14.052735000822612,14.057065289015663
4685233-1-2,13.304684934198283,13.840758884544975,13.844280774468753
4685233-1-3,13.56864023998032,13.81755785366062,13.799924185893603
4685235-1-1,13.458835614025542,13.895261658560031,13.85067417431891
4685236-1-3,14.37638897701686,14.664880189905075,14.672322173554226
4685236-1-4,13.747827364189224,14.109998890447491,14.084559828985077
4685238-1-1,16.012735135300492,15.829442532452486,15.850549749311593
4685241-1-1,14.22097566607244,13.668531724418646,13.696026993678675
4685241-1-2,11.156250521031495,11.445556716457203,11.524190140025414
4685243-1-1,14.50865773852422,13.89017184821105,13.872405153976366
4685244-1-1,15.60727002719233,15.017338579247712,14.99249529359459
4685244-1-2,15.119328674635492,14.788614793128573,14.81276561819631
4685245-1-1,13.592367006650065,14.323967846292692,14.321011446485256
4685245-1-2,13.773249703260175,13.801535259414225,13.821336269637817
4685246-1-1,14.690979295318174,14.837667367110933,14.827007960168325
4685246-1-2,14.865749233193648,14.608481318691657,14.609709075621042
4685247-1-1,13.779316380228709,13.815589080823074,13.842365755805877
4685247-1-2,13.56864023998032,13.703760222692647,13.63528178531155
4685248-1-1,15.23861889220688,14.575570218001907,14.538668105688796
4685248-1-2,12.206072645530174,12.061499841525796,12.19196592164766
4685250-1-1,13.70642422115807,13.969608179510544,13.967470781969684
4685250-1-2,13.592367006650065,13.481673043525284,13.445851215942511
4685252-1-1,13.592367006650065,13.452169599823728,13.427026667156845
4685252-1-2,13.909193050167202,14.370783116289143,14.401993988286524
4685254-1-2,13.7744659475211,13.838189484454588,13.857674779454133
4685255-1-1,13.836826072132514,13.826799871477151,13.771385464466457
4685255-1-4,13.919009279057684,13.656913211406572,13.659003399514123
4685255-1-5,13.747716610337942,13.981246774478805,13.956876185843003
4685256-1-2,12.611537753638338,13.197651094918038,13.144262505399892
4685257-1-1,14.5487594937344,14.469745966174056,14.441876150382342
4685257-1-2,14.151982794585487,14.239160019553028,14.264579903565613
4685258-1-1,12.691580461311874,12.344195222748063,12.319103586572924
4685259-1-2,15.687312734865866,15.422513504137257,15.440368867141565
4685259-1-4,13.608374066723934,14.152461506318032,14.235600746895113
4685260-1-1,13.853421459361613,14.10035432667541,14.132704109485605
4685261-1-1,11.512925464970229,12.791850024908134,31.972785303847903
4685261-1-2,13.742925147279196,13.813673369210209,13.879591876826128
4685262-1-1,14.326336156730264,14.124505025790887,14.152693515328975
4685262-1-2,14.493967044255864,13.891269585044327,13.87354573855406
4685263-1-1,13.458835614025542,13.809496670265524,13.788895959745547
4685263-1-2,15.203886064497969,14.46944070062596,14.445904187139519
4685263-1-3,13.592367006650065,13.168883132363622,13.166495323126984
4685264-1-1,13.527828485512494,13.552856560605793,13.573488936163564
4685264-1-2,13.304684934198283,13.125824720129668,13.066141349350255
4685264-1-3,12.388394202324127,12.36233164450579,12.320027720350618
4685265-1-1,14.115615150414612,13.965244616395285,13.940464180427611
4685265-1-3,13.081541382884074,12.859712046771545,12.87512068128798
4685266-1-1,13.997832114758229,13.564639353284013,13.609482214105109
4685268-1-1,15.24262693360442,14.395236788680092,14.40506381858881
4685269-1-1,13.815510557964274,13.56273469992376,13.514512515988253
4685269-1-2,13.747716610337942,13.759027888442976,13.747835726340254
4685269-1-3,13.815510557964274,13.417832168010264,13.45700851696548
4685270-1-1,12.611537753638338,13.575931094145993,13.61345399501442
4685270-2-1,13.641157170819495,13.271177737579935,13.301963322355995
4685271-1-2,13.85633257248453,14.18267009969194,14.172017610104017
4685273-1-3,14.393994853568564,14.317038279531953,14.315043551629234
4685274-1-1,14.914122846632385,16.04472706099292,15.995825631219597
4685274-1-2,14.73180128983843,15.608085872560252,15.661579254178948
4685274-1-3,13.710150042306449,13.90876589512275,13.840937104418137
4685275-1-1,14.22097566607244,14.334307625726982,14.407036281814545
4685275-1-2,12.206072645530174,12.022459290034098,11.970188763652965
4685275-1-3,13.808227097848016,13.966684178253399,13.941599791136696
4685275-1-4,13.87164795073957,13.522580241917392,13.550813624837135
4685276-1-1,14.22097566607244,13.72568486551882,13.720103184183314
4685276-1-2,14.071443899843407,13.827843885826884,13.84321264381094
4685277-1-1,13.790192749979983,13.786035678256836,13.800465852601624
4685278-1-1,13.696964606361512,14.162878792562312,14.184682325513661
4685282-1-3,15.424948470398377,14.452637561502703,14.455655953781958
4685283-1-1,15.058704099481952,14.404349283303938,14.403212896570805
4685284-1-4,12.89921982609012,13.089647493764762,13.072242288422377
4685285-1-1,13.77754353361467,13.780768296667837,13.735502251382487
4685286-1-2,12.611537753638338,13.959590536429301,14.064038837098884
4685286-1-3,13.56864023998032,13.567671366679209,13.592410456306206
4685287-1-1,13.710150042306449,13.453819599839811,13.51046637649875
4685287-1-2,12.793859310432293,12.452576983818465,12.429125055452992
4685287-1-4,14.403297222866392,13.705196975606409,13.700981627333435
4685290-1-1,14.73180128983843,14.443863280814535,14.43544659051112
4685290-1-2,14.603967918328545,14.36389815277238,14.351724787339306
4685292-1-1,13.815510557964274,13.730298665386039,13.706978203717865
4685293-1-1,14.50865773852422,14.200569366578364,14.178090300127932
4685295-1-1,13.815510557964274,13.40410499071487,13.411447452288703
4685296-1-1,14.22097566607244,13.776433811311323,13.792515442333187
4685296-1-2,13.710150042306449,14.048212169380223,14.073129689779588
4685296-1-3,13.710150042306449,13.753605092540113,13.770783282482354
4685296-1-4,13.487006490992238,13.273622345992514,13.27570017219894
4685297-1-1,16.759949537130716,15.893628905529791,15.915614192442002
4685297-1-2,16.11809565095832,15.89806556576975,15.759686925500391
4685300-1-2,13.122363377404328,12.953932077646982,12.921573109237054
4685300-1-3,14.73180128983843,14.704873664727556,14.667507955005965
4685301-1-1,14.28551418721001,14.18740960802896,14.182899904277033
4685303-1-2,13.8311735626572,13.7741651620636,13.78401411154583
4685304-1-1,14.415195256923743,13.987000467189871,13.993075885373493
4685305-1-1,13.745886795543196,13.931121918649257,13.906167320994648
4685305-1-2,12.89921982609012,13.367836009895306,13.387207751610372
4685306-1-1,13.899065206931036,14.079836322858478,14.058187736210815
4685307-1-1,12.89921982609012,12.810538812455805,12.854785520493824
4685308-1-1,13.904385873823376,14.019904367583946,13.992918640067874
4685308-1-2,13.950915194970475,13.870628044835708,13.825719635233652
4687124-1-1,13.87566448078402,14.257548459291945,14.216008102678549
4687125-1-3,14.259262850674784,14.107586703140704,14.081306189162357
4688000-1-1,15.855648093022024,15.239589386992513,15.251399013830143
4689307-1-1,14.702665330186356,14.04393662718636,14.08695495201724
4689307-1-2,14.549799681855395,14.017504973334878,14.010555119608904
4689310-1-2,13.592367006650065,14.160443424856279,14.257889508259906
4689310-1-3,13.815510557964274,13.507630769120794,13.508811191907483
4689310-1-4,14.50865773852422,13.59240885188762,13.6112093210649
4689311-1-1,14.077874822431763,14.20743675347769,14.175817274115577
4689312-1-1,13.592367006650065,13.222048579448064,13.235270473182439
4689315-1-3,14.376601471652243,14.224031163131366,14.252938721629038
4689315-1-5,14.103725769522145,14.029939338890483,14.028932546767958
4689316-1-2,14.145502287816948,13.842316199298313,13.768245296556744
4689317-1-1,14.307078588875823,14.484284579077254,14.48218158498678
4689318-1-1,14.22097566607244,13.350853150351051,13.432693197703301
4689319-1-1,11.512925464970229,12.52093451663935,12.46081147921367
4689320-1-1,13.122363377404328,12.883919853559663,12.860899456000212
4689321-1-1,12.89921982609012,12.861974013414208,12.793332355034897
4689321-1-2,11.289781913656018,11.735756413807287,11.676562749721333
4689323-1-2,11.512925464970229,11.661170380347261,11.658388133261974
4689323-1-3,13.811622697519809,13.883627633653196,13.874689530701598
4689324-1-1,14.744125039527262,15.036271088934809,14.943528553890879
4689325-1-1,13.458835614025542,14.095385906845237,14.07119446728214
4689326-1-3,15.047195800856748,14.452054586475015,14.450444347686965
4689326-1-4,14.58677551778817,14.249204750492343,14.267881372315475
4689327-1-1,13.675619557261449,14.859561528544386,14.87830744755357
4689328-1-4,14.73180128983843,14.221770004168325,14.226300591657328
4689329-1-1,14.151982794585487,13.65259051588906,13.644582694573073
4689329-1-2,11.918390573078392,12.041930577305955,11.968186070506004
4689329-1-3,13.94082074892972,13.810069498048358,13.809709946900805
4689330-1-2,13.38472764187182,13.95369149541945,13.98261415904504
4689332-1-1,14.502723478078696,14.243702969540257,14.273675208211243
4689332-1-2,13.762236025905096,13.723525123316922,13.716719193965313
4689332-1-5,11.695247021764184,12.444475074018754,12.4599232027168
4689333-1-3,14.092418074044838,13.901182127213522,13.921689209291253
4689333-1-5,13.747716610337942,13.474810976268662,13.553513403294376
4689335-1-1,13.592367006650065,14.153328660728127,13.993032024721753
4689335-1-2,13.852806342707972,14.051983361509091,14.036053596735822
4689336-1-1,13.745037663211583,13.558289946624901,13.581242501893414
4689336-1-2,16.270877766156644,13.904459291853563,13.92304271403827
4689336-1-3,13.696964606361512,13.63346351463267,13.615213593821938
4689336-1-4,13.815510557964274,13.796340779740763,13.756986537361083
4689337-1-1,12.89921982609012,13.512764615274953,13.492093438133383
4689337-1-3,13.690032790521174,13.750430312036906,13.810806975446264
4689339-1-1,14.367023679206198,14.390865706078117,14.348881250998453
4689339-1-2,13.77775988377406,14.074876743866518,14.007954664397783
4689340-1-1,13.652991628466498,13.73864597617198,13.75886509645889
4689340-1-2,13.675619557261449,13.792316480027182,13.813116823425016
4689341-1-2,12.429216196844385,13.54134183415824,13.546720588383657
4689341-1-6,13.90004562141882,13.60205908829984,13.594639017199535
4689346-1-1,13.778027773737264,13.83757572545487,13.81551398632666
4689346-1-2,13.747827364189224,13.870279551312466,13.887742384915315
4689347-1-1,14.577717274455717,14.645880968552778,14.633712156845174
4689353-1-1,14.914122846632385,13.979804237049214,14.079745738948185
4689354-1-2,14.50865773852422,14.646620911188258,14.697812386744264
4689354-1-3,14.213085285397622,14.839579525175276,14.854403054546516
4689355-1-1,13.592367006650065,14.470577588056926,14.543703295877734
4689357-1-2,14.914122846632385,14.116560946189502,14.171088772123229
4689358-1-1,16.012735135300492,15.923127595978752,15.913424221701431
4689358-1-2,15.046979845237704,14.888052088561102,14.937886200125684
4689359-1-1,13.774630944596584,13.74082190045616,13.733757011794989
4689359-1-2,13.972010761212733,13.460251335938832,13.447293503099088
4689361-1-1,14.50865773852422,13.624887524225539,13.64915628278935
4689361-1-2,15.725053062848712,14.759563150200952,14.73814002192999
4689361-1-3,14.288558065533453,14.101556039534664,14.073003962867466
4689362-1-1,15.03928598958639,14.595031947544872,14.589063182019139
4689364-1-1,13.668556120876335,13.808840578754754,13.816530980045476
4689364-1-3,13.724856166885925,13.808790377862218,13.82508233060682
4689365-1-3,14.403297222866392,13.953607198304653,14.00360918914844
4689365-1-5,15.201804919084164,14.403619818776413,14.413718736532633
4689366-1-1,13.815510557964274,13.857711259966093,13.872932610438626
4689368-1-1,15.424948470398377,15.470533080795807,15.303805768764171
4689368-1-2,12.025749091398891,13.649502872052752,13.300180123862871
4689369-1-1,12.611537753638338,13.082093887780212,13.041496096551121
4689371-1-1,13.928839243271277,14.02011210703146,13.91366079347215
4689371-1-2,13.766670370668706,13.50960649446537,13.5355530556672
4689372-1-1,12.12519333800455,13.916610265607293,13.925612757403181
4689372-1-3,14.165611641352962,14.16131586079513,14.141357185673707
4689373-1-4,14.015626497304972,14.147522565547797,14.143400999438585
4689375-1-2,14.78376099712357,14.581221763153037,14.587188859450944
4689377-1-1,16.454567887579532,16.04249999861746,16.02024573126879
4689377-1-2,15.60727002719233,15.894845262701413,15.894644244258037
4689381-1-1,14.291295956149376,13.90058345962494,13.880475824278193
4689381-1-2,14.037515861720449,13.918330490094966,13.950488888953725
4689383-1-1,15.943742263813542,15.38239641960839,15.32847060356516
4689384-1-3,13.86941014676396,14.506227702540844,14.471564536665223
4689384-1-4,13.769862025572762,13.998790159881684,13.997278508635405
4689385-1-1,13.304684934198283,13.448920570504907,13.41564232142465
4689385-1-2,13.73630824705843,13.682601188767624,13.683307600969025
4689386-1-1,13.122363377404328,13.245725374719271,13.224796944312327
4689386-1-3,13.62918097977278,13.7401131181991,13.766880916257508
4689387-1-1,12.611537753638338,12.58036446995233,12.611065430183215
4689387-1-2,12.206072645530174,12.886266469555299,12.866294689209646
4689387-1-3,12.89921982609012,13.5674507649943,13.343091112847414
4689388-1-1,14.03186662634435,13.971955176729285,13.950650191421975
4689389-1-2,13.592367006650065,13.326604808347412,13.31755353298215
4689389-1-4,14.849288014932506,14.439834632507585,14.401977804895695
4689390-1-1,13.69145788570939,14.010293521214999,13.991377387289141
4689393-1-1,14.99416555430592,14.891887666015295,14.966741487741068
4689393-1-3,13.815510557964274,13.939892186404757,13.958293554814356
4689393-2-1,13.458835614025542,13.14663575397023,13.288476295364074
4689393-3-1,14.14052047750702,13.99723478057139,14.034946580083497
4689394-1-1,14.403297222866392,13.500184287303558,13.464892482547693
4689394-1-2,13.592367006650065,12.978753890351204,12.993249762181698
4689395-1-1,15.068273526459642,15.064105691976504,14.90830259519891
4689396-1-1,13.304684934198283,14.112473320721822,13.996407663880456
4689397-1-1,13.997832114758229,13.757462732185122,13.777896264783477
4689397-1-5,12.206072645530174,12.844737990839514,12.952140569576004
4689397-1-6,13.592367006650065,13.508377480699705,13.491459310675545
4689398-1-1,13.592367006650065,13.208020853891211,13.18246003188381
4689399-1-1,15.919238105190797,15.357290673395926,15.38034558485716
4689399-1-2,15.63169162745242,14.989999608697534,15.023344143842705
4689400-1-1,13.745037663211583,14.182586521087583,14.193785929833924
4689400-1-3,13.592367006650065,13.32482297114884,13.295724307269946
4689401-1-1,13.592367006650065,12.598617645136581,12.565506838472047
4689402-1-1,13.854731271117556,13.435960035416594,13.502987010350477
4689402-1-5,13.710150042306449,13.49116288359709,13.481161324331538
4689403-1-1,14.213085285397622,14.98491510935491,15.010543935668954
4689405-1-2,13.809445200818589,13.65812489592123,13.696101113605566
4689405-1-5,14.914122846632385,13.995675370922664,14.001966482163377
4689405-1-7,14.50865773852422,13.97671006149573,13.986397944182176
4689405-1-8,13.815510557964274,13.852958905539598,13.853127968327472
4689406-1-1,13.122363377404328,13.839220972553594,13.80191161011443
4689406-1-2,13.739349219480724,13.949226136047315,13.940183164664125
4689407-1-1,12.89921982609012,12.843409444048012,12.783481473160291
4689408-1-2,15.424948470398377,13.306760970230915,13.225270140492741
4689408-1-3,13.98795937256165,13.640052060402803,13.619010690415253
4689408-1-4,13.458835614025542,13.3452354731068,13.322408981788097
4689409-1-1,13.815510557964274,14.47903470761921,14.594288551169049
4689409-1-2,13.122363377404328,13.683697614384968,13.682195080621893
4689410-1-1,13.817162193263467,14.002106477452948,13.975338642983237
4689410-1-2,14.077874822431763,14.021807773743516,13.944792029872941
4689411-1-1,14.845129975145433,13.88655640600352,13.903656992419402
4689411-1-2,14.23586427856619,14.518547144483176,14.503493088691116
4689411-1-3,14.6077486034326,14.42909214861388,14.435706100034333
4689412-1-2,12.429216196844385,12.268311149245699,12.193670644653789
4689412-1-5,13.38472764187182,13.293431822316379,13.242769568205484
4689413-1-1,14.914122846632385,14.852929773180627,14.826575380504979
4689415-1-1,13.747827364189224,14.266716838762335,14.324109872309265
4689415-1-2,15.201804919084164,13.851313690746586,13.810550849123278
4689417-1-2,12.89921982609012,13.044888409316572,13.026219942828025
4689417-1-3,13.997832114758229,13.944699365148235,13.946255472944772
4689419-1-1,14.40070128689389,13.882067536168003,13.879534540111454
4689420-1-3,12.89921982609012,11.53277803974026,11.482420160084361
4689423-1-1,15.687312734865866,15.139121278327336,15.172030772131368
4689424-1-1,13.981024996441848,13.558791769540743,13.59930101380724
4689424-1-2,13.482892920321982,13.835225682853885,13.755552393575268
4689425-1-1,13.592367006650065,14.023541692500505,14.006264820042906
4689426-1-1,13.568842461603108,13.700662457819762,13.748164814908067
4689427-1-1,13.592367006650065,11.78404478818644,11.733633071933298
4689428-1-1,13.895553304099348,14.549468505090946,14.529121090560071
4689429-1-1,12.301382825334498,12.899147835839235,12.927492280313913
4689429-1-2,13.98795937256165,13.959483229101034,13.975596301017701
4689429-1-3,14.569282360340654,14.440777808548695,14.439650152520109
4689430-1-1,15.424948470398377,14.704159548772758,14.685842461125874
4689430-1-2,11.719939634354557,11.982075197597483,11.988450504577171
4689431-1-3,13.641643585238915,13.879387424838287,13.901942968920523
4689432-1-1,14.077874822431763,14.069449886289647,13.942541805714484
4689433-1-2,13.592367006650065,14.059408008391284,14.115437118981184
4689433-1-3,14.077874822431763,13.842124974255336,13.805325491050604
4689434-1-3,14.143526425786495,14.179114738275414,14.222688955546493
4689435-1-1,14.22097566607244,14.362650760487945,14.33434668778991
4689436-1-1,14.53213009470936,14.642393166747688,14.578604191080302
4689436-1-2,14.73180128983843,14.950993868112551,14.934702002201112
4689437-1-1,13.997832114758229,13.577824729228958,13.567798250846932
4689437-1-2,13.592367006650065,13.436365909773679,13.474717037345675
4689438-1-1,13.122363377404328,13.324144674761113,13.307120506597489
4689441-1-1,14.659947221887064,14.493096359414412,14.493750007431515
4689441-1-2,14.151982794585487,13.989842953552714,13.983345467438173
4689442-1-2,14.836161305162673,14.990929251096514,14.98517847740962
4689442-1-3,15.074208238310815,14.594172246233892,14.563745712877694
4689443-1-2,14.220419928345496,13.9321865592946,13.965645798132421
4689444-1-1,13.772207036480436,13.93449543928175,13.94055901320792
4689444-1-2,13.832247399852992,13.929853569110826,13.923034684645996
4689446-1-2,14.811843966742734,14.436940523540086,14.446346316383789
4689448-1-1,14.077874822431763,14.555037566530851,14.534587895990178
4689449-1-1,14.22097566607244,13.69910577118782,13.71400845352805
4689450-1-1,14.403297222866392,14.183257683814722,14.132507649795706
4689452-1-1,13.815510557964274,13.947621175464732,13.918933162892362
4689452-1-2,13.710150042306449,12.771046638718058,12.788441406668056
4689453-1-1,13.458835614025542,13.37477820101686,13.372957622309043
4689453-1-5,13.304684934198283,13.101927181131742,13.099874713354549
4689454-1-1,15.058704099481952,14.522440746393068,14.554313276227816
4689456-1-1,13.997832114758229,14.033549779313429,14.016504864657437
4689456-1-2,14.45999256654294,14.423635726008419,14.402267011117502
4689457-1-1,13.795307850646754,14.019518824875194,14.01225377064367
4689457-1-2,13.630638952558318,13.764432371743307,13.775197328037985
4689458-1-1,15.203886064497969,14.527749266482523,14.549001818484522
4689458-1-2,12.611537753638338,12.186550245417045,12.192913078787004
4689459-1-2,13.56864023998032,13.641907075639953,13.619558378876286
4689459-1-3,13.56864023998032,13.52346357311489,13.48674565164418
4689460-1-1,13.815510557964274,13.980019443787926,13.971708094375911
4689461-1-1,13.592367006650065,13.23235783003837,13.254279431358858
4689462-1-1,13.815510557964274,13.889969537230597,14.006699721705495
4689463-1-2,13.782077538751494,13.768464273204936,13.757401745466707
4689464-1-2,14.99288265481909,14.452562898698703,14.455555903964983
4689465-1-1,14.151982794585487,13.48323404219716,13.476074236291709
4689466-1-3,13.304684934198283,12.915344699853943,12.910196235839713
4689468-1-1,14.403297222866392,14.286374927845326,14.252931511667764
4689468-1-2,14.6200997120737,14.113584140166614,14.085066766009223
4689469-1-1,13.710150042306449,14.167111379163261,14.117122431302011
4689470-1-1,13.592367006650065,14.007244765351178,13.998027345377356
4689471-1-1,14.146547334916944,14.451845536081239,14.459032593427622
4689472-1-1,14.978661367769956,14.661658462139183,14.712078042878273
4689472-1-2,14.914122846632385,14.366109505047017,14.305357666465818
4689473-1-1,14.22097566607244,13.576661290046859,13.562343362948624
4689473-1-2,14.22097566607244,13.51577792630227,13.510302150831322
4689474-1-3,14.22097566607244,14.287575952312023,14.27801931417057
4689474-1-4,14.28551418721001,13.690443608576075,13.702029069693458
4689475-1-1,14.888805038648094,14.558869997415403,14.520123536620101
4689475-1-2,14.940440154949757,14.45393109615344,14.383342728089557
4689476-1-2,12.206072645530174,12.132908878328594,12.100846942262613
4689477-1-4,14.365556918922008,14.355835327712747,14.394617680920616
4689478-1-2,15.201804919084164,14.903712394560424,14.932736028986929
4689478-1-3,15.332467544478064,15.04456422022414,15.083686245061063
4689479-1-3,12.611537753638338,12.51932648867455,12.577653478337114
4689481-1-1,13.487006490992238,13.604676238554251,13.616476503118452
4689481-1-2,12.89921982609012,13.775432496132414,13.721712226086904
4689483-1-1,13.9108207377686,13.39887812077508,13.393980520704632
4689483-1-2,13.652991628466498,13.251788084892555,13.314176180820999
4689484-1-1,14.235727405488497,14.134591282170916,14.139182772314028
4689485-1-1,13.926418122758657,14.378216288805259,14.394877195435066
4689487-1-1,13.675619557261449,13.709248528091127,13.703424129648777
4691228-1-1,14.101850010755516,14.156245756179723,14.148821962516287
4691228-1-2,11.289781913656018,11.70874672221329,11.726008391469628
4691228-1-3,10.819778284410283,12.392588082489738,12.457862343858755
4691230-1-1,15.350584126922795,14.934807183910266,14.91647341675756
4691230-1-2,12.206072645530174,11.595668040055845,11.712164742621516
4692460-1-1,13.764217263576723,13.688450438882443,13.669312368324368
4692461-1-1,11.407564949312402,11.843319474234848,11.851177982764758
4692461-2-1,11.512925464970229,12.711007138314475,12.703454548001345
4692462-1-1,14.725112268130584,14.648145036144385,14.65565563977031
4692464-1-2,14.22097566607244,13.912354865608128,13.944079395453102
4692465-1-1,14.880221294956703,14.753305878213249,14.775297966265365
4692465-1-2,15.214638897631918,14.771438889148305,14.742733233488421
4692466-1-1,14.696933719993268,14.687952602893638,14.658095582413749
4692467-1-1,13.815510557964274,13.90189810455674,13.888165418343167
4692467-1-2,13.717530172582013,13.815700411480071,13.814897904097467
4692468-1-1,14.588700484659292,14.769258222851892,14.785872934116847
4692468-1-3,13.780459898040665,13.6513534551979,13.71123799647587
4692469-1-1,13.785051350479566,13.255491373947718,13.311562511379519
4692469-1-2,13.815510557964274,13.408192232296301,13.431544929289998
4692470-1-2,14.10808884312988,14.002795536801582,14.010946538924214
4692470-1-1,13.839669369571665,14.138392571533352,14.123036556677729
4692471-1-2,14.22097566607244,13.433969916006774,13.489063677128259
4692471-1-3,13.997832114758229,13.538330165025297,13.5831761498728
4692473-1-1,13.458835614025542,14.12951502899147,14.114837893028628
4692473-1-3,14.588700484659292,14.870222154091497,14.868487977051757
4692474-1-1,15.424948470398377,14.95315103133308,14.927847553316731
4692474-1-3,14.151982794585487,13.797035962861061,13.774262689765841
4692475-1-2,14.2050721224603,13.436418096637215,13.414884791567326
4692475-1-4,14.146012597658864,14.20275120251933,14.16768207004245
4692475-1-3,14.389081729263394,14.575311507737977,14.549618634622673
4692475-1-1,13.940673737682983,14.139498512257322,14.172509381450409
4692476-1-2,13.56864023998032,12.605623368006505,12.563592546074457
4692478-1-2,11.982929094215963,12.45690329337425,12.458203213646781
4692478-1-1,14.301018373745976,14.276212697335664,14.234624673759793
4692479-1-1,13.928243865176052,13.948688230419373,13.937101097873901
4692480-1-1,13.458835614025542,13.575683341639781,13.56908900615948
4692481-1-1,14.978661367769956,14.636146517498153,14.617922099698749
4692482-1-1,14.50865773852422,13.83431986445777,13.797113875569512
4692483-1-1,13.235692062711331,12.852398768968925,12.851262901455783
4692484-1-1,15.201804981584162,15.53981388539162,15.495951054315796
4692484-1-2,14.91256613558624,15.045306468341945,15.034983822615512
4692485-1-1,11.512925464970229,11.671371884453961,11.53171208769559
4692485-1-3,12.89921982609012,12.350129751300447,12.367911069689756
4692486-1-1,13.648682947653857,13.732270084309755,13.709870793951376
4692486-1-2,13.648682947653857,13.619509411842031,13.585999702745926
4692487-1-1,13.592367006650065,13.317030665134011,13.351415395492445
4692487-1-2,14.2513179800587,13.879430381872123,13.879404939260224
4692489-1-1,13.77758676844185,13.651532715035147,13.670732931336007
4692489-1-4,14.38830258530774,14.118298946043524,14.116693462394387
4692493-1-1,13.815510557964274,14.387423500281182,14.33163734470029
4692493-1-2,14.22097566607244,13.177382014685577,13.158069410490436
4692494-1-1,14.346138809026444,14.076835155243813,14.069785327786047
4692494-1-3,14.301018373745976,14.540942984765685,14.566945408827966
4692496-1-1,13.941752383636718,14.121403918258745,14.104564009956949
4692497-1-1,13.924364962876355,13.730627367431143,13.73230888141302
4692497-1-2,13.892471599100402,14.055344138370968,14.054829348250713
4692498-1-1,13.592367006650065,13.569850376895971,13.56926402714786
4692498-1-2,13.592367006650065,13.673464768662337,13.623277899840486
4692498-1-3,13.592367006650065,14.163229122990803,14.164123650508675
4692499-1-3,13.929919909141518,13.57585588935319,13.58930203733575
4692501-1-1,13.641157170819495,13.760249101850352,13.753624556485526
4692502-1-1,13.56864023998032,13.924525756877234,13.88265755210159
4692502-1-2,13.675619557261449,13.3131041332478,13.323337730478412
4692502-1-3,13.694607307935511,13.88087779799278,13.892891990049824
4692505-1-1,14.978661367769956,15.514981450608488,15.565623801442234
4692505-1-2,14.151982794585487,14.679734593507675,14.686941688407437
4692506-1-2,11.289781913656018,12.161060388400491,12.113625593785558
4692506-1-1,14.315201015236486,13.922510327943407,13.891797356620538
4692507-1-2,14.393994853568564,14.272850995125369,14.2725979967696
4692507-1-3,14.50865773852422,14.213160715232648,14.283856812325157
4692508-1-1,14.930448849231157,13.936969589365958,13.928783896753382
4692508-1-2,13.122363377404328,12.131174351545713,12.208395728390448
4692509-1-1,13.745884986364812,13.322899054034355,13.401243751029105
4692509-1-2,13.675619557261449,13.764132024959265,13.814052663748
4692510-1-1,12.611537753638338,13.034372929793136,12.952972513622248
4692510-1-3,14.543863974146207,14.238859983546943,14.26245620072646
4692510-1-5,14.465228180596885,14.927010398061666,14.945956934629132
4692513-1-1,13.304684934198283,13.722750585252948,13.760587583513736
4692513-1-2,14.22097566607244,14.233158640332768,14.242444000214523
4692514-1-2,14.041981866148566,13.83030081723781,13.87263647657994
4692515-1-1,14.266508228426682,13.868312869270618,13.866407276844239
4692515-1-2,13.997832114758229,13.92796839651334,13.921332261277229
4692515-1-3,14.01971132221372,14.238552339975191,14.177604221136997
4692515-1-5,13.747716610337942,13.250506448798573,13.238581659762476
4692516-1-1,13.56864023998032,13.679526673258165,13.694872570266858
4692517-1-2,14.529440277706748,14.230345756202555,14.247289821726152
4692518-1-1,13.648682947653857,13.745463342305532,13.697068307920793
4692519-1-1,14.95120449477032,14.50439601483585,14.538921925856663
4692520-1-2,14.989024129032304,14.9035357007929,14.922652337293538
4692520-1-1,15.201804919084164,15.01719741079898,15.03455239756262
4692522-1-3,13.053370483595948,12.691340954228828,12.72147062083623
4692522-1-2,13.686729791795033,14.217023872575158,14.256257648483995
4692522-1-4,13.458835614025542,13.393498414737625,13.328978880941737
4692523-1-2,15.79536191743266,15.055627827952348,15.000997501261583
4692524-1-1,15.28184766521924,15.162556170018382,15.142988779956315
4692524-1-2,13.997832114758229,14.446963155311334,14.542740519462894
4692525-1-1,13.458835614025542,13.657266631328179,13.605999193564728
4692525-1-2,14.20084846610825,13.858958760714204,13.846736986015191
4692525-1-3,14.27974405635267,14.025815888240876,14.044677484870709
4692526-1-1,14.013131152047398,14.010428796411032,14.032946351131566
4692527-1-1,13.808821548840324,14.211501902588584,14.203845528032573
4692527-1-2,13.768893680495568,13.817848205717633,13.809043207680118
4692528-1-1,13.304684934198283,13.695610141594312,13.692387361433761
4692528-1-3,14.398656820054075,14.118023410967009,14.130831905437992
4692528-1-4,13.592367006650065,13.883822627041642,13.915402204158541
4692529-1-1,11.918390573078392,13.241926615348575,13.27875871811492
4692530-1-2,13.676195615669693,13.548560032241035,13.562431251735653
4692531-1-3,13.997832114758229,13.618357868824768,13.5979371922567
4692534-1-1,14.275176167934148,14.07448009680157,14.071619589767874
4692534-1-2,11.156250521031495,12.408348827080909,12.332049568622766
4692535-1-1,14.28551418721001,14.30012646323088,14.26519168354697
4692537-1-1,13.745886795543196,13.819384182448939,13.841865624219105
4692537-1-2,13.997832114758229,14.277006305551053,14.184588643120758
4692537-1-3,13.723943364438783,13.876997736992365,13.877394270925963
4692538-1-1,14.688197617537355,14.046020786008189,14.033830155268344
4692538-1-2,14.199638557061151,14.038581033946016,14.064804162832656
4692539-1-1,14.73180128983843,14.660767202412092,14.655398859665437
4692539-1-2,14.73180128983843,14.140231936281573,14.21907935585322
4692540-1-1,13.815510557964274,14.08507223604122,14.079955634526343
4692540-1-2,12.89921982609012,13.428830279366615,13.445812679385181
4692541-1-1,13.993833296798927,14.443119760284564,14.45355161572898
4692542-1-1,13.815510557964274,13.67991417443133,13.68390322268249
4692544-1-1,14.50865773852422,13.87840462945881,13.848128232867348
4692545-1-1,13.912334704778331,13.899460481945448,13.893592598513864
4692546-1-1,14.256600177045367,13.884673175383686,13.883687076636534
4692546-1-2,12.765688433465597,13.504452033070482,13.53051878749546
4692547-1-1,14.602451655746847,14.609162574811256,14.681753948596882
4692548-1-6,13.880049157226845,14.218948461509537,14.212196935883718
4692548-1-3,13.38472764187182,13.697701497315805,13.743162151428109
4692548-1-7,13.65463733237619,13.803118362814491,13.789894048440521
4692549-1-1,13.940154117428742,14.059970143388115,14.067788686554735
4692549-1-4,13.777153946367688,13.617334665075031,13.602577564300855
4692549-1-3,13.953822210046257,13.643200265279466,13.6508552389155
4692550-1-1,14.28551418721001,14.707801103170457,14.607922017049345
4692550-2-1,14.417090544998729,14.807057573774985,14.788521846664938
4692551-1-1,13.38472764187182,13.717188942441148,13.655297574118663
4692552-1-1,12.89921982609012,13.488385860419825,13.506337214461857
4692553-1-1,16.300417207752275,14.531210152217039,14.474529085212948
4692554-1-1,14.687013107048296,14.685853765189124,14.677829574283754
4692555-1-1,13.815510557964274,12.85224334819333,12.817066115723101
4692555-1-2,14.306133423392335,14.418331192279375,14.415320999204182
4692556-1-1,14.346138809026444,13.451010822167337,13.441173611407862
4692558-1-1,13.815510557964274,13.929767482201212,13.953949452545434
4692559-1-2,13.849911984681606,14.227318864519278,14.209003171311089
4692559-2-2,13.919460016048452,13.909727787922145,13.92099929018665
4692559-2-1,13.955166081633685,14.151471130747746,14.153272310450188
4692560-1-3,13.748010522535743,13.582205642013434,13.594460217964073
4692563-1-2,13.592367006650065,13.444508225522005,13.398068586621802
4692565-1-1,13.304684934198283,13.74700862472658,13.732129621875393
4692566-1-2,13.745886795543196,13.972547567680426,14.000466907339385
4692566-1-1,14.19394699368452,14.421598388510771,14.395776834895715
4692566-1-3,14.077874822431763,13.934859538306593,13.909654278641106
4692566-1-4,13.98795937256165,13.969720547906206,13.959943451633057
4692569-1-2,13.90004562141882,13.762363428098858,13.759031617844363
4692569-1-1,12.611537753638338,13.224871117818747,13.238953493602697
4692569-1-3,13.600139224562271,13.655604120853654,13.629549925761303
4692570-1-1,12.206072645530174,11.276298807410766,11.290740698272101
4692571-1-4,13.95970700121645,14.280347312808804,14.269968963086857
4692572-1-1,13.122363377404328,12.424435366705264,12.466291045344638
4692572-1-3,13.648682947653857,14.001591551371162,14.026117574953801
4692572-1-4,12.611537753638338,11.831194719212396,11.819774399765814
4692572-1-6,13.747827364189224,14.058197244103672,14.041071590333512
4692573-1-1,14.50865773852422,13.900541167372527,13.872083668913454
4692573-1-2,13.592367006650065,13.609594073978776,13.574005926904329
4692573-1-3,13.710150042306449,13.705270763362313,13.70687645386561
4692574-1-2,13.815510557964274,13.280427821440579,13.228672919475239
4692574-1-1,13.122363377404328,13.44844776362249,13.452682077547708
4692576-1-1,13.781043005623191,14.106457478607007,14.16494269182877
4692577-1-3,12.206072645530174,13.260655376769265,13.24037785987717
4692577-1-2,13.304684934198283,13.148005957220578,13.0595050036537
4692579-1-3,13.017002861746503,13.338020004205044,13.312394273338478
4692579-1-1,13.304684934198283,13.402485743233326,13.378512058200663
4692580-1-1,13.592367006650065,12.745228608313658,12.744620458033603
4692580-1-2,14.28551418721001,13.454148193931795,13.391762038658797
4692580-1-3,13.80550498121008,13.896217445596765,13.93675542273183
4692580-1-6,14.403297222866392,13.523927834381654,13.538016175637111
4692581-1-6,14.22097566607244,13.36085486790909,13.351982797518291
4692581-1-3,14.62049725753758,14.758620406276872,14.722172027309213
4692581-1-7,13.592367006650065,13.265487445427599,13.130375556747138
4692582-1-1,13.815510557964274,13.985248568124513,14.00274946394787
4692582-1-2,12.206072645530174,12.707770488436886,12.684141826848025
4692582-1-3,14.566554407564505,14.473201449953335,14.433935808874937
4692583-1-1,13.458835614025542,13.490225858779379,13.50652094905555
4692584-1-2,13.641157170819495,13.098327364146634,13.103665560608567
4692584-1-1,13.592367006650065,13.869719219619963,13.869350410662163
4692585-1-1,14.360859919807838,14.352854387139566,14.383327494675155
4692586-1-1,13.866909696750108,13.18552764026607,13.175065150655318
4692586-1-3,12.644327576461327,12.750735289631368,12.76945962469962
4692586-1-2,13.745884986364812,13.935364355900893,13.938472544133413
4692587-1-2,13.592367006650065,13.63571879550479,13.631572588109625
4692589-1-2,13.722429547963715,13.943355863589684,13.965360949505053
4692591-1-1,15.761420707019589,15.194905877047272,15.257473437324556
4692593-1-1,14.06504897952292,13.796404820977205,13.821764726903734
4692593-1-2,13.527828485512494,13.27095481988426,13.311989243417669
4692593-2-1,13.78071878257081,13.69648227335459,13.659060786703439
4692593-2-2,14.106034307773747,13.965622590022114,13.981921390312841
4692595-1-2,15.30089589720009,15.489212656250572,15.501389163611513
4692596-1-1,13.017002861746503,12.899962763610036,12.902843687877583
4692596-1-2,14.660806451466662,14.292781648801961,14.265786107722983
4692597-1-1,13.9108207377686,13.490859908800175,13.571910746731623
4692597-1-2,13.9108207377686,13.863467361294864,13.886446487976098
4692598-1-1,12.89921982609012,13.70982527830302,13.71208097495121
4692599-1-2,14.687501065785057,14.410568273450277,14.424423472456972
4692600-1-1,13.458835614025542,13.799598863878217,13.794183758593555
4692600-1-2,13.017002861746503,12.734128033801783,12.754308454945942
4692600-1-3,14.26756937217394,13.931796345472012,13.935889454404524
4692600-1-4,13.458835614025542,13.359252607318142,13.362477367972522
4692601-1-1,14.07906209811021,14.048104737488924,14.04330757535463
4692603-1-1,13.710150042306449,13.763339796562066,13.716583981366417
4692603-1-2,13.38472764187182,13.863224762815824,13.872135434905136
4692603-1-4,13.592367006650065,13.24703480811444,13.201516435683782
4692604-1-1,13.784487273892504,13.671391807008673,13.733222720551433
4692605-1-1,14.180068685302066,13.904348819386325,13.940288885658955
4692607-1-2,13.98795937256165,13.707864281689819,13.678499126151642
4692608-1-2,13.592367006650065,13.628260506772252,13.612716345585719
4692608-1-1,13.592367006650065,13.555110581277217,13.567288775189125
4692608-1-3,13.664687668229693,13.807972657232131,13.804367992845231
4692609-1-1,11.407564949312402,12.530942606879915,12.486407108952688
4692610-1-1,13.652991628466498,13.960029655942742,13.934317269875088
4692610-1-2,14.603967918328545,14.452827029436973,14.428446173752109
4692612-1-1,14.956543562516336,14.493348353795517,14.506914343359913
4692612-1-2,13.928134530734,14.094740326480983,14.107781660272313
4692614-1-1,14.229274468887134,14.305750354653782,14.288673664971896
4692614-1-3,14.19394699368452,14.149178682957286,14.107814704238526
4692615-1-2,14.218669258357815,13.72735376483195,13.763095772212013
4692615-1-1,14.03962244029464,13.769498370542776,13.776038344359906
4692616-1-1,13.747716610337942,13.995475306931468,13.969064801496508
4692618-1-4,14.1730994216511,13.850541903578561,13.844095484681203
4692618-1-1,13.973833415000485,13.76682275364997,13.757871819342297
4692618-1-3,11.002099841204238,12.584175927629781,12.610424237229726
4692619-1-1,13.710653249010049,14.043175977195412,14.086224419620796
4692619-1-2,13.122363377404328,13.773005202269964,13.757597946155597
4692620-1-1,12.429216196844385,13.233996383945678,13.205865374136616
4692621-1-1,14.22097566607244,14.156986677839626,14.13758567627659
4692622-1-1,13.88802747935345,14.095595641165268,14.114644833522911
4692623-1-2,13.95950494394373,13.905973597116516,13.871939789576704
4692623-1-1,14.012893947059728,14.044986728983964,14.051394013343042
4692624-1-1,13.808228797682276,14.049868455153517,14.08370500888185
4692624-1-2,13.742351520045396,13.955189728539922,13.995722698602897
4692625-1-3,13.675619557261449,13.842321840575039,13.81799578259829
4692625-1-1,13.56864023998032,13.919368771297423,13.891591856738795
4692626-1-1,13.458835614025542,13.361922373968541,13.362639179243486
4692627-1-3,14.28551418721001,14.20588344686209,14.3424336480278
4692627-1-1,14.269765830241871,14.402426714336881,14.358633867571172
4692627-1-4,13.527828485512494,13.736158424240415,13.735346921869938
4692627-1-2,13.592367006650065,13.735224188051728,13.717669682631321
4692628-1-1,13.675619557261449,13.912317140029579,13.911477458279634
4692629-1-1,13.815510557964274,13.992291386683195,13.959288387758946
4695803-1-1,15.23861889220688,14.473623473279028,14.44013802589092
4695803-1-2,14.22097566607244,13.980610895165471,13.893590434621508
4695803-1-3,14.130037315879418,14.310804526550564,14.312258964494642
4695803-1-4,14.588700484659292,14.170165645912263,14.140465395849818
4695804-1-1,13.790192749979983,13.949970084591504,13.970743220690956
4695805-1-2,13.304684934198283,12.78099846359475,12.863428898955783
4695806-1-1,11.512925464970229,10.644151348612285,10.572454202316276
4695806-1-2,13.741505167087375,14.07353519542776,14.067572795709857
4695806-2-1,13.743656476581677,14.326372137202013,14.316572692988112
4695806-2-2,13.908545423931464,14.171755300312723,14.167154057704995
4697103-1-2,13.602616797611072,14.021910081188341,13.985896378404455
4697103-1-6,13.592367006650065,13.208949313480348,13.200664455367768
4697103-1-1,13.806422385345863,14.09543277644261,14.143989341213839
4697104-1-1,13.708615184458989,13.889236977858332,13.880438841417874
4697104-1-2,14.251073724183897,14.588821705189297,14.61769228610734
4697104-1-4,14.403297222866392,14.621672125956863,14.608192484214003
4697105-1-1,14.50865773852422,14.430168907229103,14.330317457071862
4697106-1-1,12.89921982609012,13.445633693241534,13.429391257358198
4697107-1-1,12.611537753638338,13.901314950616646,13.916307558055212
4699025-1-1,15.424948470398377,14.962349992682341,14.888108010017122
4699026-1-1,16.300417207752275,15.747304299978339,15.746629581977158
4699027-1-2,14.888805038648094,14.3874815115469,14.403944704410964
4699027-1-5,15.350584019202868,14.21222291531839,14.221791594371306
4699028-1-1,16.130518170956876,15.840407540514434,15.711483569621087
4699028-1-2,12.89921982609012,14.025316789078856,14.680102702022705
4699029-1-1,14.218669258357815,14.624162655462015,14.610795103971464
4699029-1-4,13.72059859885956,13.82365045292991,13.814266414870422
4699030-1-1,13.049792684569493,12.57977519297019,12.670957392220798
4699031-1-1,12.611537753638338,12.20562680558507,12.22824436083146
4699031-1-2,11.512925464970229,13.31540416894879,13.25427401846061
4699032-1-1,13.675619557261449,13.547493623470181,13.625176506160544
4699032-1-2,14.31221697316938,14.18834023076266,14.192840761391244
4699032-1-5,12.206072645530174,13.60024872986933,13.597311411834887
4699033-1-1,16.11809565095832,15.33004703132766,15.43573442135925
4699033-1-4,13.661230536439406,13.86505707889743,13.857007724478615
4699034-1-1,16.049102743757082,15.965733355752137,15.93767961691163
4699034-1-2,15.60727002719233,15.445032157988038,15.377692430940881
4699035-1-1,13.710150042306449,13.78985230094594,13.733270183861652
4699035-1-2,13.675619557261449,13.78188015762255,13.788761047278566
4699036-1-1,13.592367006650065,13.173243402897235,13.170946780281522
4699036-1-2,14.307408146367038,14.21803747023641,14.217078926755626
4699037-1-1,15.761420707019589,15.907822170168206,15.866719190714337
4699038-1-2,12.468436909997664,13.414198771650813,13.381746101103275
4699038-1-3,14.340239086899256,14.141034329336009,14.15595708255667
4699039-1-1,13.815510557964274,14.208295680810286,14.201245926659501
4699040-1-1,14.410217665710968,14.428229019065006,14.465923817435575
4699040-1-2,13.946538820370678,14.008751330899939,13.969269829357241
4699040-1-4,14.01903164175256,14.45796444359836,14.400488823711335
4699041-1-1,13.815510557964274,13.55626756195582,13.537745268523718
4699044-1-1,16.222455666282563,15.70090722874928,15.796784899023802
4699044-1-2,16.11809565095832,15.633018936942916,15.591749258378368
4699045-1-1,13.744014556259204,14.056353214026688,14.05501328490421
4699046-1-2,10.819778284410283,12.544493112165716,12.585500914173707
4699047-1-1,15.50499114730268,14.883706504983802,14.846308733832048
4699047-1-2,15.252577284061548,14.69642042155693,14.687500809055086
4699048-1-3,14.229274468887134,14.28343716765913,14.382621972588352
4699048-1-4,13.739349219480724,13.772490294500217,13.815051220394382
4699049-1-1,14.457364444136669,14.741186306384023,14.771584915584015
4699049-1-2,14.457364444136669,15.273998686554421,15.121557429383596
4699050-1-1,14.365556918922008,14.619347855127533,14.666328531827562
4699050-1-2,14.33423150646441,14.103104662894983,14.078598794662412
4699051-1-1,17.257529934146685,15.924967925493416,15.978634674166726
4699052-1-2,16.11809565095832,14.950183043113842,14.810610989841493
4699053-1-1,13.592367006650065,14.066332886557007,14.081371300195423
4699053-1-2,13.997832114758229,14.011447146053426,13.983179716264868
4699054-1-1,15.096444403426338,14.565121993771015,14.572715557329314
4699054-1-2,14.304090572782943,14.508502228636607,14.531437832294566
4699057-1-2,14.628606316589035,14.211149049757505,14.229383428969069
4699058-1-1,17.72753356339242,16.685537381624016,16.70895238758622
4699060-1-2,14.845129975145433,14.588862276380011,14.593552706188088
4699060-1-3,15.364419712736824,14.756457046340017,14.799962157758703
4699061-1-1,14.38328348578811,14.493875829919824,14.52176108982479
4699061-1-2,14.588700484659292,14.269374639312474,14.29440304952291
4699061-1-4,12.765688433465597,13.18252635171353,13.107381823434473
4699061-1-5,14.2781187834991,14.398354698388234,14.40566054785458
4699063-1-1,13.747716610337942,13.574153770427904,13.591729912739632
4699063-1-2,13.815510557964274,13.799154843506157,13.804102409224438
4699063-1-4,13.815510557964274,13.188803363738712,13.186343722284528
4699064-1-1,13.664687668229693,13.631776684439771,13.665984713675941
4699065-1-1,13.774118609384391,13.831905235149007,13.83205815529855
4699066-1-1,13.9908634104771,13.821760516606549,13.809525562497528
4699066-1-2,13.742351520045396,13.782052259837675,13.773374943481723
4699066-1-5,11.512925464970229,12.143449315872255,12.285967370472042
4699066-1-6,14.703401815316733,13.876425266887294,13.871520054675544
4699068-1-1,13.122363377404328,13.301873731431925,13.30394404672606
4699069-1-1,10.596634733096073,11.639946325210975,11.635856241323525
4699069-1-2,12.611537753638338,13.642482017831826,13.633359567437005
4699069-1-3,12.765688433465597,13.600606166423253,13.586296525183498
4699070-1-2,13.675619557261449,13.959452043664717,13.908418741715508
4699072-1-1,14.845129975145433,15.250297506791707,15.294151848545225
4699072-1-2,15.553781342241344,15.124907536004649,15.131323166585181
4699074-1-1,13.708160286276438,13.682872006177929,13.705605165816484
4699075-1-1,12.89921982609012,13.545522288156013,13.600979301532462
4699075-1-4,13.017002861746503,13.125712708443578,13.150375625473885
4699076-1-3,13.592367006650065,14.243220307794079,14.304114050721415
4699076-1-4,15.321438020091554,15.067092258750813,15.072289076457592
4699077-1-2,14.845129975145433,14.37112242898345,14.384674931613096
4699079-1-1,13.979507744301817,13.92141933974201,13.920309688698758
4699079-1-2,13.893620938356923,13.420240594931444,13.460949294883667
4699080-1-2,13.780766927701986,13.785457156351994,13.7795245860418
4699080-1-3,13.78035270022512,14.259146378690899,14.271867533125617
4699082-1-1,13.458835614025542,13.349523336505735,13.386798832645143
4699082-2-1,12.611537753638338,12.477678407450185,12.43860624043796
4699083-1-2,15.056779147033907,14.496583626885634,14.47415840776081
4699084-1-1,13.122363377404328,13.52433433261964,13.474735190334536
4699085-1-1,13.458835614025542,13.232392759057968,13.258156748959244
4699086-1-1,15.082458161451598,15.071949805893688,15.077812656572986
4699086-1-2,15.424948470398377,15.16317779743927,15.199185587794359
4699086-1-3,15.424948470398377,15.146088564491164,15.153397483696484
4699087-1-1,14.457364444136669,14.409483889008882,14.405569748230187
4699088-1-1,13.95479673500714,14.091067599317842,14.090362990771334
4699089-1-3,14.095445889249785,14.762802912878865,14.709470899114406
4699090-1-1,14.92517265534644,14.856422325141027,14.875132583353613
4699091-1-1,12.89921982609012,12.169903909316455,12.165009738468038
4699091-1-2,13.304684934198283,13.510468418944923,13.584170931282305
4699093-1-1,13.304684934198283,13.429093240386864,13.419753138581912
4699094-1-1,15.355955563197137,15.191645610028118,15.187505950509458
4699095-1-1,13.122363377404328,13.848478862887086,13.821625730704833
4699095-1-2,14.143526876006138,14.272317252720551,14.273839054133624
4699095-1-3,13.592367006650065,14.291752258837596,14.365132081279407
4699096-1-1,14.22097566607244,13.21049548710517,13.182427800170972
4699097-1-1,15.361298514369873,15.084186886598115,15.014531668277726
4699098-1-1,13.56864023998032,12.488229920546972,12.565654353450064
4699099-1-2,10.819778284410283,11.839895480140934,11.79508523698032
4699101-1-1,13.710150042306449,13.576292907705058,13.593845036213693
4699101-1-2,13.527828485512494,13.22391769788547,13.22773457791357
4699101-2-1,13.592367006650065,13.335949776882808,13.33681037385625
4699102-1-1,13.304684934198283,13.639480525552951,13.60001430841929
4699103-1-1,13.847859335960647,14.312512834721549,14.297588399556094
4699103-1-2,14.020390439179968,14.157881344093733,14.128494087189564
4699104-1-2,13.675619557261449,13.571356114662185,13.548533098389292
4699107-1-1,13.592367006650065,13.516198633501023,13.528645830832602
4699107-1-2,13.997832114758229,13.787160863554288,13.819435830649692
4699108-1-1,12.388394202324127,13.058720343520879,13.049679704796791
4699108-1-2,12.611537753638338,13.494013640222578,13.433058621415256
4699109-1-1,14.380281250803424,14.04953536838544,14.073873877030284
4699109-1-2,11.695247021764184,12.527509516245074,12.570464275130576
4699109-1-3,13.997832114758229,13.36612685304264,13.37209686450634
4699110-1-1,14.403297222866392,13.897101134718394,13.899610727390002
4699112-1-1,15.74340220151691,15.413151420570156,15.373753738697767
4699113-1-3,14.344104019657737,14.435152253546772,14.429195911894498
4699115-1-1,14.99416555430592,15.133317375051128,15.179675428959708
4699115-1-2,14.346138809026444,14.589039903446592,14.578281777093254
4699116-1-1,15.28844122574371,14.898455670048442,14.89162974382327
4699116-1-3,15.795868164423522,14.327645001211282,14.332943650182328
4699117-1-1,13.592367006650065,13.673387805781683,13.670450895175028
4699119-1-1,14.22097566607244,14.18808742689234,14.189927126778118
4699120-1-1,14.914122846632385,13.842740750254544,13.856208918165233
4699120-1-3,15.14549908287307,14.601169490004507,14.57698375941496
4699120-1-5,13.815510557964274,14.057791056942486,14.041135835488806
4699122-1-1,13.122363377404328,13.107040501699252,13.129123864803084
4699122-1-3,14.403297222866392,13.706581585438684,13.635131903025815
4699127-1-1,14.73180128983843,14.70848568967802,14.852814585007831
4699127-1-2,14.22097566607244,14.238527194464579,14.260357863974622
4699127-1-4,14.360737608447597,14.394169092645653,14.40640404659289
4699128-1-1,14.99416555430592,14.922872564017771,14.897968076735165
4699129-1-1,12.89921982609012,13.495328582784747,13.460337282687844
4699130-1-2,14.22097566607244,13.849813723011872,13.903063991584661
4699131-1-1,13.745884986364812,14.23232460232581,14.246816648478188
4699131-1-2,11.695247021764184,12.296017611983668,12.290744466634102
4699132-1-1,15.38412647587812,14.744251964965885,14.712432698571838
4699132-1-2,15.36129840779794,15.11456238998635,15.131458225656592
4699133-1-1,14.213085285397622,13.966787276872552,13.956289301315648
4699134-1-1,13.592367006650065,13.94604477828605,13.92847280545532
4699135-1-1,13.710150042306449,13.70546317513056,13.754269563968014
4699137-1-1,14.204650465513344,14.298509136243233,14.350040848558336
4699137-1-2,10.308952660644293,11.853483970852244,11.867361335014799
4699137-1-3,14.53740717205312,14.010482454250404,13.99133015130043
4699138-1-3,14.403297222866392,14.585870647327262,14.56714658539129
4699138-1-4,12.611537753638338,12.50328409242072,12.56808820970377
4699139-1-1,15.00365881194324,14.469948554985004,14.475520835586293
4699139-1-4,13.812061115472249,14.173507223433575,14.17345969206631
4699140-1-1,15.60727002719233,14.869303847898873,14.816312862705157
4699142-1-2,15.319587954740548,15.996313226320126,16.035698319877625
4699144-1-1,15.03928598958639,14.193138940246401,14.209893776577447
4699144-1-2,11.84939770159144,12.231044117184046,12.344798180806581
4699145-1-3,13.747827364189224,13.892648063047167,13.875955404200752
4699145-1-4,13.747827364189224,13.871646164202318,13.898500631216312
4699147-1-1,13.815510557964274,14.053228189704694,14.054182074142195
4699147-1-2,13.73484265489682,14.331485696141014,14.319367982910245
4699148-1-2,13.304684934198283,13.608910131611806,13.590298677997316
4699149-1-2,11.695247021764184,11.167825936944768,11.362499364491788
4699149-1-4,13.815510557964274,14.29115216793227,14.248387821079955
4699150-1-1,14.325262180197036,14.185648087953151,14.182834148002254
4699150-1-3,13.98795937256165,13.60544924400868,13.547060831142392
4699151-1-1,15.89495209964411,14.58839732210631,14.663540007931763
4699152-1-3,14.53335035111459,14.259850596765245,14.265368039284997
4699154-1-3,11.407564949312402,12.842519226754614,12.762086014042032
4699156-1-1,13.652991628466498,14.135132188130335,14.01798939212472
4699157-1-1,13.458835614025542,12.647230949517791,12.616383154088297
4699158-1-1,13.64653790675603,15.722402810128294,15.670761224797488
4699158-1-2,13.64653790675603,15.483930270826455,15.525767526099937
4699158-1-5,13.675619557261449,13.931337146380013,13.949472980824494
4699160-1-1,14.23917202034242,14.112750888000948,14.134511843843967
4699161-1-1,13.997832114758229,13.518161267082926,13.622008086700268
4699162-1-1,11.512925464970229,12.61404592078149,12.651720890155454
4699163-1-1,16.079874334242014,16.1849855604847,16.145372486453084
4699163-1-2,16.633908756533856,15.526950038967815,15.524982780376384
4699163-1-5,13.69616387075424,14.105453201925627,14.099418929620988
4699164-1-2,17.341871082580436,16.045999480513785,16.00534118712146
4699165-1-1,13.304684934198283,13.091023550811602,13.090624456092623
4699165-1-2,12.611537753638338,12.404706814311128,12.41757819252595
4699166-1-4,13.592367006650065,13.43996243428407,13.39021834244762
4699167-1-1,14.457738584663687,14.552879332878444,14.597174107873792
4699168-1-1,13.777508541897934,14.257291519469604,14.205235823724028
4699169-1-1,14.015080522844732,14.020842253088349,14.046796228646574
4699170-1-1,13.815510557964274,13.189988965513908,13.192127756194116
4699171-1-1,16.11809565095832,15.240335635843326,15.115040240306081
4699172-1-1,15.201804919084164,14.4367977456543,14.477272837643444
4699172-1-2,16.158917677478573,15.648881349998877,15.621390359735884
4699173-1-1,13.710150042306449,13.47347092946852,13.472174488002832
4699173-1-2,12.611537753638338,12.822952015705226,12.858020287258215
4699175-1-1,15.082458161451598,15.756460449696256,15.663674992705868
4699175-1-2,16.34788371850113,15.788306960080831,15.789091886791308
4699176-1-1,14.165611641352962,14.706668113613969,14.698201485372227
4699176-1-2,13.780459898040665,14.402800997456074,14.39230404199313
4699178-1-1,14.914122846632385,14.236020019596376,14.301141641591272
4699178-1-2,13.592367006650065,13.494707234459122,13.533512212682675
4699179-1-1,15.424948470398377,16.257118419858763,16.20010174975016
4699179-1-2,16.759949537130716,15.826731891471864,15.829744687106727
4699179-1-5,13.675619557261449,14.140773328826205,14.097082848985874
4699182-1-1,13.592367006650065,14.370868615085486,14.371028654130944
4699184-1-1,14.403297222866392,14.05078778303551,14.04238608476363
4699184-1-2,13.592367006650065,13.19283366899316,13.178850536606356
4699184-1-3,13.710150042306449,12.975233399712597,12.953571915532116
4699185-1-1,13.80827072601279,13.798162438448312,13.81832435554275
4699186-1-1,15.201804919084164,14.23709117426979,14.163514092890372
4699186-1-3,15.038059723323268,14.34861523407087,14.347217181884776
4699186-1-4,14.50865773852422,14.513261308590804,14.402501265867127
4699187-1-1,14.0225247273486,13.697259166703079,13.696080319878794
4699188-1-1,14.48333993053993,14.487986931449186,14.414925336684771
4699188-1-2,15.150511624696614,14.504056011937047,14.522869347199366
4699190-1-3,13.86513620635288,14.233913942936523,14.270962136501122
4699190-1-4,13.999950182568083,14.400924146558651,14.375698439040553
4699191-1-1,14.496078956317358,14.439107467422835,14.511135479198726
4699191-1-3,12.89921982609012,13.193380087529077,13.218814714672469
4699192-1-2,13.122363377404328,13.388140945829903,13.417953501992569
4699192-1-3,14.415195256923743,14.057954298236886,14.079241155322762
4699192-1-4,13.747827364189224,14.189249337511267,14.186851874788914
4699193-1-3,13.592367006650065,14.220134525682212,14.270395888873454
4699194-1-1,14.316285845876765,13.948308946897415,13.93443978611798
4699194-1-3,13.903714640064964,13.920898626211821,13.956115783929098
4699195-1-1,14.99416555430592,14.705184402632351,14.68717444858413
4699195-1-2,13.824514215616208,14.645386445054807,14.725671439639136
4699197-1-1,13.815510557964274,13.96953962526372,13.969949004413179
4699198-1-1,16.672938236696105,15.82328516428501,15.760913716908766
4699200-1-1,13.892471599100402,13.921633418136095,13.937213314509659
4699201-1-2,14.22097566607244,14.116218544834046,13.900713695410973
4699202-1-1,17.312018119430753,15.728080113109808,15.76069590791242
4699205-1-1,12.429216196844385,13.127653959379419,13.115958612409285
4699205-1-2,13.90004562141882,13.790760332170088,13.818128446178308
4699208-1-1,12.89921982609012,13.039015700055277,13.037131569642051
4699213-1-1,13.652991628466498,13.81603238642686,13.843908644105964
4699213-1-2,13.081541382884074,13.19930827817095,13.241733121158136
4699214-1-1,14.551818276518938,14.516326299987764,14.511337173878982
4699215-1-1,12.206072645530174,13.472514083248116,13.467083832763555
4699215-1-2,13.675619557261449,13.73825735276765,13.724836861860913
4701788-1-1,12.611537753638338,13.048192512631928,13.142077556589138
4701789-1-5,14.557447902693651,14.438001631234714,14.428258749123751
4701789-1-1,13.983263484918734,14.088224514108743,14.117541118109758
4701789-1-6,13.122363377404328,13.084311590362443,13.059072254392197
4701790-1-1,15.201804919084164,14.7116447417874,14.68189579084229
4701791-1-2,13.458835614025542,12.959160553957158,12.92607159274858
4701791-1-1,12.206072645530174,12.415231659375994,12.459780701749207
4701792-1-1,13.997832114758229,14.376622175533797,14.164874726359848
4701792-1-2,13.122363377404328,13.110287481889763,13.075165211877957
4701793-1-1,13.905859816357788,13.98054248923775,14.034993910462482
4703562-1-3,13.982685481479978,14.331444467962449,14.31882976458636
4703562-1-4,14.99416555430592,15.011594513474314,15.070052443734735
4703563-1-1,12.206072645530174,13.235081873596581,13.225155966027266
4703564-1-1,13.74949861854558,14.160706876062342,14.16511771613245
4703565-1-1,13.997832114758229,14.15409894300543,14.087082306392837
4703566-1-2,13.773423505783397,13.806970283500542,13.778905053294098
4705434-1-1,13.304684934198283,13.925660302535904,13.912421124215932
4705435-1-1,15.42704626848052,14.639145352029967,14.636460932334213
4705436-1-1,12.388394202324127,12.131235534581823,12.191516907762546
4705436-1-3,13.592367006650065,13.559655190945229,13.530418976275895
4705437-1-1,15.634669055434497,15.094648424053663,15.12902380082072
4705437-1-2,14.73180128983843,14.861442118294987,14.860213664709054
4705438-1-1,14.682559573734766,14.97527086492384,15.009220110446206
4705439-1-1,12.676076274775909,13.230793250754672,13.227880438065846
4705439-1-3,13.86893532290367,14.4639176557572,14.53047188931541
4705440-1-2,13.815510557964274,13.63482455439676,13.629884036081217
4705441-1-1,12.89921982609012,13.297262859981588,13.320511786166179
4705441-1-2,11.918390573078392,12.904997189976008,12.897218949978024
4705442-1-1,13.96680004132712,13.990673165394462,13.972152798224812
4705443-1-2,13.832247399852992,14.185865533701056,14.156976567866595
4705444-1-2,14.989024129032304,14.715129506215622,14.72955307751347
4705445-1-2,13.77758676844185,13.815837892878234,13.869235226890492
4705446-1-2,13.7470029035619,14.135182009050085,14.144512810387077
4705447-1-1,13.592367006650065,13.945443457584542,13.929287094775853
4705447-1-2,13.687055402277576,13.901184754445087,13.912590751636865
4705447-2-1,13.304684934198283,13.418261077591009,13.375900743359697
4705449-1-1,12.793859310432293,12.451750332959492,12.474160645070642
4705449-1-2,13.959216343590642,13.693295589304066,13.674580579770161
4705450-1-1,15.841463436671146,15.122474602409671,15.158781950666262
4705451-1-1,17.911520399505434,14.959934894757595,14.962665291024793
4705451-1-2,12.206072645530174,13.057674849216918,12.950641405211469
4705452-1-1,12.611537753638338,12.751808094888913,12.736026573323333
4705454-1-1,13.748563471894874,13.996359037794914,13.999123689871292
4705455-1-1,13.937728190688524,14.080621651258056,14.080388204493579
4705455-1-2,13.782470703886077,13.996048948759391,13.985541163916897
4705457-1-1,12.429216196844385,13.149404940516566,13.14256559616396
4705457-1-3,13.64091904723223,14.176781880710687,14.09424400396004
4705458-1-1,13.8838854218572,13.775601606725013,13.763168971825866
4705459-1-2,13.973833415000485,14.480923210010232,14.506706032174963
4705459-1-3,13.780459898040665,13.754305765035685,13.730586059700633
4705459-1-5,14.00119676048402,13.917713644450895,13.909849892299539
4705460-1-1,13.592367006650065,13.94414432294983,13.938760917063707
4705460-1-2,13.458835614025542,13.65682806008106,13.624088375020182
4705460-1-3,13.710150042306449,13.46306842409746,13.468962116240633
4705460-1-4,13.369223455335854,13.602579506190544,13.61323656809225
4705461-1-1,13.9108207377686,13.69672961399349,13.672950657004682
4705462-1-1,14.22097566607244,13.899121624881555,13.889310204720758
4705462-1-2,14.120635398226984,13.87094138268613,13.839714255647433
4705463-1-1,15.50499114730268,14.902389780800593,14.855231690191205
4705463-1-2,16.77042083699801,15.292381087733142,15.332447365257908
4705464-1-2,15.473738634567807,14.972631005454469,14.906425446628571
4705465-1-1,14.02917815389148,13.95047195572064,14.047848551149784
4705466-1-1,15.28184766521924,15.353005150397916,15.349790001600724
4705467-1-1,14.301018373745976,14.760277574372854,14.83332194322658
4705467-1-2,14.657795912421689,15.244990265040864,15.305993123512174
4705468-1-2,13.815510557964274,14.203672752887735,14.211021314421238
4705469-1-1,12.793859310432293,12.480583390569846,12.428254530795513
4705472-1-1,12.323855681186558,13.245407389200222,13.257786836713901
4705472-1-2,13.815510557964274,13.038157360112674,13.04125285808926
4705475-1-1,16.1378982782545,15.119262003794361,15.076925087379985
4705475-1-2,16.25785759333348,15.262104616577346,15.338740617328043
4705476-1-1,15.687312734865866,14.932858868087681,14.942254036728217
4705477-1-1,13.122363377404328,12.68469448295133,12.661659742307911
4705477-1-2,13.458835614025542,13.593046570825189,13.605961493641823
4705478-1-1,13.710653249010049,14.200668875093855,14.222319455583536
4705478-1-2,13.56864023998032,14.043917991015219,14.039153033641606
4705479-1-1,13.592367006650065,13.864918108724055,13.880472575189012
4705480-1-1,13.592367006650065,13.535424978029992,13.516281328570578
4705480-1-2,13.747827364189224,13.734855726138393,13.739707322616674
4705481-1-1,13.927240644764716,13.956568132735761,13.972332385575687
4705481-1-2,13.801963522341204,13.956889427827718,13.960250414799907
4705482-1-1,15.46577049691863,15.297403901232377,15.317982766218677
4705482-1-2,14.353879945435873,14.504218434214943,14.470219297597849
4705483-1-1,14.115615150414612,13.868342087936597,13.864688325297333
4705484-1-1,13.840165121050283,13.788830450045381,13.793016812398877
4705484-1-4,13.979147281247736,13.844848314068713,13.85100925158767
4705485-1-1,13.876404672875948,13.916886995429365,13.89707224767891
4705485-1-2,13.304684934198283,12.974120002106224,12.953284536564764
4705486-1-1,13.798917971718987,14.148398208755083,14.145786765904147
4705486-1-4,13.592367006650065,13.49952831983649,13.55042469084934
4705487-1-1,16.11809565095832,15.001748469650616,15.01974320235091
4705488-1-1,13.840203170554645,13.760728027426982,13.753655403141385
4705489-1-1,15.28184766521924,15.238608833575782,15.247224779643616
4705490-1-1,14.548839528157052,14.47247683896171,14.504570416669612
4705490-1-2,15.19971943346997,14.47073161469589,14.4518844869502
4705491-1-2,13.907785796079525,13.719674927822009,13.803645809726712
4705492-1-1,14.53335035111459,14.320459365942495,14.285959879805043
4705492-1-2,12.89921982609012,13.032589799979732,12.988086630113802
4705493-1-1,14.101441097377249,14.060868714080243,14.049897292184104
4705493-1-2,11.608235644774552,11.632454425128675,11.7051702086875
4705494-1-2,13.081541382884074,12.277560116553518,12.255219864412043
4705494-1-3,13.710150042306449,13.626507278439192,13.590378272265841
4705495-1-1,13.96238713122484,14.030547274380318,14.005051573130613
4705495-1-4,13.458835614025542,13.50348324189022,13.53147434306878
4705495-1-5,13.458835614025542,13.06804364595537,13.08266096492723
4705495-1-6,13.780563459895406,13.737396020775341,13.699882899812962
4705496-1-1,14.303401761987615,14.17274613552133,14.19004921980807
4705496-1-2,13.235692062711331,12.296728648883438,12.256505408701548
4705496-1-3,14.973439397610791,14.57540407449642,14.573371718779033
4705496-1-4,11.289781913656018,12.391988380576747,12.405816038508199
4705498-1-1,14.28551418721001,13.74953804680108,13.711611461886138
4705499-1-1,13.708615184458989,13.671221121377487,13.664978177099742
4705500-1-1,13.781172380809146,13.985379512483254,13.95286256942219
4705501-1-1,13.649495745570553,14.13294531482037,14.13669723606894
4705501-1-2,13.74949861854558,13.676348663583395,13.666320497307746
4705501-1-3,13.67240973836206,14.096110638813975,14.203408009072614
4705502-1-1,13.081541382884074,13.104631697016762,13.091759038241108
4705505-1-2,11.918390573078392,13.28507878124293,13.306194257778857
4705505-1-3,13.592367006650065,13.811746366971846,13.839720599842503
4705508-1-1,11.512925464970229,12.351529505968522,12.300827387897671
4705508-1-2,12.206072645530174,12.797505298396802,12.762968450008328
4705508-1-4,13.592367006650065,13.382038733605127,13.420198562163897
4705510-1-1,14.381061057750872,14.080265503485839,14.04371572999826
4705510-1-2,13.505810100236673,13.439773508066532,13.417337997054169
4705510-1-5,13.710150042306449,13.07994211833567,13.065814555591158
4705510-1-6,13.304684934198283,13.196639661803573,13.222062855353022
4705511-1-1,13.304684934198283,12.77264876149852,12.810315057948866
4705511-1-2,13.747716610337942,13.867414509232686,13.838459186740984
4705511-1-3,13.527828485512494,13.276386829448013,13.223129905922185
4705511-1-4,12.388394202324127,12.662768631704663,12.630568733608662
4705513-1-1,13.815510557964274,13.341670443253092,13.296814909338549
4705513-1-5,11.813030057420567,13.037816145288703,13.209362037697415
4705513-1-6,13.199324418540456,12.520607734802637,12.68605750795095
4705513-1-7,12.994530005894443,13.199294087765956,13.228233013099818
4705514-1-1,13.962846354851507,13.971965220407917,13.954936845999903
4705514-1-2,12.429216196844385,11.704199383691089,11.575107880275283
4705515-1-1,14.253765488895429,13.85294223231116,13.879551308778572
4705515-1-2,14.077874822431763,13.744973626131882,13.715017481221947
4705515-1-5,13.815510557964274,13.60434449572691,13.627162829257678
4705516-1-1,13.834776766904046,14.033571456345005,14.024090631352296
4705517-1-1,13.652991628466498,13.663869726446269,13.662948603004633
4705519-1-1,14.270026748580673,13.958050235287025,13.932049683824596
4705519-1-2,13.774674305529876,13.741341706698325,13.749340042195266
4705520-1-2,13.815510557964274,13.90002151430014,13.905462052830606
4705521-1-1,12.100712129872347,11.331743325338824,11.3858288702417
4705524-1-1,13.815510557964274,13.595718865691392,13.637759420697144
4705524-1-2,13.710150042306449,13.356475247660228,13.379051124941482
4705524-1-3,13.399995114002609,13.539683980857466,13.540428495667085
4705524-1-5,13.997832114758229,13.397685464776586,13.416162546835857
4705525-1-1,13.61807533797956,13.623555965862902,13.623679485428871
4705525-1-2,13.624350052503114,13.797430512592104,13.573012108883617
4705526-1-4,13.780459898040665,14.023732396476936,13.968569510019238
4705528-1-2,14.914122846632385,14.640563446608308,14.634641922143471
4705529-1-1,13.304684934198283,13.174584514972102,13.163171833746844
4705529-1-2,13.592367006650065,13.664819434159517,13.679511059735928
4705529-1-3,13.592367006650065,13.744236493788042,13.787768528243205
4705531-1-1,14.213167511620147,15.00637989682859,14.993124879885535
4705531-1-2,14.498607402670718,14.883506225432068,14.84086490216339
4705532-1-4,13.758810766882004,13.703857080073421,13.725953864137031
4705535-1-1,14.458766947011664,14.533485655183544,14.556236843483825
4705535-1-2,14.457364444136669,14.088201447783097,13.9794377415859
4705536-1-1,14.516956520677756,14.441255092647264,14.426896186130254
4705537-1-1,15.201804919084164,14.285250780564445,14.297695153533422
4705537-1-2,14.914122846632385,14.466696567143545,14.490388547532588
4705538-1-1,13.017002861746503,12.940219682690064,12.988991427412444
4705538-1-2,13.710150042306449,13.70547110302149,13.734196265914052
4705539-1-1,15.948690358917585,16.076586887671056,16.14624075342734
4705539-1-2,13.122363377404328,14.06463291804058,14.045689545055211
4705541-1-1,13.122363377404328,13.979878834780129,13.948495845315936
4705542-1-1,14.755517816455743,14.780009160202024,14.784229416751238
4705543-1-1,12.206072645530174,12.87389983467459,12.886423746117266
4705545-1-1,13.848738651668034,14.112838534592099,14.107748629833505
4705546-1-2,11.736069016284436,11.56391802231058,11.627536971023673
4705547-1-1,13.38472764187182,13.587492783600347,13.590222366575778
4705549-1-1,13.56864023998032,13.711002620993519,13.668877313133759
4705551-1-1,13.592367006650065,13.382904974680073,13.39530685940617
4705552-1-1,13.997832114758229,13.759838051979166,13.72426733079059
4705553-1-1,13.592367006650065,13.895499843739225,13.86015791006758
4705553-1-2,13.710150042306449,13.732667337241292,13.651494610046365
4705554-1-1,15.712630517850156,15.337150258798898,15.377610403628431
4705555-1-1,14.217554905269232,13.92184543668858,13.897030743830245
4705556-1-1,13.710150042306449,13.43227148463489,13.435582661785114
4705557-1-1,13.67240973836206,13.374712988637445,13.342556975898239
4705557-1-2,14.588700484659292,14.433642896557176,14.420704483927478
4705559-1-1,13.711393366280983,13.911700638950448,13.881502035219007
4705559-1-2,13.815510557964274,13.288062610173702,13.304889436675731
4705560-1-1,12.676076274775909,12.38187462091089,12.257266316065845
4705561-1-1,13.812751442603805,13.92324687114379,13.931635715707928
4705562-1-1,14.22097566607244,13.4090862911808,13.416203193342842
4705563-1-1,13.997832114758229,14.01251262862814,14.001797534748327
4705563-1-3,13.840203170554645,13.817798470458419,13.768535051403742
4705564-1-1,13.304684934198283,13.620731136403368,13.580320376009517
4705564-1-2,13.304684934198283,13.436056974694722,13.464468983364585
4705565-1-1,14.50865773852422,13.740951929123346,13.682495795898836
4705567-1-2,12.88241273425679,13.365365212942997,13.378125082924345
4705569-1-1,12.611537753638338,13.050097029592175,13.065319975585604
4705569-1-2,13.74949861854558,14.023636876089343,14.012027754154339
4705571-1-1,13.748563471894874,14.005831880773302,14.019281702570508
4705571-1-2,13.675619557261449,13.743236986269542,13.709891188034028
4705572-1-1,13.122363377404328,13.042973545679907,13.069965725758125
4705573-1-2,13.823423480551646,13.837646709905018,13.827819271754098
4705574-1-1,14.689241640637023,14.480090582957011,14.513272432835384
4705574-1-2,14.57319622059929,14.29824416739163,14.329474880450448
4705575-1-1,13.56864023998032,13.757364440442023,13.78423297223178
4705575-1-2,13.745037663211583,13.974644972546518,14.018797791961367
4705575-1-3,13.745574027085103,13.953737107518542,13.944151995959981
4705577-1-1,14.22097566607244,13.927934303116514,13.959128505306678
4705577-1-2,15.76850668493095,14.764302487717654,14.767757492256255
4705578-1-1,13.710150042306449,13.53838034592976,13.478520341407709
4705578-1-2,12.345834587905332,12.86466878027372,12.830690959534001
4705579-1-1,13.74414310599848,13.841866550829131,13.859350576850126
4705579-1-2,13.745037663211583,14.021972328157714,14.036357119994465
4705580-1-2,13.304684934198283,13.202194885635684,13.203780069956075
4705581-1-1,14.16255360122057,13.980160617072743,13.969469202143946
4705581-1-2,14.025402189172729,14.01733799153769,14.036776986637198
4705582-1-1,14.837901501853436,14.634027314287362,14.64163175874816
4705583-1-1,13.97911045300822,13.873489826858611,13.865335501442782
4705583-1-2,13.936948794117557,13.827588318415533,13.815157170884122
4705584-1-1,13.745574027085103,13.755053022064839,13.719301174938321
4705585-1-1,13.94781257021032,14.256865506857935,14.2424000343487
4705586-1-1,13.815510557964274,14.764673404299396,14.760668243951134
4705587-1-1,14.038654109278484,13.835930394012282,13.876221375744041
4705588-1-1,13.712317691257018,13.609378193136633,13.59910714024169
4705589-1-1,13.592367006650065,13.509908572612915,13.595244960022297
4705589-1-2,12.89921982609012,12.638650024376307,12.674100893490833
4705590-1-1,13.815510557964274,13.646176049964408,13.659791440293956
4705590-1-2,10.819778284410283,11.524117615359089,11.665865174829499
4705591-1-1,13.675619557261449,13.46269680343154,13.434904346520373
4705592-1-1,14.218669258357815,14.268929251111613,14.267515961371771
4705592-2-1,14.77102200299171,14.716301764758192,14.738703971624219
4705593-1-1,13.652991628466498,13.824040296980439,13.829395592999397
4705593-1-2,11.002099841204238,10.986771728034332,10.970439267307356
4705594-1-1,12.611537753638338,12.420147885275908,12.390254213349307
4705595-1-1,13.984791622604206,14.150630123407923,14.133759470149897
4705595-1-2,13.906264921232738,13.937615873734858,13.913670475232111
4705595-1-3,14.089347223594002,13.961579704644738,13.93791855508308
4705596-1-1,14.23917202034242,14.462233189408677,14.268894650171509
4705596-1-2,14.077874822431763,13.892885195455582,14.026535165770554
4705597-1-1,15.201804919084164,14.078014374515831,13.941981533451932
4705597-1-2,13.592367006650065,13.294218264031295,13.264719796641744
4705598-1-1,14.078515674734364,14.147059365151307,14.089017017345126
4705599-1-1,13.783205317712182,14.13479118920785,14.122027465695188
4705599-1-2,13.85075963257298,13.890805597086239,13.882227238164155
4705600-1-1,13.747805762800716,13.786325016417464,13.843777034589456
4705601-1-1,14.50865773852422,13.857757622199895,13.845658358934003
4705602-1-1,13.90691402558741,14.646480893951928,14.645660853336338
4705603-1-1,13.844259991493177,13.813329306711967,13.847929404368086
4705604-1-1,14.50865773852422,13.712418900970896,13.746880404834144
4705607-1-1,16.300417207752275,15.060189442932511,15.130904404075318
4705607-1-2,14.73180128983843,14.02448755699246,13.99859691607386
4705608-1-1,13.710150042306449,13.863963415944625,13.823658089477535
4705609-1-1,13.853929687916336,13.35721033006249,13.368300503058844
4705613-1-1,13.774943413779411,14.120957553764459,14.117460549647115
4705614-1-1,14.261477609381767,13.88773929410388,13.926331529067513
4705614-1-2,14.175660519529268,13.910679589920422,13.96665418804167
4705616-1-1,13.304684934198283,12.904393674373583,12.887701520906663
4705616-1-5,13.768893680495568,13.898098389547707,13.850083842532067
4705616-1-6,13.710150042306449,13.442941244969068,13.403396906072983
4705617-1-1,14.000781407149953,14.030153622831046,14.012489651815063
4705620-1-1,15.363073066680286,14.926092016368036,14.924968691938
4705621-1-1,13.721199878493032,13.620029991027694,13.64562710226633
4705622-1-1,13.781172380809146,13.903400797932981,13.902823772329628
4707201-1-1,14.229744441077528,13.752187423696236,13.844204566596378
4707201-1-3,14.244200372547304,13.89184370986832,13.905580038676279
4707404-1-1,13.7814741480577,13.825706485701184,13.781409675002802
4707405-1-1,14.77102200299171,15.191438336230759,15.165555426499822
4707406-1-1,15.841463436671146,15.17062846230106,15.190185998896897
4709745-1-1,13.815510557964274,13.33845008209428,13.319425584686268
4709745-1-2,13.745884986364812,13.721266164914164,13.759853749729821
4709745-2-1,13.592367006650065,13.453146687008553,13.436526554722082
4709745-2-2,13.825404451581328,14.106732791977443,14.094477684188703
4709746-1-1,13.745884986364812,13.683269006189077,13.698500018258889
4709747-1-1,12.89921982609012,13.312455250236225,13.322343148718645
4709747-1-2,14.26003162206426,13.981258583272819,13.90458962774461
4709748-1-1,13.514405465180351,12.942974487007685,12.912933117847368
4709749-1-1,13.748563471894874,13.554539378596125,13.557763436256346
4709750-1-1,13.592367006650065,13.367331107447571,13.343657523122536
4709750-1-2,13.747716610337942,13.900004988155713,13.894637032696703
4709751-1-1,13.779316380228709,13.730521732556412,13.769652419236797
4709752-1-1,13.747716610337942,13.751188804334758,13.728386295386182
4709753-1-1,15.2624295409006,14.434296845457384,14.444821893504361
4709753-1-2,10.46310334047155,11.72948631122436,11.691085212271457
4709753-1-5,10.596634733096073,11.054454416325115,11.075337179743046
4709754-1-1,13.747716610337942,13.463941561280361,13.474146483096462
4709754-1-2,14.353879945435873,13.717612289276326,13.710065632462374
4709755-1-1,14.50865773852422,13.76821849349871,13.801624958923197
4709755-1-5,13.815510557964274,12.050795233254092,12.005492740265067
4709756-1-1,13.820376388088684,14.175831282321363,14.177496822605562
4709756-1-2,13.676194466182968,13.737867142874727,13.723670158476605
4709758-1-1,13.73153420698384,13.697143363039272,13.700734737127942
4709759-1-1,15.39791976376388,14.789763061192991,14.777479805259217
4709759-1-2,15.680881870342027,14.69096472383029,14.661877183375362
4709760-1-1,12.206072645530174,13.281210488551343,13.280408987428254
4709761-1-3,15.072099483855965,14.666031306219306,14.62884080900354
4709761-1-4,14.802570422838436,14.9961320424477,15.030392968861461
4709761-1-5,14.962913010801817,14.99935351699747,15.045490629452408
4709762-1-2,12.611537753638338,12.254282502621411,12.33658944325189
4709762-1-3,13.747716610337942,13.816794126543844,13.858374655466845
4709763-1-1,14.403297222866392,14.360942498480904,14.332908936222541
4709763-1-2,13.815510557964274,14.185872059741163,14.163342553486025
4709763-1-3,13.304684934198283,14.583705705770418,14.55674015321582
4709763-1-4,13.122363377404328,13.676088666802382,13.63730656983727
4709764-1-1,14.065525322603708,14.143877987518518,14.137164969071861
4709764-1-2,13.98795937256165,13.817495373277385,13.783771459185743
4709764-1-3,13.955021164409375,13.730198352752,13.692222771749792
4709765-1-1,13.997832114758229,13.864375800671874,13.865661199154745
4709766-1-2,13.80351420105158,13.886606061677151,13.869514752397954
4709769-1-1,14.22097566607244,14.176251877253845,14.182654216243407
4709769-1-2,14.22097566607244,13.980468288419532,13.932460165925171
4709771-1-1,14.22097566607244,14.159667367177207,14.196867407050613
4709771-1-2,14.914122846632385,13.564741509177232,13.561101512578594
4709773-1-1,11.407564949312402,13.419829474861578,13.40991589773555
4709774-1-1,14.50865773852422,14.114331682281328,14.229828053251593
4709774-1-4,13.17115354157376,13.647372291606825,13.60015835521219
4709774-1-5,13.815510557964274,13.582390571563783,13.592840145815899
4709774-1-6,14.189943528171414,14.108118733916253,14.097999270429058
4709776-1-1,15.399630662414085,14.702606005193436,14.790934595701941
4709776-1-2,14.301018373745976,14.453966690524753,14.449220685228713
4709777-1-1,14.921870505859811,14.742313595579065,14.703439709377356
4709777-1-2,14.48333993053993,14.622253536405786,14.61957594054631
4709778-1-1,15.222424247103229,14.771186295704942,14.750496294193896
4709778-1-2,16.012735135300492,15.201237381286766,15.279010164933636
4709779-1-2,13.859083624812463,14.009044683022363,13.99097976498042
4709779-1-3,13.803775280666596,13.814026026019835,13.864811581582167
4709781-1-1,14.07273345514784,14.13515956654503,14.11311109842596
4709781-1-2,13.849911984681606,13.715234078583062,13.69997896113909
4709782-1-3,13.772379976226832,13.792857974721912,13.809640357610654
4709783-1-3,14.084264556836269,14.101402064014685,14.116530531821764
4709783-1-5,13.803651516681764,14.086079577566482,14.088401908378225
4709783-1-6,13.675619557261449,14.06484379605852,14.076015827580587
4709784-1-1,14.73180128983843,14.140329448683838,14.107842989800357
4709784-1-2,14.73180128983843,14.301327701930592,14.31886236813933
4709784-1-3,14.290709029993849,14.438398884126467,14.508853139515477
4709784-1-4,14.28551418721001,14.235718704061334,14.268459813015024
4709785-1-1,14.37892860813027,14.479795049713978,14.43510574386788
4709789-1-2,13.458835614025542,13.263097848241145,13.206974576231918
4709791-1-1,11.512925464970229,12.73987444056224,12.706961556112741
4709792-1-2,14.0687649921052,14.029434304973917,14.062173155170209
4709792-1-3,14.113052146502122,13.851489459269148,13.850115851805604
4709792-1-4,14.077874822431763,13.736302702908873,13.73201991286682
4709792-1-6,13.872992954038532,14.130058534228423,14.111660096984037
4709793-1-1,15.370492284602316,14.565545149209694,14.576048865217423
4709793-1-2,15.319587954740548,13.767774902234752,13.7959726737262
4709794-1-1,13.592367006650065,13.499717353914537,13.524085881192601
4709794-1-2,13.711097371226456,13.777737212002226,13.78671620171557
4709795-1-1,12.206072645530174,13.118944464941007,12.995931254612096
4709795-1-2,14.50865773852422,14.750292885735584,14.754770249707434
4709796-1-1,13.708986031775638,13.954729149022008,13.937088407423511
4709797-1-1,14.62584804299462,14.537557516441938,14.592456920432294
4709798-1-1,13.772797518733014,13.819524385030025,13.827797055787345
4709798-1-2,14.329258532500669,13.819171026968258,13.788299349727376
4709799-1-1,13.898625426331222,14.062486842616654,14.095171828605281
4709799-1-2,13.810743902993506,13.632019931865985,13.58582121704247
4709800-1-1,13.592367006650065,14.081261416789612,14.077231071902872
4709800-1-2,13.304684934198283,13.360156357807094,13.3915716537192
4709800-1-3,13.967873962995611,13.767903885306751,13.753993473255353
4709801-1-1,13.815510557964274,14.1716744394084,14.323662592339176
4709802-1-1,14.678175487795016,14.38587660062329,14.377601988123448
4709802-1-2,13.56864023998032,14.079901808218883,14.125900195537872
4709803-1-1,13.592367006650065,13.589787099870875,13.414449465545253
4709804-1-1,13.764217263576723,13.983334692489802,14.001676629982942
4709804-1-2,13.592367006650065,13.257959171533146,13.265246353617746
4709804-1-5,13.592367006650065,13.324725310084947,13.401186256616024
4709804-1-6,13.304684934198283,13.693403423835948,13.629453613032522
4709804-1-7,12.206072645530174,13.398988205647722,13.41626622993751
4709805-1-1,11.512925464970229,12.788407567284443,12.8714565495097
4709805-1-2,11.512925464970229,12.473435415141383,12.522237226664245
4709806-1-2,15.227635055180992,14.70837546301348,14.730603851707409
4709806-1-4,10.126631103850338,10.878802956601092,10.967978590745417
4709807-1-1,14.25690748314162,14.37591501436531,14.310432190088582
4709809-1-1,13.748563471894874,13.702442422768067,13.731244594514333
4709809-1-2,9.903487552536127,11.490571813478766,11.529151603283358
4709810-1-1,14.50865773852422,13.74071239037497,13.732630727219012
4709810-1-2,14.50865773852422,14.16199513168676,14.146025150889745
4709810-1-3,14.50865773852422,14.56540964143986,14.506435600788357
4709811-1-1,14.527583020281018,14.639363589539228,14.656561402698173
4709811-1-2,15.424948470398377,14.357011742482653,14.368736917233838
4709811-1-3,4.430816798843313,11.876778549409952,11.775112465502435
4709812-1-2,12.206072645530174,12.08383713262933,12.164416114352425
4709813-1-1,13.641157170819495,13.663749389503145,13.680569119827375
4709813-1-2,12.429216196844385,12.96120573265285,12.951608767871479
4709814-1-1,13.718764291230556,13.895165174981118,13.982332837977616
4709815-1-1,14.121769046663836,13.700373079553652,13.719257960279844
4709815-1-2,12.89921982609012,12.185494025573261,12.195519931360112
4709816-1-1,11.918390573078392,13.156491713870766,13.198696852062957
4709817-1-1,15.399630662414085,14.630910440158342,14.622746195798754
4709818-1-1,12.89921982609012,13.221091836254082,13.255492472334309
4709818-1-3,13.592367006650065,13.611926625407737,13.58903079633161
4709819-1-2,12.765688433465597,12.745285235791833,12.770960086877826
4709820-1-1,14.179690630337369,13.954386292774961,13.972836699077432
4709821-1-1,14.564604731389991,14.14292389048944,14.101381826136354
4709822-1-1,14.73180128983843,14.739320246459068,14.832760503082316
4709822-1-2,14.161933125438654,14.02990134694548,14.010518177606734
4709823-1-1,15.319587954740548,14.044072861952978,13.988345409407657
4709825-1-1,13.922759190007977,13.925884263645775,13.923587545075073
4709825-1-2,11.002099841204238,11.398973820031436,11.38403684612653
4709825-1-3,14.172602052633705,13.940395496029002,13.938552241709735
4709825-1-4,13.713711470662824,13.816508590223494,13.825817642728422
4709826-1-1,13.780459898040665,14.047133423716467,14.016822512719294
4709826-1-2,13.675619557261449,13.837357546850999,13.810370480568144
4709827-1-1,13.815510557964274,13.892380458676179,13.788382398812768
4709828-1-2,13.747716610337942,13.868852204959772,13.834792430509827
4709828-1-3,13.745574027085103,14.083936432058502,14.088450356667739
4709830-1-3,13.710150042306449,14.055595049758649,14.0173793630311
4709830-1-4,13.815510557964274,14.100513805179263,14.108654972585054
4709830-1-5,13.712317691257018,14.42921051280806,14.429995494919789
4709831-1-1,13.997832114758229,13.902778269176636,13.941836606977466
4709831-1-2,12.100712129872347,13.082260828291945,13.147523324130248
4709832-1-1,13.304684934198283,12.751911154321787,12.737550145787772
4709832-1-2,13.604789526648622,13.914873406520702,13.912384481546928
4709834-1-2,13.527828485512494,13.248764587154307,13.276548556110567
4709834-1-3,13.458835614025542,12.922305538787603,12.802962561461845
4709835-1-1,13.840157315844795,14.158277814853976,14.18213874025916
4709836-1-1,13.815510557964274,13.645380192472663,13.655056432312742
4709836-1-2,14.70648348185414,14.30918645135391,14.304980697708803
4709837-1-1,13.801287576701394,13.988944057473468,13.99513901347667
4709837-1-3,12.611537753638338,13.353481664468314,13.336740986482303
4709838-1-1,14.76781166305278,14.815064675739551,14.78782298593298
4709839-1-1,13.743790779880497,13.803252630291194,13.820509517761321
4709840-1-3,13.709542079756886,13.887884169690595,13.87238667467477
4709840-1-4,13.304684934198283,13.375982164715195,13.336423839745963
4709841-1-2,13.846277065102608,13.850917144627484,13.850230448449675
4709842-1-1,13.815510557964274,14.131152343827134,14.065075539263747
4709842-1-2,10.126631103850338,12.117413348881108,12.102314152217755
4709843-1-1,14.487604350602982,14.324144625934958,14.325107272303503
4709843-1-2,14.233043225960769,14.248997465454865,14.267252134858632
4709844-1-2,13.458835614025542,13.872616311394383,13.867492534926411
4709844-1-3,13.747827364189224,13.885044652075948,13.826033700838824
4709844-1-4,13.747827364189224,14.11191828051156,14.124223682483349
4709845-1-1,13.304684934198283,13.34082152421287,13.327998755261842
4709846-1-2,13.592367006650065,13.645881388062765,13.62890641966358
4709847-1-1,12.89921982609012,13.168533468805272,13.188625713763244
4709847-1-2,13.710150042306449,14.014617141325422,14.039648130731011
4709848-1-1,13.592367006650065,13.864035501187862,13.889236851334955
4709849-1-1,11.512925464970229,12.99566793645026,13.021427970759513
4709850-1-1,14.077874822431763,14.23133173797687,14.206248358504292
4709851-1-1,12.611537753638338,12.189346419256685,12.29335126300989
4709851-1-2,14.251612608594671,14.024097060763138,14.016637405627293
4709852-1-1,13.304684934198283,13.111440971924187,13.131402561775715
4709852-1-4,13.710150042306449,13.542210962647033,13.537746860991698
4709853-1-1,13.833557723770529,13.96682843016292,13.956342617531494
4709853-1-5,14.04916744992872,13.894131795208304,13.908829347333826
4709854-1-1,13.84712519455861,13.87357535823198,13.882525450680292
4709855-1-1,12.206072645530174,13.617240749715345,13.615858687560069
4709856-1-1,14.099845252944048,14.027049162256134,14.034438505979741
4709856-1-2,14.223195450526935,13.948539873639652,13.925315394481267
4709857-1-1,13.723395269056468,13.702177092903515,13.683035559647985
4709857-1-2,13.567049198665774,13.237171907728609,13.154697009692597
4709858-1-1,13.778270357300752,13.965049362062858,13.980780771028739
4709858-1-2,14.14121259290864,13.643713258269688,13.623597528146473
4709859-1-1,14.50865773852422,13.852135446949887,13.928901246183639
4709859-1-2,14.000781407149953,14.108063569134108,14.063347890117933
4709859-1-3,14.288558065533453,14.345887749466245,14.398672287746004
4709860-1-2,13.76070234347632,14.200214875498533,14.161355095179786
4709861-1-1,13.748563471894874,13.743407190718882,13.755170875110146
4709861-1-3,13.592367006650065,13.666916569133523,13.62851913999406
4709861-1-4,13.649495745570553,13.569950074543458,13.595647187772178
4709862-1-2,13.748607977973636,13.504853984566603,13.472605141610128
4709863-1-1,14.185839559543972,14.256857655068261,14.254261452394164
4709864-1-1,13.710150042306449,13.734462733966305,13.67814036527644
4709864-1-2,11.982929094215963,13.105329129158982,13.139712955151532
4709865-1-2,13.652991628466498,13.73746114322312,13.706106067028562
4709866-1-1,13.592367006650065,13.382000195197786,13.363342354964853
4709868-1-3,14.24756347351591,13.981879360420578,13.96181682498734
4709869-1-1,13.567049198665774,13.142316708526284,13.140204188385948
4709869-1-2,13.86600058606983,13.757317114919307,13.747643446767153
4709869-1-4,13.784487273892504,13.780222022063075,13.837500749501848
4709870-1-1,14.26019637922572,14.100979955989438,14.113774980141429
4709870-1-2,13.969661202077246,13.775536777134311,13.738807513716932
4709871-1-1,14.13460235820068,14.15752851332699,14.14457265344021
4709871-1-2,13.60529395187396,13.67036274875388,13.724653144506307
4709871-1-3,13.710150042306449,13.591102372258506,13.52939648450066
4709872-1-1,13.9108207377686,13.468655102344309,13.42210629353467
4709872-1-2,13.122363377404328,13.185790555040974,13.161622137536366
4709878-1-1,13.684186655610688,14.078392801181073,14.109327828570613
4709878-1-3,13.696964606361512,13.464179381275471,13.429728733557734
4709881-1-2,13.77225507104758,13.957132398115178,13.983875574941553
4709883-1-1,12.429216196844385,13.202560270831285,13.167171596057546
4709883-1-2,13.769338535344216,13.970901445111272,13.990829062541914
4709884-1-1,13.815510557964274,13.392711538361628,13.298585828053984
4709885-1-1,14.73180128983843,14.446041136230782,14.515513932558006
4709886-1-1,13.815510557964274,14.032265413417672,14.028457396697844
4709887-1-1,14.914122846632385,13.590092294903666,13.626476771588672
4709890-1-1,13.815510557964274,14.109778396254214,14.114244101853938
4709890-1-2,13.747827364189224,13.85424502010928,13.835307786262808
4709892-1-1,14.61151516155791,15.994696738666077,15.995546683611114
4709892-1-2,13.610943392223,13.78107272085193,13.808509433058262
4709893-1-1,13.592367006650065,14.806653548686336,14.812510966401398
4709893-1-2,15.330637790927131,15.447121623034223,15.388357676539476
4709894-1-1,14.28551418721001,14.430456412587116,14.447051862830772
4709894-1-2,12.89921982609012,14.091792909269232,14.043865945758702
4709895-1-1,14.44144898883077,13.791233823725948,13.796712900387778
4709895-1-2,13.675619557261449,13.738059162202429,13.749237000678349
4709896-1-1,14.082258277960475,13.942154040574886,13.917731424701936
4709896-1-4,14.33917994632619,14.150438492317136,14.07417635545523
4709897-1-2,14.151982794585487,15.07172294636364,15.083560360788262
4709897-1-3,15.58195221920804,15.221491992467874,15.231585724358082
4709897-1-4,15.345183465828429,15.39512536193954,15.38939543004859
4709899-1-1,16.012735135300492,15.570504434477126,15.56180073725222
4709899-1-2,13.815510557964274,14.44565454072398,14.44848813341452
4709900-1-1,14.469050305604489,14.438728594282441,14.44816586066414
4709900-1-2,13.778178819574253,13.81999078013374,13.764066083736857
4709900-1-3,13.458835614025542,12.418125380326583,12.355767445721053
4709901-1-3,13.675619557261449,13.39684947291742,13.374843723310997
4709902-1-1,14.50865773852422,13.639911810800632,13.666839304333365
4709902-1-2,15.28184766521924,15.183775374590239,15.178063776249674
4709902-1-5,14.22097566607244,14.814030910030214,14.914392684221902
4709903-1-1,15.319587954740548,15.098580001015673,15.094473770138709
4709903-1-2,14.50865773852422,15.157128697199465,15.263455898126653
4709904-1-3,14.978661367769956,14.678746765601934,14.724893112822944
4709905-1-2,13.592367006650065,13.897697251365788,13.91622567700524
4709906-1-1,13.56864023998032,13.475660633644756,13.503030753379546
4709906-1-3,13.458835614025542,13.498957002574663,13.507482383237745
4709909-1-1,14.50865773852422,14.542682523165226,14.502955343446104
4709910-1-1,15.38412647587812,15.846159415479772,15.784609726187197
4709910-1-2,16.201210588343674,15.977027112586926,16.040286996412593
4709913-1-1,14.077874822431763,13.479911868091422,13.50288589871014
4709913-1-2,13.815510557964274,13.780719764834412,13.832220572396519
4709913-1-3,11.002099841204238,12.164202621513635,12.24343752018677
4709914-1-1,16.90655301132259,15.676521872366079,15.617269701420055
4709914-1-2,15.974994845779184,16.243733452006385,16.24379562817947
4709914-1-5,13.645602039642446,13.543792100089709,13.615727284734733
4709915-1-1,12.206072645530174,11.85716786367766,11.782434821398953
4709917-1-3,14.077874822431763,13.869794818319486,13.87924190993913
4709917-1-4,15.600301385848264,14.591667702800777,14.640247271096383
4709918-1-1,13.815510557964274,14.329900361620464,14.358567581326565
4709919-1-2,13.815510557964274,13.351228400300268,13.338113141556947
4709919-1-3,14.213085285397622,14.031152164684771,14.019573273584896
4709920-1-1,13.353475098367715,13.63118282108896,13.642562309775139
4709920-1-2,13.592367006650065,13.39394454655124,13.405382081356356
4709922-1-1,13.122363377404328,13.587039747024404,13.609179421343272
4709922-1-2,13.997832114758229,13.463845392465567,13.54401948740031
4709922-1-3,13.997832114758229,13.524792284745487,13.502930786987253
4709922-1-5,13.815510557964274,12.718201783034694,12.523342007788639
4709923-1-2,14.63382080794881,14.520656552358922,14.534748517788373
4709924-1-2,12.89921982609012,13.172996575859756,13.147081218255886
4709925-1-1,13.997832114758229,13.503810180595167,13.48767362496013
4709925-1-3,13.7421273711671,13.604004331135442,13.590886658203358
4709927-1-1,14.22097566607244,14.66315670520666,14.664985528505607
4709927-1-2,13.893620938356923,14.876864762218807,14.926678214287291
4709927-1-4,13.304684934198283,13.468647299125042,13.449017431865405
4709928-1-1,12.611537753638338,13.850788457511173,13.824450490028546
4709928-1-3,14.641146885073947,14.13152891462309,14.156767532798737
4709929-1-1,13.304684934198283,13.283023572306242,13.264713139292658
4709930-1-1,16.11809565095832,15.478540000945078,15.299697355581188
4709931-1-1,14.99416555430592,16.20407030848127,16.148960427939283
4709931-1-2,16.70588231586044,15.791153648406956,15.78211118959925
4709932-1-1,14.151982794585487,13.694130910619833,13.754900307358175
4709933-1-1,14.22097566607244,13.35458260281377,13.337128596300722
4709933-1-3,14.2781187834991,13.896199342338688,13.89309120250628
4709934-1-1,13.592367006650065,13.548340645995598,13.534002947495402
4709934-1-2,13.710150042306449,13.513899468140494,13.49886533450892
4709935-1-1,13.487006490992238,13.5319558094843,13.532510963794627
4709935-1-2,12.611537753638338,13.362277282789949,13.402917727734362
4709935-1-3,14.22097566607244,13.598140531674522,13.61396301862873
4709936-1-1,13.710653249010049,13.892497986870733,13.895928689749775
4709937-1-2,13.848300360625974,13.771601273224114,13.75552689741764
4709938-1-1,13.997832114758229,13.943947063039406,13.937025817706505
4709938-1-2,14.50865773852422,14.662141823305396,14.654676008246245
4709939-1-1,16.246928522801287,16.776687549022295,16.780939003963784
4709939-1-2,15.78262291467019,15.173214850871217,15.070617123973479
4709940-1-1,14.088840155893404,14.277463062802997,14.302577103437866
4709940-1-2,14.101441097377249,14.023196163512841,14.015198802013005
4709940-1-4,13.739349219480724,14.378192815317655,14.454649973114021
4709941-1-2,13.972046676084227,13.94843336535981,13.916124460413657
4709942-1-1,11.512925464970229,13.223078946444446,13.224242529766197
4709942-2-1,14.232025557204077,14.567752103765104,14.58875541430336
4709942-2-2,14.428826544938335,14.161288059022441,14.186984183123691
4709942-3-1,13.997832114758229,13.770887915862135,13.781652754792654
4709943-1-1,14.873416557223589,14.817613655726342,14.840722746624884
4709944-1-1,13.592367006650065,13.50689231964749,13.528606349812119
4709945-1-1,14.22097566607244,13.24450004170847,13.26048524873885
4709945-1-2,14.99416555430592,14.382283196797353,14.400833114913393
4709945-1-3,13.648682947653857,13.679931747723828,13.654776439973213
4709946-1-4,13.774629186681254,13.961430036687466,13.999688360707864
4709947-1-1,12.89921982609012,13.472390221996932,13.48806297871973
4709950-1-1,14.403297222866392,13.721836911908953,13.764090381903543
4709953-1-1,12.89921982609012,13.155376810738291,13.170210939760706
4709953-1-2,13.997832114758229,14.435052553605855,14.403949853295234
4709954-1-1,13.997832114758229,13.65483877021625,13.674177571043622
4709954-1-2,12.89921982609012,11.95468206414334,11.97158288726655
4709955-1-1,13.747827364189224,14.385703822861734,14.383415426229428
4709955-1-2,13.56864023998032,13.595298339296383,13.596703735449
4709956-1-1,14.22097566607244,16.278978710996082,16.59006532063708
4709956-1-2,13.592367006650065,14.170076640608332,14.175087543652214
4709957-1-1,13.458835614025542,13.444758785498491,13.402753126458094
4709958-1-1,13.748563471894874,13.707798395097958,13.803825232882744
4709959-1-1,13.710150042306449,13.25170804217302,13.261101655026295
4709960-1-1,13.675619557261449,13.690380142054172,13.633587871432962
4709961-1-1,13.815510557964274,13.761871620114883,13.7359299581149
4709962-1-1,13.997832114758229,13.757826698996887,13.765370192476054
